,,CANDICE SPLIT,,,,,LVL CAP : 56,,,,,,,,,,,,,,,,,,,,,,,,,,,,,,,,,,,,,,,,,,
,,,,,,,,,,,,,,,,,,,,,,,,,,,,,,,,,,,,,,,,,,,,,,,,,
,,,,,,,,,,,,,,,,,,,,,,,,,,,,,,,,,,,,,,,,,,,,,,,,,
,,,,#000 Pokemon,,,,,Lv.00,,Icon,#000 Pokemon,,,,,Lv.00,,Icon,#000 Pokemon,,,,,Lv.00,,Icon,#000 Pokemon,,,,,Lv.00,,Icon,#000 Pokemon,,,,,Lv.00,,Icon,#000 Pokemon,,,,,Lv.00
,,,,,TYPE I,,,TYPE II,,,,,TYPE I,,,TYPE II,,,,,NEW I,,,TYPE II,,,,,TYPE I,,,NEW II,,,,,TYPE I,,,TYPE II,,,,,TYPE I,,,TYPE II,
,,MandatoryOptional,HP,Atk,Def,SpA,SpD,Spe,Total,,HP,Atk,Def,SpA,SpD,Spe,Total,,HP,Atk,Def,SpA,SpD,Spe,Total,,HP,Atk,Def,SpA,SpD,Spe,Total,,HP,Atk,Def,SpA,SpD,Spe,Total,,HP,Atk,Def,SpA,SpD,Spe,Total
,,Conditions,Stats,,,,,,,,Stats,,,,,,,,Stats,,,,,,,,Stats,,,,,,,,Increased Stats᠎,,,,,,,,Decreased Stats᠋,,,,,,
,,Situated,Icon,Held Item,,,Ability I,,,,Icon,Held Item,,,Ability I,,,,Icon,Held Item,,,Ability I,,,,Icon,Held Item,,,Ability I,,,,Icon,Held Item,,,Switched Ability឵,,,,Icon,Held Item,,,New Ability (!),,
,,Use,"Nature (+Stat, -Stat)",,,,,,00 IV,,"Nature (+Stat, -Stat)",,,,,,00 IV,,"Nature (+Stat, -Stat)",,,,,,00 IV,,"Nature (+Stat, -Stat)",,,,,,00 IV,,"Nature (+Stat, -Stat)",,,,,,00 IV,,"Nature (+Stat, -Stat)",,,,,,00 IV
,,Move,New Attack 1 (!),,,Type,Pow,Acc,PP,,Attack 1,,,NEW,Pow,Acc,PP,,Attack 1,,,Type,Pow,Acc,PP,,Attack 1,,,Type,Pow,Acc,PP,,Attack 1,,,Type,Increased Stats᠎,,,,Attack 1,,,Type,Decreased Stats᠋,,
,,Info,New Attack 2 (!),,,Type,Pow,Acc,PP,,Attack 2,,,NEW,Pow,Acc,PP,,Attack 2,,,Type,Pow,Acc,PP,,Attack 2,,,Type,Pow,Acc,PP,,Attack 2,,,Type,Increased Stats᠎,,,,Attack 2,,,Type,Decreased Stats᠋,,
,,Gifts,New Attack 3 (!),,,Type,Pow,Acc,PP,,Attack 3,,,NEW,Pow,Acc,PP,,Attack 3,,,Type,Pow,Acc,PP,,Attack 3,,,Type,Pow,Acc,PP,,Attack 3,,,Type,Increased Stats᠎,,,,Attack 3,,,Type,Decreased Stats᠋,,
,,Spinning,New Attack 4 (!),,,Type,Pow,Acc,PP,,Attack 4,,,NEW,Pow,Acc,PP,,Attack 4,,,Type,Pow,Acc,PP,,Attack 4,,,Type,Pow,Acc,PP,,Attack 4,,,Type,Increased Stats᠎,,,,Attack 4,,,Type,Decreased Stats᠋,,
,,,,,,,,,,,,,,,,,,,,,,,,,,,,,,,,,,,,,,,,,,,,,,,,,
,,,,,,,,,,,,,,,,,,,,,,,,,,,,,,,,,,,,,,,,,,,,,,,,,
,,LAKE VALOR,,,,,,,,,,,,,,,,,,,,,,,,,,,,,,,,,,,,,,,,,,,,,,,
,,,,,,,,,,,,,,,,,,,,,,,,,,,,,,,,,,,,,,,,,,,,,,,,,
,,,,,,,,,,,,,,,,,,,,,,,,,,,,,,,,,,,,,,,,,,,,,,,,,
,,,,#432 Purugly,,,,,Lv.50,,,,,,,,,,,,,,,,,,,,,,,,,,,,,,,,,,,,,,,,
,,,,,NORMAL,,,,,,,,,,,,,,,,,,,,,,,,,,,,,,,,,,,,,,,,,,,,
,,GALACTIC GRUNT [425],HP,Atk,Def,SpA,SpD,Spe,Total,,,,,,,,,,,,,,,,,,,,,,,,,,,,,,,,,,,,,,,,
,,,90᠎,95᠎,70᠎,65᠎,60᠎,115᠎,495᠎,,,,,,,,,,,,,,,,,,,,,,,,,,,,,,,,,,,,,,,,
,,,,No Item,,,Thick Fat,,,,,,,,,,,,,,,,,,,,,,,,,,,,,,,,,,,,,,,,,,
,,,Docile (Neutral),,,,,,12 IV,,,,,,,,,,,,,,,,,,,,,,,,,,,,,,,,,,,,,,,,
,,,Wake-Up Slap,,,,70᠎,100%,10PP,,,,,,,,,,,,,,,,,,,,,,,,,,,,,,,,,,,,,,,,
,,,Play Rough (!),,,,90,90%,10PP,,,,,,,,,,,,,,,,,,,,,,,,,,,,,,,,,,,,,,,,
,,,Attract,,,,--,100%,15PP,,,,,,,,,,,,,,,,,,,,,,,,,,,,,,,,,,,,,,,,
,,(LOOKS RIGHT AND DOWN),Body Slam,,,,85,100%,15PP,,,,,,,,,,,,,,,,,,,,,,,,,,,,,,,,,,,,,,,,
,,,,,,,,,,,,,,,,,,,,,,,,,,,,,,,,,,,,,,,,,,,,,,,,,
,,,,,,,,,,,,,,,,,,,,,,,,,,,,,,,,,,,,,,,,,,,,,,,,,
,,,,,,,,,,,,,,,,,,,,,,,,,,,,,,,,,,,,,,,,,,,,,,,,,
,,,,#435 Skuntank,,,,,Lv.50,,,,,,,,,,,,,,,,,,,,,,,,,,,,,,,,,,,,,,,,
,,,,,POISON,,,DARK,,,,,,,,,,,,,,,,,,,,,,,,,,,,,,,,,,,,,,,,,
,,GALACTIC GRUNT [417],HP,Atk,Def,SpA,SpD,Spe,Total,,,,,,,,,,,,,,,,,,,,,,,,,,,,,,,,,,,,,,,,
,,,115᠎,95᠎,70᠎,70᠋,60᠋,85᠎,495᠎,,,,,,,,,,,,,,,,,,,,,,,,,,,,,,,,,,,,,,,,
,,,,No Item,,,Aftermath឵ ឵,,,,,,,,,,,,,,,,,,,,,,,,,,,,,,,,,,,,,,,,,,
,,,"Lonely (+Atk, -Def)",,,,,,12 IV,,,,,,,,,,,,,,,,,,,,,,,,,,,,,,,,,,,,,,,,
,,,Memento,,,,--,100%,10PP,,,,,,,,,,,,,,,,,,,,,,,,,,,,,,,,,,,,,,,,
,,,Crunch,,,,80,100%,15PP,,,,,,,,,,,,,,,,,,,,,,,,,,,,,,,,,,,,,,,,
,,,Sludge Bomb,,,,90,100%,10PP,,,,,,,,,,,,,,,,,,,,,,,,,,,,,,,,,,,,,,,,
,,(LOOKS UP AND RIGHT),Play Rough (!),,,,90,90%,10PP,,,,,,,,,,,,,,,,,,,,,,,,,,,,,,,,,,,,,,,,
,,,,,,,,,,,,,,,,,,,,,,,,,,,,,,,,,,,,,,,,,,,,,,,,,
,,,,,,,,,,,,,,,,,,,,,,,,,,,,,,,,,,,,,,,,,,,,,,,,,
,,,,,,,,,,,,,,,,,,,,,,,,,,,,,,,,,,,,,,,,,,,,,,,,,
,,,,#229 Houndoom,,,,,Lv.50,,,,,,,,,,,,,,,,,,,,,,,,,,,,,,,,,,,,,,,,
,,,,,DARK,,,FIRE,,,,,,,,,,,,,,,,,,,,,,,,,,,,,,,,,,,,,,,,,
,,GALACTIC GRUNT [418],HP,Atk,Def,SpA,SpD,Spe,Total,,,,,,,,,,,,,,,,,,,,,,,,,,,,,,,,,,,,,,,,
,,,75,90,50,110,80,95,500,,,,,,,,,,,,,,,,,,,,,,,,,,,,,,,,,,,,,,,,
,,,,No Item,,,Intimidate (!),,,,,,,,,,,,,,,,,,,,,,,,,,,,,,,,,,,,,,,,,,
,,,"Relaxed (+Def, -Spe)",,,,,,12 IV,,,,,,,,,,,,,,,,,,,,,,,,,,,,,,,,,,,,,,,,
,,,Flamethrower,,,,90᠋,100%,15PP,,,,,,,,,,,,,,,,,,,,,,,,,,,,,,,,,,,,,,,,
,,,Dark Pulse,,,,80,100%,15PP,,,,,,,,,,,,,,,,,,,,,,,,,,,,,,,,,,,,,,,,
,,,Embargo,,,,--,100%,15PP,,,,,,,,,,,,,,,,,,,,,,,,,,,,,,,,,,,,,,,,
,,(LOOKS UP),Nasty Plot,,,,--,--,20PP,,,,,,,,,,,,,,,,,,,,,,,,,,,,,,,,,,,,,,,,
,,,,,,,,,,,,,,,,,,,,,,,,,,,,,,,,,,,,,,,,,,,,,,,,,
,,,,,,,,,,,,,,,,,,,,,,,,,,,,,,,,,,,,,,,,,,,,,,,,,
,,,,,,,,,,,,,,,,,,,,,,,,,,,,,,,,,,,,,,,,,,,,,,,,,
,,,,#065 Alakazam,,,,,Lv.52,,,#224 Octillery,,,,,Lv.52,,,#437 Bronzong,,,,,Lv.52,,,#112 Rhydon,,,,,Lv.52,,,#454 Toxicroak,,,,,Lv.53,,,,,,,,
,,,,,PSYCHIC,,,,,,,,WATER,,,,,,,,STEEL,,,PSYCHIC,,,,,GROUND,,,ROCK,,,,,POISON,,,FIGHTING,,,,,,,,,
,,COMMANDER SATURN [408],HP,Atk,Def,SpA,SpD,Spe,Total,,HP,Atk,Def,SpA,SpD,Spe,Total,,HP,Atk,Def,SpA,SpD,Spe,Total,,HP,Atk,Def,SpA,SpD,Spe,Total,,HP,Atk,Def,SpA,SpD,Spe,Total,,,,,,,,
,,,55,50,45,135,95᠎,120,500᠎,,75,105,75,105,75,45,480,,67,89,116,79,116,33,500,,105,130,120,45,45,40,485,,83,106,65,86,65,85,490,,,,,,,,
,,Standing in the middle of the cave,,Wise Glasses,,,Magic Guard (!),,,,,Expert Belt,,,Suction Cups,,,,,Bright Powder,,,Levitate,,,,,Muscle Band,,,Rock Head឵ ឵,,,,,Life Orb,,,Dry Skin឵ ឵,,,,,,,,,,
,,,"Impish (+Def, -SpA)",,,,,,31 IV,,"Brave (+Atk, -Spe)",,,,,,31 IV,,"Mild (+SpA, -Def)",,,,,,31 IV,,"Rash (+SpA, -SpD)",,,,,,31 IV,,"Hasty (+Spe, -Def)",,,,,,31 IV,,,,,,,,
,,,Psychic,,,,90,100%,10PP,,Hydro Pump,,,,110᠋,80%,5PP,,Iron Head,,,,80,100%,15PP,,Stone Edge,,,,100,80%,5PP,,Gunk Shot,,,,120,80%᠎,5PP,,,,,,,,
,,,Calm Mind,,,,--,--,20PP,,Seed Bomb,,,,80,100%,15PP,,Zen Headbutt,,,,80,90%,15PP,,Hammer Arm,,,,100,90%,10PP,,Cross Chop,,,,100,80%,5PP,,,,,,,,
,,,Recover,,,,--,--,10PP,,Flamethrower,,,,90᠋,100%,15PP,,Shadow Ball,,,,80,100%,15PP,,Earthquake,,,,100,100%,10PP,,Fake Out,,,,40,100%,10PP,,,,,,,,
,,,Focus Blast,,,,120,70%,5PP,,Flash Cannon,,,,80,100%,10PP,,Explosion,,,,250,100%,5PP,,Megahorn,,,,120,85%,10PP,,Sucker Punch,,,,70᠋,100%,5PP,,,,,,,,
,,,,,,,,,,,,,,,,,,,,,,,,,,,,,,,,,,,,,,,,,,,,,,,,,
,,,,,,,,,,,,,,,,,,,,,,,,,,,,,,,,,,,,,,,,,,,,,,,,,
,,LAKE VERITY,,,,,,,,,,,,,,,,,,,,,,,,,,,,,,,,,,,,,,,,,,,,,,,
,,,,,,,,,,,,,,,,,,,,,,,,,,,,,,,,,,,,,,,,,,,,,,,,,
,,,,,,,,,,,,,,,,,,,,,,,,,,,,,,,,,,,,,,,,,,,,,,,,,
,,,,#267 Beautifly,,,,,Lv.50,,,#012 Butterfree,,,,,Lv.50,,,,,,,,,,,,,,,,,,,,,,,,,,,,,,,,
,,,,,BUG,,,FLYING,,,,,BUG,,,FLYING,,,,,,,,,,,,,,,,,,,,,,,,,,,,,,,,,
,,GALACTIC GRUNT [426],HP,Atk,Def,SpA,SpD,Spe,Total,,HP,Atk,Def,SpA,SpD,Spe,Total,,,,,,,,,,,,,,,,,,,,,,,,,,,,,,,,
,,,60,70,60᠎,125᠎,60᠎,75᠎,450᠎,,60,45,45᠋,110᠎,100᠎,90᠎,450᠎,,,,,,,,,,,,,,,,,,,,,,,,,,,,,,,,
,,Has to be fought in a double battle with Galactic Grunt [419],,No Item,,,Swarm,,,,,No Item,,,Tinted Lens (!),,,,,,,,,,,,,,,,,,,,,,,,,,,,,,,,,,
,,,Quirky (Neutral),,,,,,12 IV,,"Lax (+Def, -SpD)",,,,,,12 IV,,,,,,,,,,,,,,,,,,,,,,,,,,,,,,,,
,,Her team is on the left of the double battle,Air Slash,,,,75,95%,15PP᠋,,Whirlwind,,,,--,100%,20PP,,,,,,,,,,,,,,,,,,,,,,,,,,,,,,,,
,,,Rage,,,,20,100%,20PP,,Tailwind,,,,--,--,15PP᠋,,,,,,,,,,,,,,,,,,,,,,,,,,,,,,,,
,,,Whirlwind,,,,--,100%,20PP,,Teleport,,,,--,--,20PP,,,,,,,,,,,,,,,,,,,,,,,,,,,,,,,,
,,,Hurricane (!),,,,110,70%,10PP,,Hurricane (!),,,,110,70%,10PP,,,,,,,,,,,,,,,,,,,,,,,,,,,,,,,,
,,,,,,,,,,,,,,,,,,,,,,,,,,,,,,,,,,,,,,,,,,,,,,,,,
,,,,,,,,,,,,,,,,,,,,,,,,,,,,,,,,,,,,,,,,,,,,,,,,,
,,,,#269 Dustox,,,,,Lv.50,,,#015 Beedrill,,,,,Lv.50,,,,,,,,,,,,,,,,,,,,,,,,,,,,,,,,
,,,,,BUG,,,POISON,,,,,BUG,,,POISON,,,,,,,,,,,,,,,,,,,,,,,,,,,,,,,,,
,,GALACTIC GRUNT [419],HP,Atk,Def,SpA,SpD,Spe,Total,,HP,Atk,Def,SpA,SpD,Spe,Total,,,,,,,,,,,,,,,,,,,,,,,,,,,,,,,,
,,,60,50,75᠎,75᠎,115᠎,75᠎,450᠎,,65,115᠎,40,40᠋,95᠎,95᠎,450᠎,,,,,,,,,,,,,,,,,,,,,,,,,,,,,,,,
,,Has to be fought in a double battle with Galactic Grunt [426],,No Item,,,Shield Dust,,,,,No Item,,,Adaptability (!),,,,,,,,,,,,,,,,,,,,,,,,,,,,,,,,,,
,,,"Lax (+Def, -SpD)",,,,,,12 IV,,"Jolly (+Spe, -SpA)",,,,,,12 IV,,,,,,,,,,,,,,,,,,,,,,,,,,,,,,,,
,,His team is on the right of the double battle,Tailwind,,,,--,--,15PP᠋,,Agility,,,,--,--,30PP,,,,,,,,,,,,,,,,,,,,,,,,,,,,,,,,
,,,Protect,,,,--,--,10PP,,Endeavor,,,,--,100%,5PP,,,,,,,,,,,,,,,,,,,,,,,,,,,,,,,,
,,,Whirlwind,,,,--,100%,20PP,,Outrage,,,,120,100%,10PP᠋,,,,,,,,,,,,,,,,,,,,,,,,,,,,,,,,
,,,Hurricane (!),,,,110,70%,10PP,,Megahorn,,,,120,85%,10PP,,,,,,,,,,,,,,,,,,,,,,,,,,,,,,,,
,,,,,,,,,,,,,,,,,,,,,,,,,,,,,,,,,,,,,,,,,,,,,,,,,
,,,,,,,,,,,,,,,,,,,,,,,,,,,,,,,,,,,,,,,,,,,,,,,,,
,,,,,,,,,,,,,,,,,,,,,,,,,,,,,,,,,,,,,,,,,,,,,,,,,
,,,,#030 Nidorina,,,,,Lv.49,,,#042 Golbat,,,,,Lv.49,,,#414 Mothim,,,,,Lv.49,,,,,,,,,,,,,,,,,,,,,,,,
,,,,,POISON,,,,,,,,POISON,,,FLYING,,,,,BUG,,,FLYING,,,,,,,,,,,,,,,,,,,,,,,,,
,,GALACTIC GRUNT [427],HP,Atk,Def,SpA,SpD,Spe,Total,,HP,Atk,Def,SpA,SpD,Spe,Total,,HP,Atk,Def,SpA,SpD,Spe,Total,,,,,,,,,,,,,,,,,,,,,,,,
,,,70,62,67,55,55,56,365,,75,80,70,65,75,90,455,,70,70᠋,50,110᠎,50,100᠎,450᠎,,,,,,,,,,,,,,,,,,,,,,,,
,,Can be fought in a double battle with Galactic Grunt [420] or alone,,No Item,,,Poison Point,,,,,No Item,,,Inner Focus,,,,,No Item,,,Tinted Lens (!),,,,,,,,,,,,,,,,,,,,,,,,,,
,,,"Impish (+Def, -SpA)",,,,,,12 IV,,"Bold (+Def, -Atk)",,,,,,12 IV,,Bashful (Neutral),,,,,,12 IV,,,,,,,,,,,,,,,,,,,,,,,,
,,When fought in a double battle her team is on the left of the double battle,Crunch,,,,80,100%,15PP,,Air Slash,,,,75,95%,15PP᠋,,Air Slash,,,,75,95%,15PP᠋,,,,,,,,,,,,,,,,,,,,,,,,
,,,Poison Tail,,,,90᠎,100%,15PP᠋,,Haze,,,,--,--,30PP,,Psychic,,,,90,100%,10PP,,,,,,,,,,,,,,,,,,,,,,,,
,,,Captivate,,,,--,100%,20PP,,Zen Headbutt,,,,80,90%,15PP,,Flail,,,,--,100%,15PP,,,,,,,,,,,,,,,,,,,,,,,,
,,(LOOKS RIGHT),Super Fang,,,,--,90%,10PP,,Nasty Plot,,,,--,--,20PP,,Camouflage,,,,--,--,20PP,,,,,,,,,,,,,,,,,,,,,,,,
,,,,,,,,,,,,,,,,,,,,,,,,,,,,,,,,,,,,,,,,,,,,,,,,,
,,,,,,,,,,,,,,,,,,,,,,,,,,,,,,,,,,,,,,,,,,,,,,,,,
,,,,#033 Nidorino,,,,,Lv.49,,,#042 Golbat,,,,,Lv.49,,,#413 Wormadam (P),,,,,Lv.49,,,,,,,,,,,,,,,,,,,,,,,,
,,,,,POISON,,,,,,,,POISON,,,FLYING,,,,,BUG,,,GRASS,,,,,,,,,,,,,,,,,,,,,,,,,
,,GALACTIC GRUNT [420],HP,Atk,Def,SpA,SpD,Spe,Total,,HP,Atk,Def,SpA,SpD,Spe,Total,,HP,Atk,Def,SpA,SpD,Spe,Total,,,,,,,,,,,,,,,,,,,,,,,,
,,,61,72,57,55,55,65,365,,75,80,70,65,75,90,455,,60,50᠋,90᠎,110᠎,110᠎,30᠋,450᠎,,,,,,,,,,,,,,,,,,,,,,,,
,,Can be fought in a double battle with Galactic Grunt [427] or alone,,No Item,,,Poison Point,,,,,No Item,,,Inner Focus,,,,,No Item,,,Battle Armor (!),,,,,,,,,,,,,,,,,,,,,,,,,,
,,,"Quiet (+SpA, -Spe)",,,,,,12 IV,,"Impish (+Def, -SpA)",,,,,,12 IV,,Hardy (Neutral),,,,,,12 IV,,,,,,,,,,,,,,,,,,,,,,,,
,,When fought in a double battle his team is on the right of the double battle,Sucker Punch,,,,70᠋,100%,5PP,,Air Slash,,,,75,95%,15PP᠋,,Attract,,,,--,100%,15PP,,,,,,,,,,,,,,,,,,,,,,,,
,,,Poison Tail,,,,90᠎,100%,15PP᠋,,Haze,,,,--,--,30PP,,Psychic,,,,90,100%,10PP,,,,,,,,,,,,,,,,,,,,,,,,
,,,Captivate,,,,--,100%,20PP,,Zen Headbutt,,,,80,90%,15PP,,Flail,,,,--,100%,15PP,,,,,,,,,,,,,,,,,,,,,,,,
,,(LOOKS LEFT),Head Smash,,,,150,80%,5PP,,Nasty Plot,,,,--,--,20PP,,Captivate,,,,--,100%,20PP,,,,,,,,,,,,,,,,,,,,,,,,
,,,,,,,,,,,,,,,,,,,,,,,,,,,,,,,,,,,,,,,,,,,,,,,,,
,,,,,,,,,,,,,,,,,,,,,,,,,,,,,,,,,,,,,,,,,,,,,,,,,
,,,,,,,,,,,,,,,,,,,,,,,,,,,,,,,,,,,,,,,,,,,,,,,,,
,,,,#169 Crobat,,,,,Lv.52,,,#469 Yanmega,,,,,Lv.52,,,#437 Bronzong,,,,,Lv.52,,,#115 Kangaskhan,,,,,Lv.52,,,#432 Purugly,,,,,Lv.53,,,,,,,,
,,,,,POISON,,,FLYING,,,,,BUG,,,FLYING,,,,,STEEL,,,PSYCHIC,,,,,NORMAL,,,,,,,,NORMAL,,,,,,,,,,,,
,,COMMANDER MARS [405],HP,Atk,Def,SpA,SpD,Spe,Total,,HP,Atk,Def,SpA,SpD,Spe,Total,,HP,Atk,Def,SpA,SpD,Spe,Total,,HP,Atk,Def,SpA,SpD,Spe,Total,,HP,Atk,Def,SpA,SpD,Spe,Total,,,,,,,,
,,,85,90,80,70,80,130,535,,86,76,86,116,56,95,515,,67,89,116,79,116,33,500,,105,95,80,40,80,90,490,,90᠎,95᠎,70᠎,65᠎,60᠎,115᠎,495᠎,,,,,,,,
,,Fights starts when you talk to her,,Bright Powder,,,Inner Focus,,,,,Wise Glasses,,,Speed Boost,,,,,Leftovers,,,Levitate,,,,,Muscle Band,,,Scrappy឵ ឵,,,,,Sitrus Berry,,,Thick Fat,,,,,,,,,,
,,,"Modest (+SpA, -Atk)",,,,,,31 IV,,"Rash (+SpA, -SpD)",,,,,,31 IV,,"Naughty (+Atk, -SpD)",,,,,,31 IV,,"Impish (+Def, -SpA)",,,,,,31 IV,,"Lonely (+Atk, -Def)",,,,,,31 IV,,,,,,,,
,,,Brave Bird,,,,120,100%,15PP,,Bug Buzz,,,,90,100%,10PP,,Stealth Rock,,,,--,--,20PP,,Double-Edge,,,,120,100%,15PP,,Body Slam,,,,85,100%,15PP,,,,,,,,
,,,Hypnosis,,,,--,60%᠋,20PP,,Air Slash,,,,75,95%,15PP᠋,,Gyro Ball,,,,--,100%,5PP,,Hammer Arm,,,,100,90%,10PP,,Play Rough (!),,,,90,90%,10PP,,,,,,,,
,,,Double Team,,,,--,--,15PP,,Psychic,,,,90,100%,10PP,,Payback,,,,50,100%,10PP,,Crunch,,,,80,100%,15PP,,Hypnosis,,,,--,60%᠋,20PP,,,,,,,,
,,,Giga Drain,,,,75᠎,100%,10PP,,Detect,,,,--,--,5PP,,Explosion,,,,250,100%,5PP,,Fake Out,,,,40,100%,10PP,,Fake Out,,,,40,100%,10PP,,,,,,,,
,,,,,,,,,,,,,,,,,,,,,,,,,,,,,,,,,,,,,,,,,,,,,,,,,
,,,,,,,,,,,,,,,,,,,,,,,,,,,,,,,,,,,,,,,,,,,,,,,,,
,,ROUTE 217,,,,,,,,,,,,,,,,,,,,,,,,,,,,,,,,,,,,,,,,,,,,,,,
,,,,,,,,,,,,,,,,,,,,,,,,,,,,,,,,,,,,,,,,,,,,,,,,,
,,,,,,,,,,,,,,,,,,,,,,,,,,,,,,,,,,,,,,,,,,,,,,,,,
,,,,#467 Magmortar,,,,,Lv.52,,,#003 Venusaur,,,,,Lv.52,,,#230 Kingdra,,,,,Lv.52,,,,,,,,,,,,,,,,,,,,,,,,
,,,,,FIRE,,,,,,,,GRASS,,,POISON,,,,,WATER,,,DRAGON,,,,,,,,,,,,,,,,,,,,,,,,,
,,ACE TRAINER DALTON [140],HP,Atk,Def,SpA,SpD,Spe,Total,,HP,Atk,Def,SpA,SpD,Spe,Total,,HP,Atk,Def,SpA,SpD,Spe,Total,,,,,,,,,,,,,,,,,,,,,,,,
,,,75,95,67,125,95,83,540,,80,82,83,110᠎,100,80,535᠎,,75,95,95,95,95,85,540,,,,,,,,,,,,,,,,,,,,,,,,
,,,,No Item,,,Flame Body,,,,,No Item,,,Thick Fat (!),,,,,No Item,,,Swift Swim,,,,,,,,,,,,,,,,,,,,,,,,,,
,,,"Impish (+Def, -SpA)",,,,,,30 IV,,"Calm (+SpD, -Atk)",,,,,,30 IV,,"Mild (+SpA, -Def)",,,,,,30 IV,,,,,,,,,,,,,,,,,,,,,,,,
,,,Flamethrower,,,,90᠋,100%,15PP,,Petal Dance,,,,120᠎,100%,10PP᠋,,Muddy Water,,,,90᠋,85%,10PP,,,,,,,,,,,,,,,,,,,,,,,,
,,,Thunderbolt,,,,90᠋,100%,15PP,,Sludge Bomb,,,,90,100%,10PP,,Ice Beam,,,,90᠋,100%,10PP,,,,,,,,,,,,,,,,,,,,,,,,
,,,Psychic,,,,90,100%,10PP,,Earthquake,,,,100,100%,10PP,,Dragon Pulse,,,,85᠋,100%,10PP,,,,,,,,,,,,,,,,,,,,,,,,
,,(LOOKS LEFT),Focus Blast,,,,120,70%,5PP,,Sleep Powder,,,,--,75%,15PP,,Yawn,,,,--,--,10PP,,,,,,,,,,,,,,,,,,,,,,,,
,,,,,,,,,,,,,,,,,,,,,,,,,,,,,,,,,,,,,,,,,,,,,,,,,
,,,,,,,,,,,,,,,,,,,,,,,,,,,,,,,,,,,,,,,,,,,,,,,,,
,,,,,,,,,,,,,,,,,,,,,,,,,,,,,,,,,,,,,,,,,,,,,,,,,
,,,,#459 Snover,,,,,Lv.49,,,#459 Snover,,,,,Lv.49,,,#460 Abomasnow,,,,,Lv.52,,,,,,,,,,,,,,,,,,,,,,,,
,,,,,ICE,,,GRASS,,,,,ICE,,,GRASS,,,,,ICE,,,GRASS,,,,,,,,,,,,,,,,,,,,,,,,,
,,SKIER SHAWN [142],HP,Atk,Def,SpA,SpD,Spe,Total,,HP,Atk,Def,SpA,SpD,Spe,Total,,HP,Atk,Def,SpA,SpD,Spe,Total,,,,,,,,,,,,,,,,,,,,,,,,
,,,60,62,50,62,60,40,334,,60,62,50,62,60,40,334,,90,92,75,92,85,60,494,,,,,,,,,,,,,,,,,,,,,,,,
,,Skis on the right side of the route,,No Item,,,Snow Warning,,,,,No Item,,,Snow Warning,,,,,No Item,,,Snow Warning,,,,,,,,,,,,,,,,,,,,,,,,,,
,,,"Careful (+SpD, -SpA)",,,,,,12 IV,,"Careful (+SpD, -SpA)",,,,,,12 IV,,"Bold (+Def, -Atk)",,,,,,12 IV,,,,,,,,,,,,,,,,,,,,,,,,
,,,Mist,,,,--,--,30PP,,Mist,,,,--,--,30PP,,Mist,,,,--,--,30PP,,,,,,,,,,,,,,,,,,,,,,,,
,,,Icicle Crash (!),,,,85,90%,10PP,,Icicle Crash (!),,,,85,90%,10PP,,Icicle Crash (!),,,,85,90%,10PP,,,,,,,,,,,,,,,,,,,,,,,,
,,,Blizzard,,,,110᠋,70%,5PP,,Blizzard,,,,110᠋,70%,5PP,,Blizzard,,,,110᠋,70%,5PP,,,,,,,,,,,,,,,,,,,,,,,,
,,(SKIS IN A CIRCLE),Sheer Cold,,,,--,30%,5PP,,Sheer Cold,,,,--,30%,5PP,,Sheer Cold,,,,--,30%,5PP,,,,,,,,,,,,,,,,,,,,,,,,
,,,,,,,,,,,,,,,,,,,,,,,,,,,,,,,,,,,,,,,,,,,,,,,,,
,,,,,,,,,,,,,,,,,,,,,,,,,,,,,,,,,,,,,,,,,,,,,,,,,
,,,,,,,,,,,,,,,,,,,,,,,,,,,,,,,,,,,,,,,,,,,,,,,,,
,,,,#169 Crobat,,,,,Lv.51,,,,,,,,,,,,,,,,,,,,,,,,,,,,,,,,,,,,,,,,
,,,,,POISON,,,FLYING,,,,,,,,,,,,,,,,,,,,,,,,,,,,,,,,,,,,,,,,,
,,NINJA BOY MATTHEW [146],HP,Atk,Def,SpA,SpD,Spe,Total,,,,,,,,,,,,,,,,,,,,,,,,,,,,,,,,,,,,,,,,
,,,85,90,80,70,80,130,535,,,,,,,,,,,,,,,,,,,,,,,,,,,,,,,,,,,,,,,,
,,Ninja Boy hiding in the snow next to an Ultra Ball,,No Item,,,Inner Focus,,,,,,,,,,,,,,,,,,,,,,,,,,,,,,,,,,,,,,,,,,
,,,"Naughty (+Atk, -SpD)",,,,,,12 IV,,,,,,,,,,,,,,,,,,,,,,,,,,,,,,,,,,,,,,,,
,,He's to the left of Skier Shawn,Haze,,,,--,--,30PP,,,,,,,,,,,,,,,,,,,,,,,,,,,,,,,,,,,,,,,,
,,,Zen Headbutt,,,,80,90%,15PP,,,,,,,,,,,,,,,,,,,,,,,,,,,,,,,,,,,,,,,,
,,,Nasty Plot,,,,--,--,20PP,,,,,,,,,,,,,,,,,,,,,,,,,,,,,,,,,,,,,,,,
,,(HIDES IN THE SNOW),Brave Bird,,,,120,100%,15PP,,,,,,,,,,,,,,,,,,,,,,,,,,,,,,,,,,,,,,,,
,,,,,,,,,,,,,,,,,,,,,,,,,,,,,,,,,,,,,,,,,,,,,,,,,
,,,,,,,,,,,,,,,,,,,,,,,,,,,,,,,,,,,,,,,,,,,,,,,,,
,,,,,,,,,,,,,,,,,,,,,,,,,,,,,,,,,,,,,,,,,,,,,,,,,
,,,,#238 Smoochum,,,,,Lv.49,,,#361 Snorunt,,,,,Lv.49,,,#124 Jynx,,,,,Lv.52,,,,,,,,,,,,,,,,,,,,,,,,
,,,,,ICE,,,PSYCHIC,,,,,ICE,,,,,,,,ICE,,,PSYCHIC,,,,,,,,,,,,,,,,,,,,,,,,,
,,SKIER MADISON [145],HP,Atk,Def,SpA,SpD,Spe,Total,,HP,Atk,Def,SpA,SpD,Spe,Total,,HP,Atk,Def,SpA,SpD,Spe,Total,,,,,,,,,,,,,,,,,,,,,,,,
,,,45,30,15,95᠎,65,65,315᠎,,50,50,50,50,50,50,300,,75᠎,40᠋,35,125᠎,95,95,465᠎,,,,,,,,,,,,,,,,,,,,,,,,
,,Stands on the left side of the route,,No Item,,,Hydration (!),,,,,No Item,,,Inner Focus,,,,,No Item,,,Dry Skin (!),,,,,,,,,,,,,,,,,,,,,,,,,,
,,,"Quiet (+SpA, -Spe)",,,,,,12 IV,,"Hasty (+Spe, -Def)",,,,,,12 IV,,Serious (Neutral),,,,,,12 IV,,,,,,,,,,,,,,,,,,,,,,,,
,,There is a Nugget hidden in the corner above her,Perish Song,,,,--,--,5PP,,Switcheroo,,,,--,100%,10PP,,Perish Song,,,,--,--,5PP,,,,,,,,,,,,,,,,,,,,,,,,
,,,Blizzard,,,,110᠋,70%,5PP,,Hail,,,,--,--,10PP,,Blizzard,,,,110᠋,70%,5PP,,,,,,,,,,,,,,,,,,,,,,,,
,,,Nasty Plot,,,,--,--,20PP,,Blizzard,,,,110᠋,70%,5PP,,Nasty Plot,,,,--,--,20PP,,,,,,,,,,,,,,,,,,,,,,,,
,,(SPINS CLOCKWISE),Psycho Boost,,,,140,90%,5PP,,Destiny Bond,,,,--,--,5PP,,Psycho Boost,,,,140,90%,5PP,,,,,,,,,,,,,,,,,,,,,,,,
,,,,,,,,,,,,,,,,,,,,,,,,,,,,,,,,,,,,,,,,,,,,,,,,,
,,,,,,,,,,,,,,,,,,,,,,,,,,,,,,,,,,,,,,,,,,,,,,,,,
,,,,,,,,,,,,,,,,,,,,,,,,,,,,,,,,,,,,,,,,,,,,,,,,,
,,,,#452 Drapion,,,,,Lv.51,,,,,,,,,,,,,,,,,,,,,,,,,,,,,,,,,,,,,,,,
,,,,,POISON,,,DARK,,,,,,,,,,,,,,,,,,,,,,,,,,,,,,,,,,,,,,,,,
,,NINJA BOY ETHAN [147],HP,Atk,Def,SpA,SpD,Spe,Total,,,,,,,,,,,,,,,,,,,,,,,,,,,,,,,,,,,,,,,,
,,,70,90,110,60,75,95,500,,,,,,,,,,,,,,,,,,,,,,,,,,,,,,,,,,,,,,,,
,,Ninja Boy hiding in the snow on the left side of the route,,No Item,,,Sniper឵ ឵,,,,,,,,,,,,,,,,,,,,,,,,,,,,,,,,,,,,,,,,,,
,,,"Modest (+SpA, -Atk)",,,,,,12 IV,,,,,,,,,,,,,,,,,,,,,,,,,,,,,,,,,,,,,,,,
,,Above him there are TM07s Hail on the ground and a house where you can get healed,Night Slash,,,,70,100%,15PP,,,,,,,,,,,,,,,,,,,,,,,,,,,,,,,,,,,,,,,,
,,,Scary Face,,,,--,100%᠎,10PP,,,,,,,,,,,,,,,,,,,,,,,,,,,,,,,,,,,,,,,,
,,,Crunch,,,,80,100%,15PP,,,,,,,,,,,,,,,,,,,,,,,,,,,,,,,,,,,,,,,,
,,(HIDES IN THE SNOW),Cross Poison,,,,90᠎,100%,15PP᠋,,,,,,,,,,,,,,,,,,,,,,,,,,,,,,,,,,,,,,,,
,,,,,,,,,,,,,,,,,,,,,,,,,,,,,,,,,,,,,,,,,,,,,,,,,
,,,,,,,,,,,,,,,,,,,,,,,,,,,,,,,,,,,,,,,,,,,,,,,,,
,,,,,,,,,,,,,,,,,,,,,,,,,,,,,,,,,,,,,,,,,,,,,,,,,
,,,,#087 Dewgong,,,,,Lv.51,,,#471 Glaceon,,,,,Lv.51,,,,,,,,,,,,,,,,,,,,,,,,,,,,,,,,
,,,,,WATER,,,ICE,,,,,ICE,,,,,,,,,,,,,,,,,,,,,,,,,,,,,,,,,,,,
,,SKIER LEXIE [144],HP,Atk,Def,SpA,SpD,Spe,Total,,HP,Atk,Def,SpA,SpD,Spe,Total,,,,,,,,,,,,,,,,,,,,,,,,,,,,,,,,
,,,90,80᠎,80,80᠎,95,70,495᠎,,65,60,110,130,65᠋,95᠎,525,,,,,,,,,,,,,,,,,,,,,,,,,,,,,,,,
,,"Skis on the left side of the route, above Ninja Boy Ethan",,No Item,,,Thick Fat,,,,,No Item,,,Snow Cloak,,,,,,,,,,,,,,,,,,,,,,,,,,,,,,,,,,
,,,"Hasty (+Spe, -Def)",,,,,,12 IV,,"Mild (+SpA, -Def)",,,,,,12 IV,,,,,,,,,,,,,,,,,,,,,,,,,,,,,,,,
,,,Safeguard,,,,--,--,25PP,,Ice Beam,,,,90᠋,100%,10PP,,,,,,,,,,,,,,,,,,,,,,,,,,,,,,,,
,,,Dive,,,,80,100%,10PP,,Earth Power,,,,90,100%,10PP,,,,,,,,,,,,,,,,,,,,,,,,,,,,,,,,
,,,Hail,,,,--,--,10PP,,Last Resort,,,,140᠎,100%,5PP,,,,,,,,,,,,,,,,,,,,,,,,,,,,,,,,
,,(SKIS IN A CIRCLE),Megahorn,,,,120,85%,10PP,,Blizzard,,,,110᠋,70%,5PP,,,,,,,,,,,,,,,,,,,,,,,,,,,,,,,,
,,,,,,,,,,,,,,,,,,,,,,,,,,,,,,,,,,,,,,,,,,,,,,,,,
,,,,,,,,,,,,,,,,,,,,,,,,,,,,,,,,,,,,,,,,,,,,,,,,,
,,,,,,,,,,,,,,,,,,,,,,,,,,,,,,,,,,,,,,,,,,,,,,,,,
,,,,#220 Swinub,,,,,Lv.49,,,#220 Swinub,,,,,Lv.49,,,#221 Piloswine,,,,,Lv.52,,,,,,,,,,,,,,,,,,,,,,,,
,,,,,ICE,,,GROUND,,,,,ICE,,,GROUND,,,,,ICE,,,GROUND,,,,,,,,,,,,,,,,,,,,,,,,,
,,SKIER BJORN [143],HP,Atk,Def,SpA,SpD,Spe,Total,,HP,Atk,Def,SpA,SpD,Spe,Total,,HP,Atk,Def,SpA,SpD,Spe,Total,,,,,,,,,,,,,,,,,,,,,,,,
,,,50,50,40,30,30,50,250,,50,50,40,30,30,50,250,,100,100,80,60,60,50,450,,,,,,,,,,,,,,,,,,,,,,,,
,,Skis on the right side of the route. There is a house above him with a lady having a nightmare in it.,,No Item,,,Thick Fat (!),,,,,No Item,,,Thick Fat (!),,,,,No Item,,,Thick Fat (!),,,,,,,,,,,,,,,,,,,,,,,,,,
,,,"Brave (+Atk, -Spe)",,,,,,12 IV,,"Brave (+Atk, -Spe)",,,,,,12 IV,,"Lax (+Def, -SpD)",,,,,,12 IV,,,,,,,,,,,,,,,,,,,,,,,,
,,,Flail,,,,--,100%,15PP,,Flail,,,,--,100%,15PP,,Thrash,,,,120᠎,100%,10PP᠋,,,,,,,,,,,,,,,,,,,,,,,,
,,,Icicle Crash (!),,,,85,90%,10PP,,Icicle Crash (!),,,,85,90%,10PP,,Icicle Crash (!),,,,85,90%,10PP,,,,,,,,,,,,,,,,,,,,,,,,
,,,Amnesia,,,,--,--,20PP,,Amnesia,,,,--,--,20PP,,Amnesia,,,,--,--,20PP,,,,,,,,,,,,,,,,,,,,,,,,
,,(SKIS IN A CIRCLE WHILE SPINNING),Blizzard,,,,110᠋,70%,5PP,,Blizzard,,,,110᠋,70%,5PP,,Blizzard,,,,110᠋,70%,5PP,,,,,,,,,,,,,,,,,,,,,,,,
,,,,,,,,,,,,,,,,,,,,,,,,,,,,,,,,,,,,,,,,,,,,,,,,,
,,,,,,,,,,,,,,,,,,,,,,,,,,,,,,,,,,,,,,,,,,,,,,,,,
,,,,,,,,,,,,,,,,,,,,,,,,,,,,,,,,,,,,,,,,,,,,,,,,,
,,,,#068 Machamp,,,,,Lv.51,,,#454 Toxicroak,,,,,Lv.51,,,#448 Lucario,,,,,Lv.51,,,,,,,,,,,,,,,,,,,,,,,,
,,,,,FIGHTING,,,,,,,,POISON,,,FIGHTING,,,,,FIGHTING,,,STEEL,,,,,,,,,,,,,,,,,,,,,,,,,
,,BLACK BELT LUKE [148],HP,Atk,Def,SpA,SpD,Spe,Total,,HP,Atk,Def,SpA,SpD,Spe,Total,,HP,Atk,Def,SpA,SpD,Spe,Total,,,,,,,,,,,,,,,,,,,,,,,,
,,,90,130,80,65,85,55,505,,83,106,65,86,65,85,490,,70,110,70,115,70,90,525,,,,,,,,,,,,,,,,,,,,,,,,
,,,,No Item,,,Guts,,,,,No Item,,,Dry Skin឵ ឵,,,,,No Item,,,Adaptability (!),,,,,,,,,,,,,,,,,,,,,,,,,,
,,,Bashful (Neutral),,,,,,30 IV,,Docile (Neutral),,,,,,30 IV,,"Adamant (+Atk, -SpA)",,,,,,30 IV,,,,,,,,,,,,,,,,,,,,,,,,
,,,Bulk Up,,,,--,--,20PP,,Sucker Punch,,,,70᠋,100%,5PP,,Dragon Pulse,,,,85᠋,100%,10PP,,,,,,,,,,,,,,,,,,,,,,,,
,,,Cross Chop,,,,100,80%,5PP,,Cross Chop,,,,100,80%,5PP,,Blaze Kick,,,,90᠎,100%᠎,10PP,,,,,,,,,,,,,,,,,,,,,,,,
,,,Scary Face,,,,--,100%᠎,10PP,,Sludge Bomb,,,,90,100%,10PP,,Close Combat,,,,120,100%,5PP,,,,,,,,,,,,,,,,,,,,,,,,
,,(WALKS UP AND DOWN AND SPINS),Dynamic Punch,,,,100,50%,5PP,,Flatter,,,,--,100%,15PP,,Meteor Mash,,,,90᠋,90%᠎,10PP,,,,,,,,,,,,,,,,,,,,,,,,
,,,,,,,,,,,,,,,,,,,,,,,,,,,,,,,,,,,,,,,,,,,,,,,,,
,,,,,,,,,,,,,,,,,,,,,,,,,,,,,,,,,,,,,,,,,,,,,,,,,
,,,,,,,,,,,,,,,,,,,,,,,,,,,,,,,,,,,,,,,,,,,,,,,,,
,,,,#275 Shiftry,,,,,Lv.52,,,#334 Altaria,,,,,Lv.52,,,#242 Blissey,,,,,Lv.52,,,,,,,,,,,,,,,,,,,,,,,,
,,,,,GRASS,,,DARK,,,,,DRAGON,,,FAIRY឵ ឵,,,,,NORMAL,,,,,,,,,,,,,,,,,,,,,,,,,,,,
,,ACE TRAINER OLIVIA [141],HP,Atk,Def,SpA,SpD,Spe,Total,,HP,Atk,Def,SpA,SpD,Spe,Total,,HP,Atk,Def,SpA,SpD,Spe,Total,,,,,,,,,,,,,,,,,,,,,,,,
,,,90,100,60,90,60,80,480,,75,90᠎,90,90᠎,105,80,530᠎,,255,10,10,75,135,55,540,,,,,,,,,,,,,,,,,,,,,,,,
,,,,No Item,,,Chlorophyll,,,,,No Item,,,Cloud Nine (!),,,,,No Item,,,Serene Grace឵ ឵,,,,,,,,,,,,,,,,,,,,,,,,,,
,,,"Quiet (+SpA, -Spe)",,,,,,30 IV,,"Rash (+SpA, -SpD)",,,,,,30 IV,,"Modest (+SpA, -Atk)",,,,,,30 IV,,,,,,,,,,,,,,,,,,,,,,,,
,,,Leaf Blade,,,,90,100%,15PP,,Dragon Pulse,,,,85᠋,100%,10PP,,Hyper Voice,,,,90,100%,10PP,,,,,,,,,,,,,,,,,,,,,,,,
,,,Dark Pulse,,,,80,100%,15PP,,Moonblast (!),,,,95,100%,15PP,,Thunderbolt,,,,90᠋,100%,15PP,,,,,,,,,,,,,,,,,,,,,,,,
,,,Hurricane (!),,,,110,70%,10PP,,Flamethrower,,,,90᠋,100%,15PP,,Soft-Boiled,,,,--,--,10PP,,,,,,,,,,,,,,,,,,,,,,,,
,,(LOOKS LEFT),Fake Out,,,,40,100%,10PP,,Ice Beam,,,,90᠋,100%,10PP,,Flamethrower,,,,90᠋,100%,15PP,,,,,,,,,,,,,,,,,,,,,,,,
,,,,,,,,,,,,,,,,,,,,,,,,,,,,,,,,,,,,,,,,,,,,,,,,,
,,,,,,,,,,,,,,,,,,,,,,,,,,,,,,,,,,,,,,,,,,,,,,,,,
,,SNOWPOINT CITY - OUTSIDE SNOWPOINT TEMPLE,,,,,,,,,,,,,,,,,,,,,,,,,,,,,,,,,,,,,,,,,,,,,,,
,,,,,,,,,,,,,,,,,,,,,,,,,,,,,,,,,,,,,,,,,,,,,,,,,
,,,,,,,,,,,,,,,,,,,,,,,,,,,,,,,,,,,,,,,,,,,,,,,,,
,,,,#242 Blissey,,,,,Lv.54,,,#154 Meganium,,,,,Lv.54,,,#160 Feraligatr,,,,,Lv.54,,,,,,,,,,,,,,,,,,,,,,,,
,,,,,NORMAL,,,,,,,,GRASS,,,FAIRY឵ ឵,,,,,WATER,,,DARK឵ ឵,,,,,,,,,,,,,,,,,,,,,,,,,
,,ACE TRAINER NEPHENEE [937],HP,Atk,Def,SpA,SpD,Spe,Total,,HP,Atk,Def,SpA,SpD,Spe,Total,,HP,Atk,Def,SpA,SpD,Spe,Total,,,,,,,,,,,,,,,,,,,,,,,,
,,Has to be fought in a double battle with Ace Trainer Aran,255,10,10,75,135,55,540,,80,82,100,93᠎,100,80,535᠎,,85,110᠎,100,79,83,78,535᠎,,,,,,,,,,,,,,,,,,,,,,,,
,,,,No Item,,,Serene Grace឵ ឵,,,,,No Item,,,Serene Grace (!),,,,,No Item,,,Intimidate (!),,,,,,,,,,,,,,,,,,,,,,,,,,
,,Her team is on the left of the double battle,"Hasty (+Spe, -Def)",,,,,,31 IV,,"Mild (+SpA, -Def)",,,,,,31 IV,,"Rash (+SpA, -SpD)",,,,,,31 IV,,,,,,,,,,,,,,,,,,,,,,,,
,,,Light Screen,,,,--,--,30PP,,Petal Dance,,,,120᠎,100%,10PP᠋,,Aqua Tail,,,,90,90%,10PP,,,,,,,,,,,,,,,,,,,,,,,,
,,,Hyper Voice,,,,90,100%,10PP,,Earth Power,,,,90,100%,10PP,,Crunch,,,,80,100%,15PP,,,,,,,,,,,,,,,,,,,,,,,,
,,,Soft-Boiled,,,,--,--,10PP,,Grass Whistle,,,,--,55%,15PP,,Aqua Jet,,,,40,100%,20PP,,,,,,,,,,,,,,,,,,,,,,,,
,,,Dazzling Gleam (!),,,,80,100%,10PP,,Reflect,,,,--,--,20PP,,Agility,,,,--,--,30PP,,,,,,,,,,,,,,,,,,,,,,,,
,,,,,,,,,,,,,,,,,,,,,,,,,,,,,,,,,,,,,,,,,,,,,,,,,
,,,,,,,,,,,,,,,,,,,,,,,,,,,,,,,,,,,,,,,,,,,,,,,,,
,,,,#214 Heracross,,,,,Lv.54,,,#157 Typhlosion,,,,,Lv.54,,,#248 Tyranitar,,,,,Lv.54,,,,,,,,,,,,,,,,,,,,,,,,
,,,,,BUG,,,FIGHTING,,,,,FIRE,,,,,,,,ROCK,,,DARK,,,,,,,,,,,,,,,,,,,,,,,,,
,,ACE TRAINER ARAN [936],HP,Atk,Def,SpA,SpD,Spe,Total,,HP,Atk,Def,SpA,SpD,Spe,Total,,HP,Atk,Def,SpA,SpD,Spe,Total,,,,,,,,,,,,,,,,,,,,,,,,
,,Has to be fought in a double battle with Ace Trainer Nephenee,80,125,75,40,95,85,500,,78,79᠋,73᠋,124᠎,80᠋,101᠎,535᠎,,100,134,110,95,100,61,600,,,,,,,,,,,,,,,,,,,,,,,,
,,,,No Item,,,Guts ឵,,,,,No Item,,,Adaptability (!),,,,,No Item,,,Sand Stream,,,,,,,,,,,,,,,,,,,,,,,,,,
,,His team is on the right side of the double battle,"Rash (+SpA, -SpD)",,,,,,31 IV,,"Relaxed (+Def, -Spe)",,,,,,31 IV,,"Quiet (+SpA, -Spe)",,,,,,31 IV,,,,,,,,,,,,,,,,,,,,,,,,
,,,Megahorn,,,,120,85%,10PP,,Lava Plume,,,,80,100%,15PP,,Rock Slide,,,,75,90%,10PP,,,,,,,,,,,,,,,,,,,,,,,,
,,,Close Combat,,,,120,100%,5PP,,Earth Power,,,,90,100%,10PP,,Crunch,,,,80,100%,15PP,,,,,,,,,,,,,,,,,,,,,,,,
,,At the bottom of Snowpoint Temple Candice gives you the HM08 Rock Climb,Rock Slide,,,,75,90%,10PP,,Extrasensory,,,,80,100%,20PP᠋,,Fire Blast,,,,110᠋,85%,5PP,,,,,,,,,,,,,,,,,,,,,,,,
,,,Protect,,,,--,--,10PP,,Protect,,,,--,--,10PP,,Protect,,,,--,--,10PP,,,,,,,,,,,,,,,,,,,,,,,,
,,,,,,,,,,,,,,,,,,,,,,,,,,,,,,,,,,,,,,,,,,,,,,,,,
,,,,,,,,,,,,,,,,,,,,,,,,,,,,,,,,,,,,,,,,,,,,,,,,,
,,SNOWPOINT CITY GYM,,,,,,,,,,,,,,,,,,,,,,,,,,,,,,,,,,,,,,,,,,,,,,,
,,,,,,,,,,,,,,,,,,,,,,,,,,,,,,,,,,,,,,,,,,,,,,,,,
,,None of the fights in the Snowpoint City Gym are mandatory. If you follow these instructions you will get to Candice without having to fight a single trainer.,,,,,,,,,,,,,,,,,,,,,,,,,,,,,,,,,,,,,,,,,,,,,,,
,,,,,,,,,,,,,,,,,,,,,,,,,,,,,,,,,,,,,,,,,,,,,,,,,
,,,,,,,,,,,,,,,,,,,,,,,,,,,,,,,,,,,,,,,,,,,,,,,,,
,,,,,,,,,,,,,,,,,,,,,,,,,,,,,,,,,,,,,,,,,,,,,,,,,
,,,,,,,,,,,,,,,,,,,,,,,,,,,,,,,,,,,,,,,,,,,,,,,,,
,,,,,,,,,,,,,,,,,,,,,,,,,,,,,,,,,,,,,,,,,,,,,,,,,
,,,,,,,,,,,,,,,,,,,,,,,,,,,,,,,,,,,,,,,,,,,,,,,,,
,,The fights listed here are organized from closest to the door to furthest from the door.,,,,,,,,,,,,,,,,,,,,,,,,,,,,,,,,,,,,,,,,,,,,,,,
,,,,,,,,,,,,,,,,,,,,,,,,,,,,,,,,,,,,,,,,,,,,,,,,,
,,,,,,,,,,,,,,,,,,,,,,,,,,,,,,,,,,,,,,,,,,,,,,,,,
,,,,#087 Dewgong,,,,,Lv.53,,,#091 Cloyster,,,,,Lv.53,,,#131 Lapras,,,,,Lv.53,,,,,,,,,,,,,,,,,,,,,,,,
,,,,,WATER,,,ICE,,,,,WATER,,,ICE,,,,,WATER,,,ICE,,,,,,,,,,,,,,,,,,,,,,,,,
,,ACE TRAINER BRENNA [828],HP,Atk,Def,SpA,SpD,Spe,Total,,HP,Atk,Def,SpA,SpD,Spe,Total,,HP,Atk,Def,SpA,SpD,Spe,Total,,,,,,,,,,,,,,,,,,,,,,,,
,,,90,80᠎,80,80᠎,95,70,495᠎,,50,95,180,85,45,70,525,,130,85,80,85,95,60,535,,,,,,,,,,,,,,,,,,,,,,,,
,,She's standing on the second level. To the left of the pit.,,No Item,,,Thick Fat,,,,,No Item,,,Skill Link឵ ឵,,,,,No Item,,,Water Absorb,,,,,,,,,,,,,,,,,,,,,,,,,,
,,,"Lonely (+Atk, -Def)",,,,,,30 IV,,"Calm (+SpD, -Atk)",,,,,,30 IV,,"Hasty (+Spe, -Def)",,,,,,30 IV,,,,,,,,,,,,,,,,,,,,,,,,
,,,Aerial Ace,,,,60,--,20PP,,Hydro Pump,,,,110᠋,80%,5PP,,Sheer Cold,,,,--,30%,5PP,,,,,,,,,,,,,,,,,,,,,,,,
,,,X-Scissor,,,,80,100%,15PP,,Icicle Spear,,,,25᠎,100%,30PP,,Sing,,,,--,55%,15PP,,,,,,,,,,,,,,,,,,,,,,,,
,,,Baton Pass,,,,--,--,40PP,,Rock Blast,,,,25,90%᠎,10PP,,Surf,,,,90᠋,100%,15PP,,,,,,,,,,,,,,,,,,,,,,,,
,,(LOOKS UP),Swords Dance,,,,--,--,20PP᠎,,,,,,,,,,Blizzard,,,,110᠋,70%,5PP,,,,,,,,,,,,,,,,,,,,,,,,
,,,,,,,,,,,,,,,,,,,,,,,,,,,,,,,,,,,,,,,,,,,,,,,,,
,,,,,,,,,,,,,,,,,,,,,,,,,,,,,,,,,,,,,,,,,,,,,,,,,
,,,,,,,,,,,,,,,,,,,,,,,,,,,,,,,,,,,,,,,,,,,,,,,,,
,,,,#460 Abomasnow,,,,,Lv.54,,,#225 Delibird,,,,,Lv.54,,,,,,,,,,,,,,,,,,,,,,,,,,,,,,,,
,,,,,ICE,,,GRASS,,,,,ICE,,,FLYING,,,,,,,,,,,,,,,,,,,,,,,,,,,,,,,,,
,,ACE TRAINER ISAIAH [269],HP,Atk,Def,SpA,SpD,Spe,Total,,HP,Atk,Def,SpA,SpD,Spe,Total,,,,,,,,,,,,,,,,,,,,,,,,,,,,,,,,
,,,90,92,75,92,85,60,494,,45,85᠎,50᠎,110᠎,50᠎,110᠎,450᠎,,,,,,,,,,,,,,,,,,,,,,,,,,,,,,,,
,,He's standing on the second level. To the right of the pit.,,No Item,,,Snow Warning,,,,,No Item,,,Technician (!),,,,,,,,,,,,,,,,,,,,,,,,,,,,,,,,,,
,,,Bashful (Neutral),,,,,,30 IV,,"Sassy (+SpD, -Spe)",,,,,,30 IV,,,,,,,,,,,,,,,,,,,,,,,,,,,,,,,,
,,,Energy Ball,,,,90᠎,100%,10PP,,Hurricane (!),,,,110,70%,10PP,,,,,,,,,,,,,,,,,,,,,,,,,,,,,,,,
,,,Blizzard,,,,110᠋,70%,5PP,,Ice Beam,,,,90᠋,100%,10PP,,,,,,,,,,,,,,,,,,,,,,,,,,,,,,,,
,,,Sheer Cold,,,,--,30%,5PP,,Future Sight,,,,120᠎,100%᠎,10PP᠋,,,,,,,,,,,,,,,,,,,,,,,,,,,,,,,,
,,(LOOKS DOWN),,,,,,,,,,,,,,,,,,,,,,,,,,,,,,,,,,,,,,,,,,,,,,,
,,,,,,,,,,,,,,,,,,,,,,,,,,,,,,,,,,,,,,,,,,,,,,,,,
,,,,,,,,,,,,,,,,,,,,,,,,,,,,,,,,,,,,,,,,,,,,,,,,,
,,,,,,,,,,,,,,,,,,,,,,,,,,,,,,,,,,,,,,,,,,,,,,,,,
,,,,#220 Swinub,,,,,Lv.51,,,#221 Piloswine,,,,,Lv.53,,,#473 Mamoswine,,,,,Lv.55,,,,,,,,,,,,,,,,,,,,,,,,
,,,,,ICE,,,GROUND,,,,,ICE,,,GROUND,,,,,ICE,,,GROUND,,,,,,,,,,,,,,,,,,,,,,,,,
,,ACE TRAINER SERGIO [268],HP,Atk,Def,SpA,SpD,Spe,Total,,HP,Atk,Def,SpA,SpD,Spe,Total,,HP,Atk,Def,SpA,SpD,Spe,Total,,,,,,,,,,,,,,,,,,,,,,,,
,,,50,50,40,30,30,50,250,,100,100,80,60,60,50,450,,110,130,80,70,60,80,530,,,,,,,,,,,,,,,,,,,,,,,,
,,He's standing on the third level. To the left of the pit.,,No Item,,,Thick Fat (!),,,,,No Item,,,Thick Fat (!),,,,,No Item,,,Thick Fat឵ (!),,,,,,,,,,,,,,,,,,,,,,,,,,
,,,Bashful (Neutral),,,,,,30 IV,,Docile (Neutral),,,,,,30 IV,,"Hasty (+Spe, -Def)",,,,,,30 IV,,,,,,,,,,,,,,,,,,,,,,,,
,,,Blizzard,,,,110᠋,70%,5PP,,Ice Fang,,,,65,95%,15PP,,Earthquake,,,,100,100%,10PP,,,,,,,,,,,,,,,,,,,,,,,,
,,,Earthquake,,,,100,100%,10PP,,Earthquake,,,,100,100%,10PP,,Ice Fang,,,,65,95%,15PP,,,,,,,,,,,,,,,,,,,,,,,,
,,,Ice Shard,,,,40,100%,30PP,,Ice Shard,,,,40,100%,30PP,,Ice Shard,,,,40,100%,30PP,,,,,,,,,,,,,,,,,,,,,,,,
,,(LOOKS DOWN),,,,,,,,,,,,,,,,,Rock Slide,,,,75,90%,10PP,,,,,,,,,,,,,,,,,,,,,,,,
,,,,,,,,,,,,,,,,,,,,,,,,,,,,,,,,,,,,,,,,,,,,,,,,,
,,,,,,,,,,,,,,,,,,,,,,,,,,,,,,,,,,,,,,,,,,,,,,,,,
,,,,,,,,,,,,,,,,,,,,,,,,,,,,,,,,,,,,,,,,,,,,,,,,,
,,,,#086 Seel,,,,,Lv.51,,,#124 Jynx,,,,,Lv.54,,,#087 Dewgong,,,,,Lv.54,,,,,,,,,,,,,,,,,,,,,,,,
,,,,,WATER,,,,,,,,ICE,,,PSYCHIC,,,,,WATER,,,ICE,,,,,,,,,,,,,,,,,,,,,,,,,
,,ACE TRAINER SAVANNAH [270],HP,Atk,Def,SpA,SpD,Spe,Total,,HP,Atk,Def,SpA,SpD,Spe,Total,,HP,Atk,Def,SpA,SpD,Spe,Total,,,,,,,,,,,,,,,,,,,,,,,,
,,,65,45,55,45,70,45,325,,75᠎,40᠋,35,125᠎,95,95,465᠎,,90,80᠎,80,80᠎,95,70,495᠎,,,,,,,,,,,,,,,,,,,,,,,,
,,Standing next to the right wall on the third level.,,No Item,,,Thick Fat,,,,,No Item,,,Dry Skin (!),,,,,No Item,,,Thick Fat,,,,,,,,,,,,,,,,,,,,,,,,,,
,,,"Gentle (+SpD, -Def)",,,,,,30 IV,,"Lonely (+Atk, -Def)",,,,,,30 IV,,Quirky (Neutral),,,,,,30 IV,,,,,,,,,,,,,,,,,,,,,,,,
,,,Aqua Tail,,,,90,90%,10PP,,Psychic,,,,90,100%,10PP,,Blizzard,,,,110᠋,70%,5PP,,,,,,,,,,,,,,,,,,,,,,,,
,,,Ice Beam,,,,90᠋,100%,10PP,,Lovely Kiss,,,,--,75%,10PP,,Sheer Cold,,,,--,30%,5PP,,,,,,,,,,,,,,,,,,,,,,,,
,,,Hail,,,,--,--,10PP,,Ice Beam,,,,90᠋,100%,10PP,,Fake Out,,,,40,100%,10PP,,,,,,,,,,,,,,,,,,,,,,,,
,,"(LOOKS UP, LEFT AND DOWN)",,,,,,,,,,,,,,,,,Surf,,,,90᠋,100%,15PP,,,,,,,,,,,,,,,,,,,,,,,,
,,,,,,,,,,,,,,,,,,,,,,,,,,,,,,,,,,,,,,,,,,,,,,,,,
,,,,,,,,,,,,,,,,,,,,,,,,,,,,,,,,,,,,,,,,,,,,,,,,,
,,,,,,,,,,,,,,,,,,,,,,,,,,,,,,,,,,,,,,,,,,,,,,,,,
,,,,#363 Spheal,,,,,Lv.51,,,#364 Sealeo,,,,,Lv.53,,,#365 Walrein,,,,,Lv.55,,,,,,,,,,,,,,,,,,,,,,,,
,,,,,ICE,,,WATER,,,,,ICE,,,WATER,,,,,ICE,,,WATER,,,,,,,,,,,,,,,,,,,,,,,,,
,,ACE TRAINER ALICIA [271],HP,Atk,Def,SpA,SpD,Spe,Total,,HP,Atk,Def,SpA,SpD,Spe,Total,,HP,Atk,Def,SpA,SpD,Spe,Total,,,,,,,,,,,,,,,,,,,,,,,,
,,,70,40,50,55,50,25,290,,90,60,70,75,70,45,410,,110,80,90,95,90,65,530,,,,,,,,,,,,,,,,,,,,,,,,
,,Standing to the left of the Candice platform.,,No Item,,,Thick Fat,,,,,No Item,,,Thick Fat,,,,,No Item,,,Thick Fat,,,,,,,,,,,,,,,,,,,,,,,,,,
,,,Bashful (Neutral),,,,,,30 IV,,"Careful (+SpD, -SpA)",,,,,,30 IV,,Bashful (Neutral),,,,,,30 IV,,,,,,,,,,,,,,,,,,,,,,,,
,,,Surf,,,,90᠋,100%,15PP,,Surf,,,,90᠋,100%,15PP,,Blizzard,,,,110᠋,70%,5PP,,,,,,,,,,,,,,,,,,,,,,,,
,,,Ice Beam,,,,90᠋,100%,10PP,,Ice Beam,,,,90᠋,100%,10PP,,Sheer Cold,,,,--,30%,5PP,,,,,,,,,,,,,,,,,,,,,,,,
,,,,,,,,,,,,,,,,,,,Surf,,,,90᠋,100%,15PP,,,,,,,,,,,,,,,,,,,,,,,,
,,(LOOKS RIGHT),,,,,,,,,,,,,,,,,Aqua Tail,,,,90,90%,10PP,,,,,,,,,,,,,,,,,,,,,,,,
,,,,,,,,,,,,,,,,,,,,,,,,,,,,,,,,,,,,,,,,,,,,,,,,,
,,,,,,,,,,,,,,,,,,,,,,,,,,,,,,,,,,,,,,,,,,,,,,,,,
,,,,,,,,,,,,,,,,,,,,,,,,,,,,,,,,,,,,,,,,,,,,,,,,,
,,,,#361 Snorunt,,,,,Lv.51,,,#362 Glalie,,,,,Lv.54,,,#362 Glalie,,,,,Lv.54,,,,,,,,,,,,,,,,,,,,,,,,
,,,,,ICE,,,,,,,,ICE,,,ROCK឵ ឵,,,,,ICE,,,ROCK឵ ឵,,,,,,,,,,,,,,,,,,,,,,,,,
,,ACE TRAINER ANTON [827],HP,Atk,Def,SpA,SpD,Spe,Total,,HP,Atk,Def,SpA,SpD,Spe,Total,,HP,Atk,Def,SpA,SpD,Spe,Total,,,,,,,,,,,,,,,,,,,,,,,,
,,,50,50,50,50,50,50,300,,80,110᠎,110᠎,60᠋,60᠋,80,500᠎,,80,110᠎,110᠎,60᠋,60᠋,80,500᠎,,,,,,,,,,,,,,,,,,,,,,,,
,,Standing to the right of the Candice platform.,,No Item,,,Inner Focus,,,,,No Item,,,Levitate (!),,,,,No Item,,,Levitate (!),,,,,,,,,,,,,,,,,,,,,,,,,,
,,,"Sassy (+SpD, -Spe)",,,,,,30 IV,,"Quiet (+SpA, -Spe)",,,,,,30 IV,,"Quiet (+SpA, -Spe)",,,,,,30 IV,,,,,,,,,,,,,,,,,,,,,,,,
,,,Blizzard,,,,110᠋,70%,5PP,,Blizzard,,,,110᠋,70%,5PP,,Blizzard,,,,110᠋,70%,5PP,,,,,,,,,,,,,,,,,,,,,,,,
,,,Crunch,,,,80,100%,15PP,,Crunch,,,,80,100%,15PP,,Head Smash,,,,150,80%,5PP,,,,,,,,,,,,,,,,,,,,,,,,
,,,,,,,,,,,Explosion,,,,250,100%,5PP,,Crunch,,,,80,100%,15PP,,,,,,,,,,,,,,,,,,,,,,,,
,,(LOOKS RIGHT AND DOWN),,,,,,,,,,,,,,,,,,,,,,,,,,,,,,,,,,,,,,,,,,,,,,,
,,,,,,,,,,,,,,,,,,,,,,,,,,,,,,,,,,,,,,,,,,,,,,,,,
,,,,,,,,,,,,,,,,,,,,,,,,,,,,,,,,,,,,,,,,,,,,,,,,,
,,,,,,,,,,,,,,,,,,,,,,,,,,,,,,,,,,,,,,,,,,,,,,,,,
,,,,#460 Abomasnow,,,,,Lv.55,,,#461 Weavile,,,,,Lv.55,,,#471 Glaceon,,,,,Lv.55,,,#365 Walrein,,,,,Lv.55,,,#473 Mamoswine,,,,,Lv.55,,,#478 Froslass,,,,,Lv.56
,,,,,ICE,,,GRASS,,,,,DARK,,,ICE,,,,,ICE,,,,,,,,ICE,,,WATER,,,,,ICE,,,GROUND,,,,,ICE,,,GHOST,
,,GYM LEADER CANDICE [319],HP,Atk,Def,SpA,SpD,Spe,Total,,HP,Atk,Def,SpA,SpD,Spe,Total,,HP,Atk,Def,SpA,SpD,Spe,Total,,HP,Atk,Def,SpA,SpD,Spe,Total,,HP,Atk,Def,SpA,SpD,Spe,Total,,HP,Atk,Def,SpA,SpD,Spe,Total
,,,90,92,75,92,85,60,494,,70,120,65,45,85,125,510,,65,60,110,130,65᠋,95᠎,525,,110,80,90,95,90,65,530,,110,130,80,70,60,80,530,,70,70᠋,70,110᠎,70,110,500᠎
,,Once beaten she gives you the Icicle Badge allowing you to use Rock Climb outside of battle and TM72s Avalanche,,Expert Belt,,,Snow Warning,,,,,Focus Sash,,,Technician (!),,,,,Bright Powder,,,Snow Cloak,,,,,Chople Berry,,,Thick Fat,,,,,Passho Berry,,,Thick Fat឵ (!),,,,,Life Orb,,,Levitate  (!),,
,,,"Brave (+Atk, -Spe)",,,,,,30 IV,,"Naughty (+Atk, -SpD)",,,,,,29 IV,,"Bold (+Def, -Atk)",,,,,,30 IV,,"Quiet (+SpA, -Spe)",,,,,,29 IV,,"Naive (+Spe, -SpD)",,,,,,29 IV,,"Modest (+SpA, -Atk)",,,,,,30 IV
,,,Wood Hammer,,,,120,100%,15PP,,Crunch,,,,80,100%,15PP,,Blizzard,,,,110᠋,70%,5PP,,Blizzard,,,,110᠋,70%,5PP,,Earthquake,,,,100,100%,10PP,,Blizzard,,,,110᠋,70%,5PP
,,,Earthquake,,,,100,100%,10PP,,Icicle Crash (!),,,,85,90%,10PP,,Shadow Ball,,,,80,100%,15PP,,Surf,,,,90᠋,100%,15PP,,Avalanche,,,,60,100%,10PP,,Shadow Ball,,,,80,100%,15PP
,,,Blizzard,,,,110᠋,70%,5PP,,Aerial Ace,,,,60,--,20PP,,Earth Power,,,,90,100%,10PP,,Yawn,,,,--,--,10PP,,Stone Edge,,,,100,80%,5PP,,Thunderbolt,,,,90᠋,100%,15PP
,,DOES NOT USE ANY ITEM,Ice Shard,,,,40,100%,30PP,,Swords Dance,,,,--,--,20PP᠎,,Double Team,,,,--,--,15PP,,Aqua Ring,,,,--,--,20PP,,Ice Shard,,,,40,100%,30PP,,Attract,,,,--,100%,15PP