,,FANTINA SPLIT,,,,,LVL CAP : 33,,,,,,,,,,,,,,,,,,,,,,,,,,,,,,,,,,,,,,,,,,
,,,,,,,,,,,,,,,,,,,,,,,,,,,,,,,,,,,,,,,,,,,,,,,,,
,,,,,,,,,,,,,,,,,,,,,,,,,,,,,,,,,,,,,,,,,,,,,,,,,
,,,,#000 Pokemon,,,,,Lv.00,,Icon,#000 Pokemon,,,,,Lv.00,,Icon,#000 Pokemon,,,,,Lv.00,,Icon,#000 Pokemon,,,,,Lv.00,,Icon,#000 Pokemon,,,,,Lv.00,,Icon,#000 Pokemon,,,,,Lv.00
,,,,,TYPE I,,,TYPE II,,,,,TYPE I,,,TYPE II,,,,,NEW I,,,TYPE II,,,,,TYPE I,,,NEW II,,,,,TYPE I,,,TYPE II,,,,,TYPE I,,,TYPE II,
,,MandatoryOptional,HP,Atk,Def,SpA,SpD,Spe,Total,,HP,Atk,Def,SpA,SpD,Spe,Total,,HP,Atk,Def,SpA,SpD,Spe,Total,,HP,Atk,Def,SpA,SpD,Spe,Total,,HP,Atk,Def,SpA,SpD,Spe,Total,,HP,Atk,Def,SpA,SpD,Spe,Total
,,Conditions,Stats,,,,,,,,Stats,,,,,,,,Stats,,,,,,,,Stats,,,,,,,,Increased Stats᠎,,,,,,,,Decreased Stats᠋,,,,,,
,,Situated,Icon,Held Item,,,Ability I,,,,Icon,Held Item,,,Ability I,,,,Icon,Held Item,,,Ability I,,,,Icon,Held Item,,,Ability I,,,,Icon,Held Item,,,Switched Ability឵,,,,Icon,Held Item,,,New Ability (!),,
,,Use,"Nature (+Stat, -Stat)",,,,,,00 IV,,"Nature (+Stat, -Stat)",,,,,,00 IV,,"Nature (+Stat, -Stat)",,,,,,00 IV,,"Nature (+Stat, -Stat)",,,,,,00 IV,,"Nature (+Stat, -Stat)",,,,,,00 IV,,"Nature (+Stat, -Stat)",,,,,,00 IV
,,Move,New Attack 1 (!),,,Type,Pow,Acc,PP,,Attack 1,,,NEW,Pow,Acc,PP,,Attack 1,,,Type,Pow,Acc,PP,,Attack 1,,,Type,Pow,Acc,PP,,Attack 1,,,Type,Increased Stats᠎,,,,Attack 1,,,Type,Decreased Stats᠋,,
,,Info,New Attack 2 (!),,,Type,Pow,Acc,PP,,Attack 2,,,NEW,Pow,Acc,PP,,Attack 2,,,Type,Pow,Acc,PP,,Attack 2,,,Type,Pow,Acc,PP,,Attack 2,,,Type,Increased Stats᠎,,,,Attack 2,,,Type,Decreased Stats᠋,,
,,Gifts,New Attack 3 (!),,,Type,Pow,Acc,PP,,Attack 3,,,NEW,Pow,Acc,PP,,Attack 3,,,Type,Pow,Acc,PP,,Attack 3,,,Type,Pow,Acc,PP,,Attack 3,,,Type,Increased Stats᠎,,,,Attack 3,,,Type,Decreased Stats᠋,,
,,Spinning,New Attack 4 (!),,,Type,Pow,Acc,PP,,Attack 4,,,NEW,Pow,Acc,PP,,Attack 4,,,Type,Pow,Acc,PP,,Attack 4,,,Type,Pow,Acc,PP,,Attack 4,,,Type,Increased Stats᠎,,,,Attack 4,,,Type,Decreased Stats᠋,,
,,,,,,,,,,,,,,,,,,,,,,,,,,,,,,,,,,,,,,,,,,,,,,,,,
,,,,,,,,,,,,,,,,,,,,,,,,,,,,,,,,,,,,,,,,,,,,,,,,,
,,ETERNA CITY,,,,,,,,,,,,,,,,,,,,,,,,,,,,,,,,,,,,,,,,,,,,,,,
,,,,,,,,,,,,,,,,,,,,,,,,,,,,,,,,,,,,,,,,,,,,,,,,,
,,TEAM GALACTIC ETERNA BUILDING  - OUTSIDE,,,,,,,,,,,,,,,,,,,,,,,,,,,,,,,,,,,,,,,,,,,,,,,
,,,,,,,,,,,,,,,,,,,,,,,,,,,,,,,,,,,,,,,,,,,,,,,,,
,,,,,,,,,,,,,,,,,,,,,,,,,,,,,,,,,,,,,,,,,,,,,,,,,
,,,,#166 Ledian,,,,,Lv.24,,,#168 Ariados,,,,,Lv.24,,,,,,,,,,,,,,,,,,,,,,,,,,,,,,,,
,,,,,BUG,,,FLYING,,,,,BUG,,,POISON,,,,,,,,,,,,,,,,,,,,,,,,,,,,,,,,,
,,GALACTIC GRUNT [939],HP,Atk,Def,SpA,SpD,Spe,Total,,HP,Atk,Def,SpA,SpD,Spe,Total,,,,,,,,,,,,,,,,,,,,,,,,,,,,,,,,
,,,65᠎,105᠎,50,35᠋,110,85,450᠎,,70,110᠎,70,50᠋,70᠎,80᠎,450᠎,,,,,,,,,,,,,,,,,,,,,,,,,,,,,,,,
,,Grunt outside the Team Galactic Eterna Building,,No Item,,,Technician (!),,,,,No Item,,,Swarm,,,,,,,,,,,,,,,,,,,,,,,,,,,,,,,,,,
,,,"Brave (+Atk, -Spe)",,,,,,12 IV,,"Impish (+Def, -SpA)",,,,,,12 IV,,,,,,,,,,,,,,,,,,,,,,,,,,,,,,,,
,,Cynthia will give you the HM01 Cut before reaching the building,Mach Punch,,,,40,100%,30PP,,Shadow Sneak,,,,40,100%,30PP,,,,,,,,,,,,,,,,,,,,,,,,,,,,,,,,
,,,Aerial Ace,,,,60,--,20PP,,Leech Life,,,,80᠎,100%,10PP᠋,,,,,,,,,,,,,,,,,,,,,,,,,,,,,,,,
,,Fights you when talked to,Silver Wind,,,,60,100%,5PP,,Swords Dance,,,,--,--,20PP᠎,,,,,,,,,,,,,,,,,,,,,,,,,,,,,,,,
,,,U-turn,,,,70,100%,20PP,,Fury Swipes,,,,18,80%,15PP,,,,,,,,,,,,,,,,,,,,,,,,,,,,,,,,
,,,,,,,,,,,,,,,,,,,,,,,,,,,,,,,,,,,,,,,,,,,,,,,,,
,,,,,,,,,,,,,,,,,,,,,,,,,,,,,,,,,,,,,,,,,,,,,,,,,
,,TEAM GALACTIC ETERNA BUILDING  - 1F,,,,,,,,,,,,,,,,,,,,,,,,,,,,,,,,,,,,,,,,,,,,,,,
,,,,,,,,,,,,,,,,,,,,,,,,,,,,,,,,,,,,,,,,,,,,,,,,,
,,,,,,,,,,,,,,,,,,,,,,,,,,,,,,,,,,,,,,,,,,,,,,,,,
,,,,#023 Ekans,,,,,Lv.23,,,#431 Glameow,,,,,Lv.23,,,#029 Nidoran ♀,,,,,Lv.23,,,,,,,,,,,,,,,,,,,,,,,,
,,,,,POISON,,,,,,,,NORMAL,,,,,,,,POISON,,,,,,,,,,,,,,,,,,,,,,,,,,,,
,,GALACTIC GRUNT [421],HP,Atk,Def,SpA,SpD,Spe,Total,,HP,Atk,Def,SpA,SpD,Spe,Total,,HP,Atk,Def,SpA,SpD,Spe,Total,,,,,,,,,,,,,,,,,,,,,,,,
,,,35,60,44,40,54,55,288,,50᠎,65᠎,45᠎,45᠎,40᠎,90᠎,335᠎,,55,47,52,40,40,41,275,,,,,,,,,,,,,,,,,,,,,,,,
,,Can be fought alone or with Galactic Grunt [410] in a double battle but has to be fought,,No Item,,,Intimidate,,,,,No Item,,,Limber,,,,,No Item,,,Poison Point,,,,,,,,,,,,,,,,,,,,,,,,,,
,,,Hardy (Neutral),,,,,,12 IV,,"Calm (+SpD, -Atk)",,,,,,12 IV,,"Hasty (+Spe, -Def)",,,,,,12 IV,,,,,,,,,,,,,,,,,,,,,,,,
,,,Glare,,,,--,100%᠎,30PP,,Covet,,,,60᠎,100%,25PP᠋,,Poison Fang,,,,65᠎,95%᠋,15PP,,,,,,,,,,,,,,,,,,,,,,,,
,,If fought in a double battle her team will be on the left,Poison Fang,,,,65᠎,95%᠋,15PP,,Feint Attack,,,,60,--,20PP,,Bite,,,,60,100%,25PP,,,,,,,,,,,,,,,,,,,,,,,,
,,,Mud Bomb,,,,65,85%,10PP,,Charm,,,,--,100%,20PP,,Helping Hand,,,,--,--,20PP,,,,,,,,,,,,,,,,,,,,,,,,
,,(LOOKS RIGHT),Screech,,,,--,85%,40PP,,Slash,,,,70,100%,20PP,,Toxic Spikes,,,,--,--,20PP,,,,,,,,,,,,,,,,,,,,,,,,
,,,,,,,,,,,,,,,,,,,,,,,,,,,,,,,,,,,,,,,,,,,,,,,,,
,,,,,,,,,,,,,,,,,,,,,,,,,,,,,,,,,,,,,,,,,,,,,,,,,
,,,,#109 Koffing,,,,,Lv.23,,,#434 Stunky,,,,,Lv.23,,,#032 Nidoran ♂,,,,,Lv.23,,,,,,,,,,,,,,,,,,,,,,,,
,,,,,POISON,,,,,,,,POISON,,,DARK,,,,,POISON,,,,,,,,,,,,,,,,,,,,,,,,,,,,
,,GALACTIC GRUNT [410],HP,Atk,Def,SpA,SpD,Spe,Total,,HP,Atk,Def,SpA,SpD,Spe,Total,,HP,Atk,Def,SpA,SpD,Spe,Total,,,,,,,,,,,,,,,,,,,,,,,,
,,,40,65,95,60,45,35,340,,65᠎,65᠎,50᠎,40᠋,40᠋,75᠎,335᠎,,46,57,40,40,40,50,273,,,,,,,,,,,,,,,,,,,,,,,,
,,Can be fought alone or with Galactic Grunt [421] in a double battle but has to be fought,,No Item,,,Levitate,,,,,No Item,,,Aftermath឵ ឵,,,,,No Item,,,Poison Point,,,,,,,,,,,,,,,,,,,,,,,,,,
,,,"Sassy (+SpD, -Spe)",,,,,,12 IV,,Bashful (Neutral),,,,,,12 IV,,"Adamant (+Atk, -SpA)",,,,,,12 IV,,,,,,,,,,,,,,,,,,,,,,,,
,,,Pain Split,,,,--,--,20PP,,Smog,,,,30᠎,70%,20PP,,Poison Fang,,,,65᠎,95%᠋,15PP,,,,,,,,,,,,,,,,,,,,,,,,
,,If fought in a double battle his team will be on the right,Sludge,,,,75᠎,100%,15PP᠋,,Smokescreen,,,,--,100%,20PP,,Horn Attack,,,,65,100%,25PP,,,,,,,,,,,,,,,,,,,,,,,,
,,,Self-Destruct,,,,200,100%,5PP,,Slash,,,,70,100%,20PP,,Helping Hand,,,,--,--,20PP,,,,,,,,,,,,,,,,,,,,,,,,
,,(LOOKS LEFT),Haze,,,,--,--,30PP,,Night Slash,,,,70,100%,15PP,,Toxic Spikes,,,,--,--,20PP,,,,,,,,,,,,,,,,,,,,,,,,
,,,,,,,,,,,,,,,,,,,,,,,,,,,,,,,,,,,,,,,,,,,,,,,,,
,,,,,,,,,,,,,,,,,,,,,,,,,,,,,,,,,,,,,,,,,,,,,,,,,
,,TEAM GALACTIC ETERNA BUILDING  - 2F,,,,,,,,,,,,,,,,,,,,,,,,,,,,,,,,,,,,,,,,,,,,,,,
,,,,,,,,,,,,,,,,,,,,,,,,,,,,,,,,,,,,,,,,,,,,,,,,,
,,,,,,,,,,,,,,,,,,,,,,,,,,,,,,,,,,,,,,,,,,,,,,,,,
,,,,#453 Croagunk,,,,,Lv.24,,,#042 Golbat,,,,,Lv.24,,,,,,,,,,,,,,,,,,,,,,,,,,,,,,,,
,,,,,POISON,,,FIGHTING,,,,,POISON,,,FLYING,,,,,,,,,,,,,,,,,,,,,,,,,,,,,,,,,
,,GALACTIC GRUNT [412],HP,Atk,Def,SpA,SpD,Spe,Total,,HP,Atk,Def,SpA,SpD,Spe,Total,,,,,,,,,,,,,,,,,,,,,,,,,,,,,,,,
,,,48,61,40,61,40,50,300,,75,80,70,65,75,90,455,,,,,,,,,,,,,,,,,,,,,,,,,,,,,,,,
,,Grunt you fight if you go up the sign-less stairs you find in 1F,,No Item,,,Dry Skin឵ ឵,,,,,No Item,,,Inner Focus,,,,,,,,,,,,,,,,,,,,,,,,,,,,,,,,,,
,,,"Mild (+SpA, -Def)",,,,,,12 IV,,"Jolly (+Spe, -SpA)",,,,,,12 IV,,,,,,,,,,,,,,,,,,,,,,,,,,,,,,,,
,,,Pursuit,,,,40,100%,20PP,,Air Cutter,,,,60᠎,95%,25PP,,,,,,,,,,,,,,,,,,,,,,,,,,,,,,,,
,,He guards the TM73s Thunder Wave,Feint Attack,,,,60,--,20PP,,Mean Look,,,,--,--,5PP,,,,,,,,,,,,,,,,,,,,,,,,,,,,,,,,
,,,Revenge,,,,60,100%,10PP,,Crunch,,,,80,100%,15PP,,,,,,,,,,,,,,,,,,,,,,,,,,,,,,,,
,,(LOOKS UP),Swagger,,,,--,85%᠋,15PP,,Leech Life,,,,80᠎,100%,10PP᠋,,,,,,,,,,,,,,,,,,,,,,,,,,,,,,,,
,,,,,,,,,,,,,,,,,,,,,,,,,,,,,,,,,,,,,,,,,,,,,,,,,
,,,,,,,,,,,,,,,,,,,,,,,,,,,,,,,,,,,,,,,,,,,,,,,,,
,,,,,,,,,,,,,,,,,,,,,,,,,,,,,,,,,,,,,,,,,,,,,,,,,
,,,,#173 Cleffa,,,,,Lv.23,,,,,,,,,,,,,,,,,,,,,,,,,,,,,,,,,,,,,,,,
,,,,,FAIRY឵ ឵,,,,,,,,,,,,,,,,,,,,,,,,,,,,,,,,,,,,,,,,,,,,
,,GALACTIC GRUNT [422],HP,Atk,Def,SpA,SpD,Spe,Total,,,,,,,,,,,,,,,,,,,,,,,,,,,,,,,,,,,,,,,,
,,,50,25,28,45,55,15,218,,,,,,,,,,,,,,,,,,,,,,,,,,,,,,,,,,,,,,,,
,,Grunt standing before the stairs with a sign,,No Item,,,Cute Charm,,,,,,,,,,,,,,,,,,,,,,,,,,,,,,,,,,,,,,,,,,
,,,"Lax (+Def, -SpD)",,,,,,12 IV,,,,,,,,,,,,,,,,,,,,,,,,,,,,,,,,,,,,,,,,
,,,Sing,,,,--,55%,15PP,,,,,,,,,,,,,,,,,,,,,,,,,,,,,,,,,,,,,,,,
,,,Copycat,,,,--,--,20PP,,,,,,,,,,,,,,,,,,,,,,,,,,,,,,,,,,,,,,,,
,,,Magical Leaf,,,,60,--,20PP,,,,,,,,,,,,,,,,,,,,,,,,,,,,,,,,,,,,,,,,
,,(LOOKS LEFT),Draining Kiss (!),,,,75᠎,100%,10PP,,,,,,,,,,,,,,,,,,,,,,,,,,,,,,,,,,,,,,,,
,,,,,,,,,,,,,,,,,,,,,,,,,,,,,,,,,,,,,,,,,,,,,,,,,
,,,,,,,,,,,,,,,,,,,,,,,,,,,,,,,,,,,,,,,,,,,,,,,,,
,,TEAM GALACTIC ETERNA BUILDING - 3F,,,,,,,,,,,,,,,,,,,,,,,,,,,,,,,,,,,,,,,,,,,,,,,
,,,,,,,,,,,,,,,,,,,,,,,,,,,,,,,,,,,,,,,,,,,,,,,,,
,,,,,,,,,,,,,,,,,,,,,,,,,,,,,,,,,,,,,,,,,,,,,,,,,
,,,,#228 Houndour,,,,,Lv.23,,,#451 Skorupi,,,,,Lv.23,,,#267 Beautifly,,,,,Lv.23,,,,,,,,,,,,,,,,,,,,,,,,
,,,,,DARK,,,FIRE,,,,,POISON,,,BUG,,,,,BUG,,,FLYING,,,,,,,,,,,,,,,,,,,,,,,,,
,,GALACTIC GRUNT [423],HP,Atk,Def,SpA,SpD,Spe,Total,,HP,Atk,Def,SpA,SpD,Spe,Total,,HP,Atk,Def,SpA,SpD,Spe,Total,,,,,,,,,,,,,,,,,,,,,,,,
,,,45,60,30,80,50,65,330,,40,50,90,30,55,65,330,,60,70,60᠎,125᠎,60᠎,75᠎,450᠎,,,,,,,,,,,,,,,,,,,,,,,,
,,Grunt you face if you go up the sign-less stairs you find in 2F,,No Item,,,Intimidate (!),,,,,No Item,,,Sniper឵ ឵,,,,,No Item,,,Swarm,,,,,,,,,,,,,,,,,,,,,,,,,,
,,,"Hasty (+Spe, -Def)",,,,,,12 IV,,Quirky (Neutral),,,,,,12 IV,,"Adamant (+Atk, -SpA)",,,,,,12 IV,,,,,,,,,,,,,,,,,,,,,,,,
,,,Fire Fang,,,,65,95%,15PP,,Acupressure,,,,--,--,30PP,,Stun Spore,,,,--,75%,30PP,,,,,,,,,,,,,,,,,,,,,,,,
,,She guards the Wise Glasses,Thunder Fang,,,,65,95%,15PP,,Bug Bite,,,,60,100%,20PP,,Silver Wind,,,,60,100%,5PP,,,,,,,,,,,,,,,,,,,,,,,,
,,,Odor Sleuth,,,,--,--,40PP,,Poison Fang,,,,65᠎,95%᠋,15PP,,Mega Drain,,,,40,100%,15PP,,,,,,,,,,,,,,,,,,,,,,,,
,,(LOOKS UP),Beat Up,,,,--᠋,100%,10PP,,Pursuit,,,,40,100%,20PP,,Air Cutter,,,,60᠎,95%,25PP,,,,,,,,,,,,,,,,,,,,,,,,
,,,,,,,,,,,,,,,,,,,,,,,,,,,,,,,,,,,,,,,,,,,,,,,,,
,,,,,,,,,,,,,,,,,,,,,,,,,,,,,,,,,,,,,,,,,,,,,,,,,
,,,,,,,,,,,,,,,,,,,,,,,,,,,,,,,,,,,,,,,,,,,,,,,,,
,,,,#096 Drowzee,,,,,Lv.24,,,#375 Metang,,,,,Lv.24,,,#064 Kadabra,,,,,Lv.24,,,,,,,,,,,,,,,,,,,,,,,,
,,,,,PSYCHIC,,,,,,,,STEEL,,,PSYCHIC,,,,,PSYCHIC,,,,,,,,,,,,,,,,,,,,,,,,,,,,
,,SCIENTIST TRAVON [831],HP,Atk,Def,SpA,SpD,Spe,Total,,HP,Atk,Def,SpA,SpD,Spe,Total,,HP,Atk,Def,SpA,SpD,Spe,Total,,,,,,,,,,,,,,,,,,,,,,,,
,,,60,48,45,43,90,42,328,,60,75,100,55,80,50,420,,40,35,30,120,70,105,400,,,,,,,,,,,,,,,,,,,,,,,,
,,Scientist before the stairs with a sign,,No Item,,,Insomnia,,,,,No Item,,,Iron Fist (!),,,,,No Item,,,Magic Guard (!),,,,,,,,,,,,,,,,,,,,,,,,,,
,,Going up the other stairs will lead you to the TM16s Light Screen and TM33s Reflect. The grunt guarding the stairs doesn't fight you.,"Timid (+Spe, -Atk)",,,,,,18 IV,,"Adamant (+Atk, -SpA)",,,,,,18 IV,,Hardy (Neutral),,,,,,18 IV,,,,,,,,,,,,,,,,,,,,,,,,
,,,Poison Gas,,,,--,90%᠎,40PP,,Iron Defense,,,,--,--,15PP,,Confusion,,,,50,100%,25PP,,,,,,,,,,,,,,,,,,,,,,,,
,,,Psybeam,,,,65,100%,20PP,,Metal Claw,,,,50,95%,35PP,,Psybeam,,,,65,100%,20PP,,,,,,,,,,,,,,,,,,,,,,,,
,,,Meditate,,,,--,--,40PP,,Confusion,,,,50,100%,25PP,,Disable,,,,--,100%᠎,20PP,,,,,,,,,,,,,,,,,,,,,,,,
,,(LOOKS RIGHT),Psycho Cut,,,,70,100%,20PP,,Pursuit,,,,40,100%,20PP,,Night Shade,,,,--,100%,15PP,,,,,,,,,,,,,,,,,,,,,,,,
,,,,,,,,,,,,,,,,,,,,,,,,,,,,,,,,,,,,,,,,,,,,,,,,,
,,,,,,,,,,,,,,,,,,,,,,,,,,,,,,,,,,,,,,,,,,,,,,,,,
,,TEAM GALACTIC ETERNA BUILDING - 4F,,,,,,,,,,,,,,,,,,,,,,,,,,,,,,,,,,,,,,,,,,,,,,,
,,,,,,,,,,,,,,,,,,,,,,,,,,,,,,,,,,,,,,,,,,,,,,,,,
,,,,,,,,,,,,,,,,,,,,,,,,,,,,,,,,,,,,,,,,,,,,,,,,,
,,,,#042 Golbat,,,,,Lv.26,,,#302 Sableye,,,,,Lv.26,,,#114 Tangela,,,,,Lv.26,,,#435 Skuntank,,,,,Lv.27,,,,,,,,,,,,,,,,
,,,,,POISON,,,FLYING,,,,,DARK,,,GHOST,,,,,GRASS,,,,,,,,POISON,,,DARK,,,,,,,,,,,,,,,,,
,,COMMANDER JUPITER [406],HP,Atk,Def,SpA,SpD,Spe,Total,,HP,Atk,Def,SpA,SpD,Spe,Total,,HP,Atk,Def,SpA,SpD,Spe,Total,,HP,Atk,Def,SpA,SpD,Spe,Total,,,,,,,,,,,,,,,,
,,,75,80,70,65,75,90,455,,50,85᠎,95᠎,85᠎,85᠎,50,450᠎,,65,55,115,100,40,60,435,,115᠎,95᠎,70᠎,70᠋,60᠋,85᠎,495᠎,,,,,,,,,,,,,,,,
,,After beating her you get a #137 Porygon and the Secret Key. The key grants you access to the room in the Galactic Building where #479 Rotom can change its form,,No Item,,,Inner Focus,,,,,Sitrus Berry,,,Magic Guard (!),,,,,No Item,,,Chlorophyll,,,,,Sitrus Berry,,,Aftermath឵ ឵,,,,,,,,,,,,,,,,,,
,,,"Jolly (+Spe, -SpA)",,,,,,30 IV,,"Adamant (+Atk, -SpA)",,,,,,30 IV,,"Modest (+SpA, -Atk)",,,,,,30 IV,,"Adamant (+Atk, -SpA)",,,,,,29 IV,,,,,,,,,,,,,,,,
,,,Wing Attack,,,,60,100%,35PP,,Fake Out,,,,40,100%,10PP,,Giga Drain,,,,75᠎,100%,10PP,,Poison Jab,,,,80,100%,20PP,,,,,,,,,,,,,,,,
,,,Giga Drain,,,,75᠎,100%,10PP,,Shadow Claw,,,,80᠎,100%,15PP,,Shock Wave,,,,60,--,20PP,,Night Slash,,,,70,100%,15PP,,,,,,,,,,,,,,,,
,,Fights you when talked to,Leech Life,,,,80᠎,100%,10PP᠋,,Knock Off,,,,65᠎,100%,20PP,,Leech Seed,,,,--,90%,10PP,,Focus Energy,,,,--,--,30PP,,,,,,,,,,,,,,,,
,,Doesn't use items in the fight,Confuse Ray,,,,--,100%,10PP,,Shadow Sneak,,,,40,100%,30PP,,Sleep Powder,,,,--,75%,15PP,,Torment,,,,--,100%,15PP,,,,,,,,,,,,,,,,
,,,,,,,,,,,,,,,,,,,,,,,,,,,,,,,,,,,,,,,,,,,,,,,,,
,,,,,,,,,,,,,,,,,,,,,,,,,,,,,,,,,,,,,,,,,,,,,,,,,
,,ETERNA CITY - BICYCLE SHOP,,,,,,,,,,,,,,,,,,,,,,,,,,,,,,,,,,,,,,,,,,,,,,,
,,,,,,,,,,,,,,,,,,,,,,,,,,,,,,,,,,,,,,,,,,,,,,,,,
,,ETERNA CITY - UNDERGROUND MAN'S HOUSE,,,,,,,,,,,,,,,,,,,,,,,,,,,,,,,,,,,,,,,,,,,,,,,
,,,,,,,,,,,,,,,,,,,,,,,,,,,,,,,,,,,,,,,,,,,,,,,,,
,,ROUTE 206 - CYCLING ROAD,,,,,,,,,,,,,,,,,,,,,,,,,,,,,,,,,,,,,,,,,,,,,,,
,,,,,,,,,,,,,,,,,,,,,,,,,,,,,,,,,,,,,,,,,,,,,,,,,
,,,,,,,,,,,,,,,,,,,,,,,,,,,,,,,,,,,,,,,,,,,,,,,,,
,,,,#172 Pichu,,,,,Lv.19,,,#172 Pichu,,,,,Lv.19,,,#025 Pikachu,,,,,Lv.19,,,,,,,,,,,,,,,,,,,,,,,,
,,,,,ELECTRIC,,,,,,,,ELECTRIC,,,,,,,,ELECTRIC,,,,,,,,,,,,,,,,,,,,,,,,,,,,
,,CYCLIST AXEL [25],HP,Atk,Def,SpA,SpD,Spe,Total,,HP,Atk,Def,SpA,SpD,Spe,Total,,HP,Atk,Def,SpA,SpD,Spe,Total,,,,,,,,,,,,,,,,,,,,,,,,
,,,20,40,15,35,35,60,205,,20,40,15,35,35,60,205,,35,55,40᠎,50,50᠎,90,320᠎,,,,,,,,,,,,,,,,,,,,,,,,
,,Cyclist facing right at the top of the road,,No Item,,,Static,,,,,No Item,,,Static,,,,,No Item,,,Static,,,,,,,,,,,,,,,,,,,,,,,,,,
,,,"Rash (+SpA, -SpD)",,,,,,12 IV,,"Rash (+SpA, -SpD)",,,,,,12 IV,,"Lax (+Def, -SpD)",,,,,,12 IV,,,,,,,,,,,,,,,,,,,,,,,,
,,,Sweet Kiss,,,,--,75%,10PP,,Sweet Kiss,,,,--,75%,10PP,,Double Kick,,,,30,100%,30PP,,,,,,,,,,,,,,,,,,,,,,,,
,,,Thunder Wave,,,,--,90%᠎,20PP,,Thunder Wave,,,,--,90%᠎,20PP,,Shock Wave,,,,60,--,20PP,,,,,,,,,,,,,,,,,,,,,,,,
,,,Nasty Plot,,,,--,--,20PP,,Nasty Plot,,,,--,--,20PP,,Feint,,,,30᠋,100%,10PP,,,,,,,,,,,,,,,,,,,,,,,,
,,,Disarming Voice (!),,,,50᠎,--,15PP,,Disarming Voice (!),,,,50᠎,--,15PP,,Spark,,,,65,100%,20PP,,,,,,,,,,,,,,,,,,,,,,,,
,,,,,,,,,,,,,,,,,,,,,,,,,,,,,,,,,,,,,,,,,,,,,,,,,
,,,,,,,,,,,,,,,,,,,,,,,,,,,,,,,,,,,,,,,,,,,,,,,,,
,,,,,,,,,,,,,,,,,,,,,,,,,,,,,,,,,,,,,,,,,,,,,,,,,
,,,,#017 Pidgeotto,,,,,Lv.21,,,,,,,,,,,,,,,,,,,,,,,,,,,,,,,,,,,,,,,,
,,,,,NORMAL,,,FLYING,,,,,,,,,,,,,,,,,,,,,,,,,,,,,,,,,,,,,,,,,
,,CYCLIST MEGAN [29],HP,Atk,Def,SpA,SpD,Spe,Total,,,,,,,,,,,,,,,,,,,,,,,,,,,,,,,,,,,,,,,,
,,,63,50᠋,50᠋,65᠎,50,71,349,,,,,,,,,,,,,,,,,,,,,,,,,,,,,,,,,,,,,,,,
,,"Next Cyclist. She's on the left side of the road, looking up",,No Item,,,Keen Eye,,,,,,,,,,,,,,,,,,,,,,,,,,,,,,,,,,,,,,,,,,
,,,"Timid (+Spe, -Atk)",,,,,,12 IV,,,,,,,,,,,,,,,,,,,,,,,,,,,,,,,,,,,,,,,,
,,,Wing Attack,,,,60,100%,35PP,,,,,,,,,,,,,,,,,,,,,,,,,,,,,,,,,,,,,,,,
,,,Swift,,,,60,--,20PP,,,,,,,,,,,,,,,,,,,,,,,,,,,,,,,,,,,,,,,,
,,,Air Cutter,,,,60᠎,95%,25PP,,,,,,,,,,,,,,,,,,,,,,,,,,,,,,,,,,,,,,,,
,,,Feather Dance,,,,--,100%,15PP,,,,,,,,,,,,,,,,,,,,,,,,,,,,,,,,,,,,,,,,
,,,,,,,,,,,,,,,,,,,,,,,,,,,,,,,,,,,,,,,,,,,,,,,,,
,,,,,,,,,,,,,,,,,,,,,,,,,,,,,,,,,,,,,,,,,,,,,,,,,
,,,,,,,,,,,,,,,,,,,,,,,,,,,,,,,,,,,,,,,,,,,,,,,,,
,,,,#077 Ponyta,,,,,Lv.20,,,#180 Flaaffy,,,,,Lv.20,,,,,,,,,,,,,,,,,,,,,,,,,,,,,,,,
,,,,,FIRE,,,,,,,,ELECTRIC,,,,,,,,,,,,,,,,,,,,,,,,,,,,,,,,,,,,
,,CYCLIST JAMES [26],HP,Atk,Def,SpA,SpD,Spe,Total,,HP,Atk,Def,SpA,SpD,Spe,Total,,,,,,,,,,,,,,,,,,,,,,,,,,,,,,,,
,,,50,85,55,65,65,90,410,,70,55,55,80,60,45,365,,,,,,,,,,,,,,,,,,,,,,,,,,,,,,,,
,,"Next Cyclist. He's on the right side of the road, looking left",,No Item,,,Flame Body (!),,,,,No Item,,,Static,,,,,,,,,,,,,,,,,,,,,,,,,,,,,,,,,,
,,,"Bold (+Def, -Atk)",,,,,,12 IV,,"Jolly (+Spe, -SpA)",,,,,,12 IV,,,,,,,,,,,,,,,,,,,,,,,,,,,,,,,,
,,,Stomp,,,,65,100%,20PP,,Thunder Shock,,,,40,100%,30PP,,,,,,,,,,,,,,,,,,,,,,,,,,,,,,,,
,,,Double Kick,,,,30,100%,30PP,,Cotton Spore,,,,--,100%᠎,40PP,,,,,,,,,,,,,,,,,,,,,,,,,,,,,,,,
,,,Flame Wheel,,,,75᠎,100%,15PP᠋,,Charge,,,,--,--,20PP,,,,,,,,,,,,,,,,,,,,,,,,,,,,,,,,
,,,Take Down,,,,90,85%,20PP,,Shock Wave,,,,60,--,20PP,,,,,,,,,,,,,,,,,,,,,,,,,,,,,,,,
,,,,,,,,,,,,,,,,,,,,,,,,,,,,,,,,,,,,,,,,,,,,,,,,,
,,,,,,,,,,,,,,,,,,,,,,,,,,,,,,,,,,,,,,,,,,,,,,,,,
,,,,,,,,,,,,,,,,,,,,,,,,,,,,,,,,,,,,,,,,,,,,,,,,,
,,,,#276 Taillow,,,,,Lv.19,,,#084 Doduo,,,,,Lv.19,,,#278 Wingull,,,,,Lv.19,,,,,,,,,,,,,,,,,,,,,,,,
,,,,,NORMAL,,,FLYING,,,,,NORMAL,,,FLYING,,,,,WATER,,,FLYING,,,,,,,,,,,,,,,,,,,,,,,,,
,,CYCLIST NICOLE [30],HP,Atk,Def,SpA,SpD,Spe,Total,,HP,Atk,Def,SpA,SpD,Spe,Total,,HP,Atk,Def,SpA,SpD,Spe,Total,,,,,,,,,,,,,,,,,,,,,,,,
,,,40,55,30,30,30,85,270,,35,85,45,35,35,75,310,,40,30,30,55,30,85,270,,,,,,,,,,,,,,,,,,,,,,,,
,,Next Cyclist.,,No Item,,,Guts,,,,,No Item,,,Tangled Feet (!),,,,,No Item,,,Hydration (!),,,,,,,,,,,,,,,,,,,,,,,,,,
,,,Hardy (Neutral),,,,,,12 IV,,"Gentle (+SpD, -Def)",,,,,,12 IV,,"Rash (+SpA, -SpD)",,,,,,12 IV,,,,,,,,,,,,,,,,,,,,,,,,
,,,Quick Attack,,,,40,100%,30PP,,Fury Attack,,,,15,85%,20PP,,Wing Attack,,,,60,100%,35PP,,,,,,,,,,,,,,,,,,,,,,,,
,,,Wing Attack,,,,60,100%,35PP,,Pursuit,,,,40,100%,20PP,,Water Pulse,,,,60,100%,20PP,,,,,,,,,,,,,,,,,,,,,,,,
,,,Double Team,,,,--,--,15PP,,Pluck,,,,60,100%,20PP,,Mist,,,,--,--,30PP,,,,,,,,,,,,,,,,,,,,,,,,
,,(BIKING BACK AND FORTH),Aerial Ace,,,,60,--,20PP,,Double Hit,,,,35,90%,10PP,,Air Cutter,,,,60᠎,95%,25PP,,,,,,,,,,,,,,,,,,,,,,,,
,,,,,,,,,,,,,,,,,,,,,,,,,,,,,,,,,,,,,,,,,,,,,,,,,
,,,,,,,,,,,,,,,,,,,,,,,,,,,,,,,,,,,,,,,,,,,,,,,,,
,,,,,,,,,,,,,,,,,,,,,,,,,,,,,,,,,,,,,,,,,,,,,,,,,
,,,,#083 Farfetch'd,,,,,Lv.21,,,,,,,,,,,,,,,,,,,,,,,,,,,,,,,,,,,,,,,,
,,,,,FIGHTING ឵,,,FLYING,,,,,,,,,,,,,,,,,,,,,,,,,,,,,,,,,,,,,,,,,
,,CYCLIST JOHN [27],HP,Atk,Def,SpA,SpD,Spe,Total,,,,,,,,,,,,,,,,,,,,,,,,,,,,,,,,,,,,,,,,
,,,55᠎,110᠎,60᠎,55᠋,60᠋,110᠎,450᠎,,,,,,,,,,,,,,,,,,,,,,,,,,,,,,,,,,,,,,,,
,,Next Cyclist. He's standing in the middle of the road looking to the right.,,No Item,,,Super Luck (!),,,,,,,,,,,,,,,,,,,,,,,,,,,,,,,,,,,,,,,,,,
,,,"Adamant (+Atk, -SpA)",,,,,,0 IV,,,,,,,,,,,,,,,,,,,,,,,,,,,,,,,,,,,,,,,,
,,,Knock Off,,,,65᠎,100%,20PP,,,,,,,,,,,,,,,,,,,,,,,,,,,,,,,,,,,,,,,,
,,,Swords Dance,,,,--,--,20PP᠎,,,,,,,,,,,,,,,,,,,,,,,,,,,,,,,,,,,,,,,,
,,,Agility,,,,--,--,30PP,,,,,,,,,,,,,,,,,,,,,,,,,,,,,,,,,,,,,,,,
,,,Air Cutter,,,,60᠎,95%,25PP,,,,,,,,,,,,,,,,,,,,,,,,,,,,,,,,,,,,,,,,
,,,,,,,,,,,,,,,,,,,,,,,,,,,,,,,,,,,,,,,,,,,,,,,,,
,,,,,,,,,,,,,,,,,,,,,,,,,,,,,,,,,,,,,,,,,,,,,,,,,
,,,,,,,,,,,,,,,,,,,,,,,,,,,,,,,,,,,,,,,,,,,,,,,,,
,,,,#404 Luxio,,,,,Lv.21,,,,,,,,,,,,,,,,,,,,,,,,,,,,,,,,,,,,,,,,
,,,,,ELECTRIC,,,,,,,,,,,,,,,,,,,,,,,,,,,,,,,,,,,,,,,,,,,,
,,CYCLIST RYAN [28],HP,Atk,Def,SpA,SpD,Spe,Total,,,,,,,,,,,,,,,,,,,,,,,,,,,,,,,,,,,,,,,,
,,,60,85,49,60,49,60,363,,,,,,,,,,,,,,,,,,,,,,,,,,,,,,,,,,,,,,,,
,,"Next Cyclist. He's standing on the right side at the exit of the left tube, looking up.",,No Item,,,Intimidate឵ ឵,,,,,,,,,,,,,,,,,,,,,,,,,,,,,,,,,,,,,,,,,,
,,,"Timid (+Spe, -Atk)",,,,,,12 IV,,,,,,,,,,,,,,,,,,,,,,,,,,,,,,,,,,,,,,,,
,,,Spark,,,,65,100%,20PP,,,,,,,,,,,,,,,,,,,,,,,,,,,,,,,,,,,,,,,,
,,,Bite,,,,60,100%,25PP,,,,,,,,,,,,,,,,,,,,,,,,,,,,,,,,,,,,,,,,
,,,Charge,,,,--,--,20PP,,,,,,,,,,,,,,,,,,,,,,,,,,,,,,,,,,,,,,,,
,,,Double Kick,,,,30,100%,30PP,,,,,,,,,,,,,,,,,,,,,,,,,,,,,,,,,,,,,,,,
,,,,,,,,,,,,,,,,,,,,,,,,,,,,,,,,,,,,,,,,,,,,,,,,,
,,,,,,,,,,,,,,,,,,,,,,,,,,,,,,,,,,,,,,,,,,,,,,,,,
,,,,,,,,,,,,,,,,,,,,,,,,,,,,,,,,,,,,,,,,,,,,,,,,,
,,,,#135 Jolteon,,,,,Lv.21,,,,,,,,,,,,,,,,,,,,,,,,,,,,,,,,,,,,,,,,
,,,,,ELECTRIC,,,,,,,,,,,,,,,,,,,,,,,,,,,,,,,,,,,,,,,,,,,,
,,CYCLIST RACHEL [32],HP,Atk,Def,SpA,SpD,Spe,Total,,,,,,,,,,,,,,,,,,,,,,,,,,,,,,,,,,,,,,,,
,,,65,65,60,110,95,130,525,,,,,,,,,,,,,,,,,,,,,,,,,,,,,,,,,,,,,,,,
,,Next Cyclist. She's on the left side of the road looking to the right.,,No Item,,,Volt Absorb,,,,,,,,,,,,,,,,,,,,,,,,,,,,,,,,,,,,,,,,,,
,,,"Lonely (+Atk, -Def)",,,,,,12 IV,,,,,,,,,,,,,,,,,,,,,,,,,,,,,,,,,,,,,,,,
,,,Quick Attack,,,,40,100%,30PP,,,,,,,,,,,,,,,,,,,,,,,,,,,,,,,,,,,,,,,,
,,,Thunder Wave,,,,--,90%᠎,20PP,,,,,,,,,,,,,,,,,,,,,,,,,,,,,,,,,,,,,,,,
,,,Shock Wave,,,,60,--,20PP,,,,,,,,,,,,,,,,,,,,,,,,,,,,,,,,,,,,,,,,
,,,Double Kick,,,,30,100%,30PP,,,,,,,,,,,,,,,,,,,,,,,,,,,,,,,,,,,,,,,,
,,,,,,,,,,,,,,,,,,,,,,,,,,,,,,,,,,,,,,,,,,,,,,,,,
,,,,,,,,,,,,,,,,,,,,,,,,,,,,,,,,,,,,,,,,,,,,,,,,,
,,,,,,,,,,,,,,,,,,,,,,,,,,,,,,,,,,,,,,,,,,,,,,,,,
,,,,#100 Voltorb,,,,,Lv.19,,,#081 Magnemite,,,,,Lv.19,,,#309 Electrike,,,,,Lv.19,,,,,,,,,,,,,,,,,,,,,,,,
,,,,,ELECTRIC,,,,,,,,ELECTRIC,,,STEEL,,,,,ELECTRIC,,,,,,,,,,,,,,,,,,,,,,,,,,,,
,,CYCLIST KAYLA [31],HP,Atk,Def,SpA,SpD,Spe,Total,,HP,Atk,Def,SpA,SpD,Spe,Total,,HP,Atk,Def,SpA,SpD,Spe,Total,,,,,,,,,,,,,,,,,,,,,,,,
,,,40,30,50,55,55,100,330,,25,35,70,95,55,45,325,,40,45,40,65,40,65,295,,,,,,,,,,,,,,,,,,,,,,,,
,,Next Cyclist. She's on the right side of the road looking up,,No Item,,,Soundproof,,,,,No Item,,,Magnet Pull,,,,,No Item,,,Static,,,,,,,,,,,,,,,,,,,,,,,,,,
,,,"Lax (+Def, -SpD)",,,,,,12 IV,,"Brave (+Atk, -Spe)",,,,,,12 IV,,"Naughty (+Atk, -SpD)",,,,,,12 IV,,,,,,,,,,,,,,,,,,,,,,,,
,,,Thunder Shock,,,,40,100%,30PP,,Spark,,,,65,100%,20PP,,Quick Attack,,,,40,100%,30PP,,,,,,,,,,,,,,,,,,,,,,,,
,,,Rollout,,,,30,90%,20PP,,Magnet Bomb,,,,60,--,20PP,,Spark,,,,65,100%,20PP,,,,,,,,,,,,,,,,,,,,,,,,
,,,Spark,,,,65,100%,20PP,,Light Screen,,,,--,--,30PP,,Bite,,,,60,100%,25PP,,,,,,,,,,,,,,,,,,,,,,,,
,,,Charge Beam,,,,50,90%,10PP,,Charge Beam,,,,50,90%,10PP,,Charge Beam,,,,50,90%,10PP,,,,,,,,,,,,,,,,,,,,,,,,
,,,,,,,,,,,,,,,,,,,,,,,,,,,,,,,,,,,,,,,,,,,,,,,,,
,,,,,,,,,,,,,,,,,,,,,,,,,,,,,,,,,,,,,,,,,,,,,,,,,
,,ROUTE 206 - UNDER THE CYCLING ROAD,,,,,,,,,,,,,,,,,,,,,,,,,,,,,,,,,,,,,,,,,,,,,,,
,,,,,,,,,,,,,,,,,,,,,,,,,,,,,,,,,,,,,,,,,,,,,,,,,
,,,,,,,,,,,,,,,,,,,,,,,,,,,,,,,,,,,,,,,,,,,,,,,,,
,,,,#324 Torkoal,,,,,Lv.26,,,,,,,,,,,,,,,,,,,,,,,,,,,,,,,,,,,,,,,,
,,,,,FIRE,,,,,,,,,,,,,,,,,,,,,,,,,,,,,,,,,,,,,,,,,,,,
,,HIKER THEODORE [451],HP,Atk,Def,SpA,SpD,Spe,Total,,,,,,,,,,,,,,,,,,,,,,,,,,,,,,,,,,,,,,,,
,,,70,85,140,85,70,20,470,,,,,,,,,,,,,,,,,,,,,,,,,,,,,,,,,,,,,,,,
,,Hiker standing on the right side of Cycling Road,,No Item,,,Drought (!),,,,,,,,,,,,,,,,,,,,,,,,,,,,,,,,,,,,,,,,,,
,,,"Timid (+Spe, -Atk)",,,,,,12 IV,,,,,,,,,,,,,,,,,,,,,,,,,,,,,,,,,,,,,,,,
,,,Flame Wheel,,,,75᠎,100%,15PP᠋,,,,,,,,,,,,,,,,,,,,,,,,,,,,,,,,,,,,,,,,
,,He's the only fight here,Curse,,,,--,--,10PP,,,,,,,,,,,,,,,,,,,,,,,,,,,,,,,,,,,,,,,,
,,,Body Slam,,,,85,100%,15PP,,,,,,,,,,,,,,,,,,,,,,,,,,,,,,,,,,,,,,,,
,,(LOOKING UP AND DOWN),Lava Plume,,,,80,100%,15PP,,,,,,,,,,,,,,,,,,,,,,,,,,,,,,,,,,,,,,,,
,,,,,,,,,,,,,,,,,,,,,,,,,,,,,,,,,,,,,,,,,,,,,,,,,
,,,,,,,,,,,,,,,,,,,,,,,,,,,,,,,,,,,,,,,,,,,,,,,,,
,,WAYWARD CAVE,,,,,,,,,,,,,,,,,,,,,,,,,,,,,,,,,,,,,,,,,,,,,,,
,,,,,,,,,,,,,,,,,,,,,,,,,,,,,,,,,,,,,,,,,,,,,,,,,
,,,,,,,,,,,,,,,,,,,,,,,,,,,,,,,,,,,,,,,,,,,,,,,,,
,,,,#176 Togetic,,,,,Lv.27,,,#093 Haunter,,,,,Lv.27,,,#233 Porygon2,,,,,Lv.27,,,#064 Kadabra,,,,,Lv.28,,,,,,,,,,,,,,,,
,,,,,FAIRY឵ ឵,,,FLYING,,,,,GHOST,,,POISON,,,,,NORMAL,,,,,,,,PSYCHIC,,,,,,,,,,,,,,,,,,,,
,,PKMN TRAINER MIRA [1065],HP,Atk,Def,SpA,SpD,Spe,Total,,HP,Atk,Def,SpA,SpD,Spe,Total,,HP,Atk,Def,SpA,SpD,Spe,Total,,HP,Atk,Def,SpA,SpD,Spe,Total,,,,,,,,,,,,,,,,
,,,55,40,85,80,105,40,405,,45,50,45,115,55,95,405,,85,80,90,105,95,60,515,,40,35,30,120,70,105,400,,,,,,,,,,,,,,,,
,,can use : 1 HYPER POTION,,Sitrus Berry,,,Serene Grace឵ ឵,,,,,Spell Tag,,,Levitate,,,,,Expert Belt,,,Trace,,,,,Life Orb,,,Magic Guard (!),,,,,,,,,,,,,,,,,,
,,,"Lonely (+Atk, -Def)",,,,,,30 IV,,"Sassy (+SpD, -Spe)",,,,,,30 IV,,Docile (Neutral),,,,,,30 IV,,"Calm (+SpD, -Atk)",,,,,,30 IV,,,,,,,,,,,,,,,,
,,,Dazzling Gleam (!),,,,80,100%,10PP,,Shadow Ball,,,,80,100%,15PP,,Tri Attack,,,,80,100%,10PP,,Psybeam,,,,65,100%,20PP,,,,,,,,,,,,,,,,
,,,Air Cutter,,,,60᠎,95%,25PP,,Double Team,,,,--,--,15PP,,Charge Beam,,,,50,90%,10PP,,Grass Knot,,,,--,100%,20PP,,,,,,,,,,,,,,,,
,,,Soft-Boiled,,,,--,--,10PP,,Hypnosis,,,,--,60%᠋,20PP,,Signal Beam,,,,75,100%,15PP,,Dazzling Gleam (!),,,,80,100%,10PP,,,,,,,,,,,,,,,,
,,,Sweet Kiss,,,,--,75%,10PP,,Curse,,,,--,--,10PP,,Recover,,,,--,--,10PP,,Recover,,,,--,--,10PP,,,,,,,,,,,,,,,,
,,,,,,,,,,,,,,,,,,,,,,,,,,,,,,,,,,,,,,,,,,,,,,,,,
,,,,,,,,,,,,,,,,,,,,,,,,,,,,,,,,,,,,,,,,,,,,,,,,,
,,,,,,,,,,,,,,,,,,,,,,,,,,,,,,,,,,,,,,,,,,,,,,,,,
,,,,#064 Kadabra,,,,,Lv.28,,,#093 Haunter,,,,,Lv.27,,,#233 Porygon2,,,,,Lv.27,,,,,,,,,,,,,,,,,,,,,,,,
,,,,,PSYCHIC,,,,,,,,GHOST,,,POISON,,,,,NORMAL,,,,,,,,,,,,,,,,,,,,,,,,,,,,
,,PKMN TRAINER MIRA [612],HP,Atk,Def,SpA,SpD,Spe,Total,,HP,Atk,Def,SpA,SpD,Spe,Total,,HP,Atk,Def,SpA,SpD,Spe,Total,,,,,,,,,,,,,,,,,,,,,,,,
,,can use : 1 HYPER POTION,40,35,30,120,70,105,400,,45,50,45,115,55,95,405,,85,80,90,105,95,60,515,,,,,,,,,,,,,,,,,,,,,,,,
,,Partner in the whole Wayvard Cave,,No Item,,,Magic Guard (!),,,,,No Item,,,Levitate,,,,,No Item,,,Trace,,,,,,,,,,,,,,,,,,,,,,,,,,
,,Takes part in wild encounters and trainer fights (only when it's a double battle),"Modest (+SpA, -Atk)",,,,,,30 IV,,"Hasty (+Spe, -Def)",,,,,,30 IV,,"Calm (+SpD, -Atk)",,,,,,30 IV,,,,,,,,,,,,,,,,,,,,,,,,
,,,Psybeam,,,,65,100%,20PP,,Shadow Ball,,,,80,100%,15PP,,Tri Attack,,,,80,100%,10PP,,,,,,,,,,,,,,,,,,,,,,,,
,,She gives you the TM85s Dazzling Gleam once you find the Crimson Ribbon she lost,Grass Knot,,,,--,100%,20PP,,Double Team,,,,--,--,15PP,,Charge Beam,,,,50,90%,10PP,,,,,,,,,,,,,,,,,,,,,,,,
,,,Dazzling Gleam (!),,,,80,100%,10PP,,Hypnosis,,,,--,60%᠋,20PP,,Signal Beam,,,,75,100%,15PP,,,,,,,,,,,,,,,,,,,,,,,,
,,,Recover,,,,--,--,10PP,,Curse,,,,--,--,10PP,,Recover,,,,--,--,10PP,,,,,,,,,,,,,,,,,,,,,,,,
,,Heals your party after every fight,,,,,,,,,,,,,,,,,,,,,,,,,,,,,,,,,,,,,,,,,,,,,,,
,,,,,,,,,,,,,,,,,,,,,,,,,,,,,,,,,,,,,,,,,,,,,,,,,
,,,,,,,,,,,,,,,,,,,,,,,,,,,,,,,,,,,,,,,,,,,,,,,,,
,,,,#190 Aipom,,,,,Lv.25,,,#033 Nidorino,,,,,Lv.25,,,,,,,,,,,,,,,,,,,,,,,,,,,,,,,,
,,,,,NORMAL,,,,,,,,POISON,,,,,,,,,,,,,,,,,,,,,,,,,,,,,,,,,,,,
,,CAMPER DIEGO [379],HP,Atk,Def,SpA,SpD,Spe,Total,,HP,Atk,Def,SpA,SpD,Spe,Total,,,,,,,,,,,,,,,,,,,,,,,,,,,,,,,,
,,,55,70,55,40,55,85,360,,61,72,57,55,55,65,365,,,,,,,,,,,,,,,,,,,,,,,,,,,,,,,,
,,Can be ignored completely,,No Item,,,Run Away,,,,,No Item,,,Poison Point,,,,,,,,,,,,,,,,,,,,,,,,,,,,,,,,,,
,,Can be fought alone or with Picnicker Tori in a double battle,"Relaxed (+Def, -Spe)",,,,,,12 IV,,"Sassy (+SpD, -Spe)",,,,,,12 IV,,,,,,,,,,,,,,,,,,,,,,,,,,,,,,,,
,,,Pursuit,,,,40,100%,20PP,,Poison Fang,,,,65᠎,95%᠋,15PP,,,,,,,,,,,,,,,,,,,,,,,,,,,,,,,,
,,His team is on the right side of the double battle,Fury Swipes,,,,18,80%,15PP,,Horn Attack,,,,65,100%,25PP,,,,,,,,,,,,,,,,,,,,,,,,,,,,,,,,
,,,Covet,,,,60᠎,100%,25PP᠋,,Helping Hand,,,,--,--,20PP,,,,,,,,,,,,,,,,,,,,,,,,,,,,,,,,
,,Together they guard a Focus Band,Swift,,,,60,--,20PP,,Toxic Spikes,,,,--,--,20PP,,,,,,,,,,,,,,,,,,,,,,,,,,,,,,,,
,,,,,,,,,,,,,,,,,,,,,,,,,,,,,,,,,,,,,,,,,,,,,,,,,
,,,,,,,,,,,,,,,,,,,,,,,,,,,,,,,,,,,,,,,,,,,,,,,,,
,,,,#054 Psyduck,,,,,Lv.25,,,#030 Nidorina,,,,,Lv.25,,,,,,,,,,,,,,,,,,,,,,,,,,,,,,,,
,,,,,WATER,,,,,,,,POISON,,,,,,,,,,,,,,,,,,,,,,,,,,,,,,,,,,,,
,,PICNICKER TORI [458],HP,Atk,Def,SpA,SpD,Spe,Total,,HP,Atk,Def,SpA,SpD,Spe,Total,,,,,,,,,,,,,,,,,,,,,,,,,,,,,,,,
,,,50,52,48,65,50,55,320,,70,62,67,55,55,56,365,,,,,,,,,,,,,,,,,,,,,,,,,,,,,,,,
,,Can be ignored completely,,No Item,,,Damp,,,,,No Item,,,Poison Point,,,,,,,,,,,,,,,,,,,,,,,,,,,,,,,,,,
,,Can be fought alone or with Camper Diego in a double battle,"Rash (+SpA, -SpD)",,,,,,12 IV,,"Bold (+Def, -Atk)",,,,,,12 IV,,,,,,,,,,,,,,,,,,,,,,,,,,,,,,,,
,,,Water Pulse,,,,60,100%,20PP,,Poison Fang,,,,65᠎,95%᠋,15PP,,,,,,,,,,,,,,,,,,,,,,,,,,,,,,,,
,,Her team is on the left side of the double battle,Disable,,,,--,100%᠎,20PP,,Bite,,,,60,100%,25PP,,,,,,,,,,,,,,,,,,,,,,,,,,,,,,,,
,,,Zen Headbutt,,,,80,90%,15PP,,Helping Hand,,,,--,--,20PP,,,,,,,,,,,,,,,,,,,,,,,,,,,,,,,,
,,Together they guard a Focus Band,Screech,,,,--,85%,40PP,,Toxic Spikes,,,,--,--,20PP,,,,,,,,,,,,,,,,,,,,,,,,,,,,,,,,
,,,,,,,,,,,,,,,,,,,,,,,,,,,,,,,,,,,,,,,,,,,,,,,,,
,,,,,,,,,,,,,,,,,,,,,,,,,,,,,,,,,,,,,,,,,,,,,,,,,
,,,,,,,,,,,,,,,,,,,,,,,,,,,,,,,,,,,,,,,,,,,,,,,,,
,,,,#300 Skitty,,,,,Lv.24,,,#052 Meowth,,,,,Lv.24,,,#133 Eevee,,,,,Lv.24,,,,,,,,,,,,,,,,,,,,,,,,
,,,,,NORMAL,,,,,,,,NORMAL,,,,,,,,NORMAL,,,,,,,,,,,,,,,,,,,,,,,,,,,,
,,LASS CASSIDY [450],HP,Atk,Def,SpA,SpD,Spe,Total,,HP,Atk,Def,SpA,SpD,Spe,Total,,HP,Atk,Def,SpA,SpD,Spe,Total,,,,,,,,,,,,,,,,,,,,,,,,
,,Can be ignored completely,50,50᠎,50᠎,40᠎,40᠎,60᠎,290᠎,,40,45,35,40,40,90,290,,55,55,50,45,65,55,325,,,,,,,,,,,,,,,,,,,,,,,,
,,Can be fought alone or with Youngster Wayne in a double battle,,No Item,,,Cute Charm,,,,,No Item,,,Technician឵ ឵,,,,,No Item,,,Run Away,,,,,,,,,,,,,,,,,,,,,,,,,,
,,,"Careful (+SpD, -SpA)",,,,,,12 IV,,Hardy (Neutral),,,,,,12 IV,,"Brave (+Atk, -Spe)",,,,,,12 IV,,,,,,,,,,,,,,,,,,,,,,,,
,,Her team is on the right side of the double battle,Covet,,,,60᠎,100%,25PP᠋,,Pay Day,,,,40,100%,20PP,,Baton Pass,,,,--,--,40PP,,,,,,,,,,,,,,,,,,,,,,,,
,,,Copycat,,,,--,--,20PP,,Feint Attack,,,,60,--,20PP,,Swift,,,,60,--,20PP,,,,,,,,,,,,,,,,,,,,,,,,
,,Together they guard the TM32s Double Team,Feint Attack,,,,60,--,20PP,,Slash,,,,70,100%,20PP,,Refresh,,,,--,--,20PP,,,,,,,,,,,,,,,,,,,,,,,,
,,,Wake-Up Slap,,,,70᠎,100%,10PP,,Night Slash,,,,70,100%,15PP,,Wish,,,,--,--,10PP,,,,,,,,,,,,,,,,,,,,,,,,
,,,,,,,,,,,,,,,,,,,,,,,,,,,,,,,,,,,,,,,,,,,,,,,,,
,,,,,,,,,,,,,,,,,,,,,,,,,,,,,,,,,,,,,,,,,,,,,,,,,
,,,,#294 Loudred,,,,,Lv.25,,,#020 Raticate,,,,,Lv.25,,,,,,,,,,,,,,,,,,,,,,,,,,,,,,,,
,,,,,NORMAL,,,,,,,,NORMAL,,,,,,,,,,,,,,,,,,,,,,,,,,,,,,,,,,,,
,,YOUNGSTER WAYNE [496],HP,Atk,Def,SpA,SpD,Spe,Total,,HP,Atk,Def,SpA,SpD,Spe,Total,,,,,,,,,,,,,,,,,,,,,,,,,,,,,,,,
,,Can be ignored completely,84,71,43,71,43,48,360,,55,97᠎,70᠎,45᠋,70,113᠎,450᠎,,,,,,,,,,,,,,,,,,,,,,,,,,,,,,,,
,,Can be fought alone or with Lass Cassidy in a double battle,,No Item,,,Soundproof,,,,,No Item,,,Hustle (!),,,,,,,,,,,,,,,,,,,,,,,,,,,,,,,,,,
,,,"Gentle (+SpD, -Def)",,,,,,12 IV,,"Modest (+SpA, -Atk)",,,,,,12 IV,,,,,,,,,,,,,,,,,,,,,,,,,,,,,,,,
,,His team is on the left side of the double battle,Stomp,,,,65,100%,20PP,,Hyper Fang,,,,80,90%,15PP,,,,,,,,,,,,,,,,,,,,,,,,,,,,,,,,
,,,Supersonic,,,,--,55%,20PP,,Assurance,,,,60᠎,100%,10PP,,,,,,,,,,,,,,,,,,,,,,,,,,,,,,,,
,,Together they guard the TM32s Double Team,Bite,,,,60,100%,25PP,,Scary Face,,,,--,100%᠎,10PP,,,,,,,,,,,,,,,,,,,,,,,,,,,,,,,,
,,,Extrasensory,,,,80,100%,20PP᠋,,Super Fang,,,,--,90%,10PP,,,,,,,,,,,,,,,,,,,,,,,,,,,,,,,,
,,,,,,,,,,,,,,,,,,,,,,,,,,,,,,,,,,,,,,,,,,,,,,,,,
,,,,,,,,,,,,,,,,,,,,,,,,,,,,,,,,,,,,,,,,,,,,,,,,,
,,,,,,,,,,,,,,,,,,,,,,,,,,,,,,,,,,,,,,,,,,,,,,,,,
,,,,#051 Dugtrio,,,,,Lv.26,,,,,,,,,,,,,,,,,,,,,,,,,,,,,,,,,,,,,,,,
,,,,,GROUND,,,,,,,,,,,,,,,,,,,,,,,,,,,,,,,,,,,,,,,,,,,,
,,HIKER REGINALD [454],HP,Atk,Def,SpA,SpD,Spe,Total,,,,,,,,,,,,,,,,,,,,,,,,,,,,,,,,,,,,,,,,
,,Can be ignored completely,35,100᠎,50,50,70,120,425᠎,,,,,,,,,,,,,,,,,,,,,,,,,,,,,,,,,,,,,,,,
,,Can be fought alone or with Hiker Lorenzo in a double battle,,No Item,,,Sand Veil,,,,,,,,,,,,,,,,,,,,,,,,,,,,,,,,,,,,,,,,,,
,,,"Hasty (+Spe, -Def)",,,,,,12 IV,,,,,,,,,,,,,,,,,,,,,,,,,,,,,,,,,,,,,,,,
,,Hiker on the left side of the path,Dig,,,,80,100%,10PP,,,,,,,,,,,,,,,,,,,,,,,,,,,,,,,,,,,,,,,,
,,Hiker on the right side of the double battle,Sucker Punch,,,,70᠋,100%,5PP,,,,,,,,,,,,,,,,,,,,,,,,,,,,,,,,,,,,,,,,
,,,Mud Bomb,,,,65,85%,10PP,,,,,,,,,,,,,,,,,,,,,,,,,,,,,,,,,,,,,,,,
,,Together they guard a hidden Red Shard,Tri Attack,,,,80,100%,10PP,,,,,,,,,,,,,,,,,,,,,,,,,,,,,,,,,,,,,,,,
,,,,,,,,,,,,,,,,,,,,,,,,,,,,,,,,,,,,,,,,,,,,,,,,,
,,,,,,,,,,,,,,,,,,,,,,,,,,,,,,,,,,,,,,,,,,,,,,,,,
,,,,#111 Rhyhorn,,,,,Lv.25,,,#185 Sudowoodo,,,,,Lv.25,,,,,,,,,,,,,,,,,,,,,,,,,,,,,,,,
,,,,,GROUND,,,ROCK,,,,,ROCK,,,,,,,,,,,,,,,,,,,,,,,,,,,,,,,,,,,,
,,HIKER LORENZO [455],HP,Atk,Def,SpA,SpD,Spe,Total,,HP,Atk,Def,SpA,SpD,Spe,Total,,,,,,,,,,,,,,,,,,,,,,,,,,,,,,,,
,,,80,85,95,30,30,25,345,,90᠎,115᠎,125᠎,30,75᠎,30,465᠎,,,,,,,,,,,,,,,,,,,,,,,,,,,,,,,,
,,Can be ignored completely,,No Item,,,Rock Head឵ ឵,,,,,No Item,,,Rock Head឵ ឵,,,,,,,,,,,,,,,,,,,,,,,,,,,,,,,,,,
,,Can be fought alone or with Hiker Reginald in a double battle,"Modest (+SpA, -Atk)",,,,,,12 IV,,"Mild (+SpA, -Def)",,,,,,12 IV,,,,,,,,,,,,,,,,,,,,,,,,,,,,,,,,
,,,Rock Blast,,,,25,90%᠎,10PP,,Mimic,,,,--,--,10PP,,,,,,,,,,,,,,,,,,,,,,,,,,,,,,,,
,,Hiker on the right side of the path,Magnitude,,,,--,100%,30PP,,Slam,,,,80,75%,20PP,,,,,,,,,,,,,,,,,,,,,,,,,,,,,,,,
,,Hiker on the left side of the double battle,Take Down,,,,90,85%,20PP,,Feint Attack,,,,60,--,20PP,,,,,,,,,,,,,,,,,,,,,,,,,,,,,,,,
,,Together they guard a hidden Red Shard,Drill Run (!),,,,80,95%,10PP,,Rollout,,,,30,90%,20PP,,,,,,,,,,,,,,,,,,,,,,,,,,,,,,,,
,,,,,,,,,,,,,,,,,,,,,,,,,,,,,,,,,,,,,,,,,,,,,,,,,
,,,,,,,,,,,,,,,,,,,,,,,,,,,,,,,,,,,,,,,,,,,,,,,,,
,,,,,,,,,,,,,,,,,,,,,,,,,,,,,,,,,,,,,,,,,,,,,,,,,
,,,,#314 Illumise,,,,,Lv.25,,,#162 Furret,,,,,Lv.25,,,,,,,,,,,,,,,,,,,,,,,,,,,,,,,,
,,,,,BUG,,,FAIRY឵ ឵,,,,,NORMAL,,,,,,,,,,,,,,,,,,,,,,,,,,,,,,,,,,,,
,,PICNICKER ANA [459],HP,Atk,Def,SpA,SpD,Spe,Total,,HP,Atk,Def,SpA,SpD,Spe,Total,,,,,,,,,,,,,,,,,,,,,,,,,,,,,,,,
,,,65,33᠋,85᠎,97᠎,85᠎,100᠎,465᠎,,95᠎,85᠎,65᠎,45,55,105᠎,450᠎,,,,,,,,,,,,,,,,,,,,,,,,,,,,,,,,
,,Can be ignored completely,,No Item,,,Tinted Lens឵ ឵,,,,,No Item,,,Scrappy (!),,,,,,,,,,,,,,,,,,,,,,,,,,,,,,,,,,
,,Can be fought alone or with Camper Parker in a double battle,Serious (Neutral),,,,,,12 IV,,"Quiet (+SpA, -Spe)",,,,,,12 IV,,,,,,,,,,,,,,,,,,,,,,,,,,,,,,,,
,,,Silver Wind,,,,60,100%,5PP,,Follow Me,,,,--,--,20PP,,,,,,,,,,,,,,,,,,,,,,,,,,,,,,,,
,,If fought in a double battle this team will be on the right,Draining Kiss (!),,,,75᠎,100%,10PP,,Agility,,,,--,--,30PP,,,,,,,,,,,,,,,,,,,,,,,,,,,,,,,,
,,,Moonlight,,,,--,--,5PP,,Rest,,,,--,--,10PP,,,,,,,,,,,,,,,,,,,,,,,,,,,,,,,,
,,Together they guard a hidden Great Ball,Encore,,,,--,100%,5PP,,Flame Wheel,,,,75᠎,100%,15PP᠋,,,,,,,,,,,,,,,,,,,,,,,,,,,,,,,,
,,,,,,,,,,,,,,,,,,,,,,,,,,,,,,,,,,,,,,,,,,,,,,,,,
,,,,,,,,,,,,,,,,,,,,,,,,,,,,,,,,,,,,,,,,,,,,,,,,,
,,,,#313 Volbeat,,,,,Lv.25,,,#264 Linoone,,,,,Lv.25,,,,,,,,,,,,,,,,,,,,,,,,,,,,,,,,
,,,,,BUG,,,ELECTRIC឵ ឵,,,,,NORMAL,,,,,,,,,,,,,,,,,,,,,,,,,,,,,,,,,,,,
,,CAMPER PARKER [380],HP,Atk,Def,SpA,SpD,Spe,Total,,HP,Atk,Def,SpA,SpD,Spe,Total,,,,,,,,,,,,,,,,,,,,,,,,,,,,,,,,
,,,65,33᠋,75᠎,107᠎,85᠎,100᠎,465᠎,,85᠎,85᠎,60᠋,50,60᠋,110᠎,450᠎,,,,,,,,,,,,,,,,,,,,,,,,,,,,,,,,
,,Can be ignored completely,,No Item,,,Swarm឵ ឵,,,,,No Item,,,Pickup,,,,,,,,,,,,,,,,,,,,,,,,,,,,,,,,,,
,,Can be fought alone or with Camper Ana in a double battle,"Naughty (+Atk, -SpD)",,,,,,12 IV,,"Lax (+Def, -SpD)",,,,,,12 IV,,,,,,,,,,,,,,,,,,,,,,,,,,,,,,,,
,,,Bug Bite,,,,60,100%,20PP,,Headbutt,,,,70,100%,15PP,,,,,,,,,,,,,,,,,,,,,,,,,,,,,,,,
,,If fought in a double battle this team will be on the left,Charge Beam,,,,50,90%,10PP,,Fury Swipes,,,,18,80%,15PP,,,,,,,,,,,,,,,,,,,,,,,,,,,,,,,,
,,,Moonlight,,,,--,--,5PP,,Mud Sport,,,,--,--,15PP,,,,,,,,,,,,,,,,,,,,,,,,,,,,,,,,
,,Together they guard a hidden Great Ball,Signal Beam,,,,75,100%,15PP,,Slash,,,,70,100%,20PP,,,,,,,,,,,,,,,,,,,,,,,,,,,,,,,,
,,,,,,,,,,,,,,,,,,,,,,,,,,,,,,,,,,,,,,,,,,,,,,,,,
,,,,,,,,,,,,,,,,,,,,,,,,,,,,,,,,,,,,,,,,,,,,,,,,,
,,,,,,,,,,,,,,,,,,,,,,,,,,,,,,,,,,,,,,,,,,,,,,,,,
,,,,#443 Gible,,,,,Lv.24,,,#371 Bagon,,,,,Lv.24,,,#444 Gabite,,,,,Lv.24,,,,,,,,,,,,,,,,,,,,,,,,
,,,,,DRAGON,,,GROUND,,,,,DRAGON,,,,,,,,DRAGON,,,GROUND,,,,,,,,,,,,,,,,,,,,,,,,,
,,COLLECTOR TERRY [383],HP,Atk,Def,SpA,SpD,Spe,Total,,HP,Atk,Def,SpA,SpD,Spe,Total,,HP,Atk,Def,SpA,SpD,Spe,Total,,,,,,,,,,,,,,,,,,,,,,,,
,,,58,70,45,40,45,42,300,,45,75,60,40,30,50,300,,68,90,65,50,55,82,410,,,,,,,,,,,,,,,,,,,,,,,,
,,Can be ignored completely,,No Item,,,Rough Skin (!),,,,,No Item,,,Rock Head,,,,,No Item,,,Rough Skin (!),,,,,,,,,,,,,,,,,,,,,,,,,,
,,Can be fought alone or with Ruin Maniac Gerald in a double battle,"Gentle (+SpD, -Def)",,,,,,12 IV,,Docile (Neutral),,,,,,12 IV,,"Hasty (+Spe, -Def)",,,,,,12 IV,,,,,,,,,,,,,,,,,,,,,,,,
,,,Take Down,,,,90,85%,20PP,,Dragon Breath,,,,60,100%,20PP,,Take Down,,,,90,85%,20PP,,,,,,,,,,,,,,,,,,,,,,,,
,,If fought in a double battle this team will be on the right,Dragon Rage,,,,--,100%,10PP,,Headbutt,,,,70,100%,15PP,,Dragon Rage,,,,--,100%,10PP,,,,,,,,,,,,,,,,,,,,,,,,
,,,Sandstorm,,,,--,--,10PP,,Focus Energy,,,,--,--,30PP,,Sandstorm,,,,--,--,10PP,,,,,,,,,,,,,,,,,,,,,,,,
,,Together they guard a hidden Blue Shard,Dig,,,,80,100%,10PP,,Dragon Claw,,,,80,100%,15PP,,Dig,,,,80,100%,10PP,,,,,,,,,,,,,,,,,,,,,,,,
,,,,,,,,,,,,,,,,,,,,,,,,,,,,,,,,,,,,,,,,,,,,,,,,,
,,,,,,,,,,,,,,,,,,,,,,,,,,,,,,,,,,,,,,,,,,,,,,,,,
,,,,#104 Cubone,,,,,Lv.25,,,#476 Probopass,,,,,Lv.25,,,,,,,,,,,,,,,,,,,,,,,,,,,,,,,,
,,,,,GROUND,,,,,,,,ROCK,,,STEEL,,,,,,,,,,,,,,,,,,,,,,,,,,,,,,,,,
,,RUIN MANIAC GERALD [443],HP,Atk,Def,SpA,SpD,Spe,Total,,HP,Atk,Def,SpA,SpD,Spe,Total,,,,,,,,,,,,,,,,,,,,,,,,,,,,,,,,
,,,50,50,95,40,50,35,320,,60,45᠋,145,85᠎,150,40,525,,,,,,,,,,,,,,,,,,,,,,,,,,,,,,,,
,,Can be ignored completely,,No Item,,,Rock Head,,,,,No Item,,,Sturdy,,,,,,,,,,,,,,,,,,,,,,,,,,,,,,,,,,
,,Can be fought alone or with Collector Terry in a double battle,"Modest (+SpA, -Atk)",,,,,,12 IV,,"Jolly (+Spe, -SpA)",,,,,,12 IV,,,,,,,,,,,,,,,,,,,,,,,,,,,,,,,,
,,,Rage,,,,20,100%,20PP,,Rock Slide,,,,75,90%,10PP,,,,,,,,,,,,,,,,,,,,,,,,,,,,,,,,
,,If fought in a double battle this team will be on the left,Bonemerang,,,,50,90%,10PP,,Rest,,,,--,--,10PP,,,,,,,,,,,,,,,,,,,,,,,,,,,,,,,,
,,,False Swipe,,,,40,100%,40PP,,Power Gem,,,,80᠎,100%,20PP,,,,,,,,,,,,,,,,,,,,,,,,,,,,,,,,
,,Together they guard a hidden Blue Shard,Knock Off,,,,65᠎,100%,20PP,,Discharge,,,,80,100%,15PP,,,,,,,,,,,,,,,,,,,,,,,,,,,,,,,,
,,,,,,,,,,,,,,,,,,,,,,,,,,,,,,,,,,,,,,,,,,,,,,,,,
,,,,,,,,,,,,,,,,,,,,,,,,,,,,,,,,,,,,,,,,,,,,,,,,,
,,ROUTE 206 - UNDER THE CYCLING ROAD,,,,,,,,,,,,,,,,,,,,,,,,,,,,,,,,,,,,,,,,,,,,,,,
,,,,,,,,,,,,,,,,,,,,,,,,,,,,,,,,,,,,,,,,,,,,,,,,,
,,ROUTE 207,,,,,,,,,,,,,,,,,,,,,,,,,,,,,,,,,,,,,,,,,,,,,,,
,,,,,,,,,,,,,,,,,,,,,,,,,,,,,,,,,,,,,,,,,,,,,,,,,
,,,,,,,,,,,,,,,,,,,,,,,,,,,,,,,,,,,,,,,,,,,,,,,,,
,,,,#238 Smoochum,,,,,Lv.24,,,#209 Snubbull,,,,,Lv.24,,,#252 Treecko,,,,,Lv.24,,,,,,,,,,,,,,,,,,,,,,,,
,,,,,ICE,,,PSYCHIC,,,,,FAIRY឵ ឵,,,,,,,,GRASS,,,,,,,,,,,,,,,,,,,,,,,,,,,,
,,PICNICKER LAUREN [35],HP,Atk,Def,SpA,SpD,Spe,Total,,HP,Atk,Def,SpA,SpD,Spe,Total,,HP,Atk,Def,SpA,SpD,Spe,Total,,,,,,,,,,,,,,,,,,,,,,,,
,,Can be fought alone or with Camper Anthony in a double battle,45,30,15,95᠎,65,65,315᠎,,60,80,50,40,40,30,300,,40,45,35,65,55,70,310,,,,,,,,,,,,,,,,,,,,,,,,
,,,,No Item,,,Hydration (!),,,,,No Item,,,Intimidate,,,,,No Item,,,Unburden (!),,,,,,,,,,,,,,,,,,,,,,,,,,
,,If fought in a double battle this team will be on the left,"Relaxed (+Def, -Spe)",,,,,,12 IV,,"Gentle (+SpD, -Def)",,,,,,12 IV,,Serious (Neutral),,,,,,12 IV,,,,,,,,,,,,,,,,,,,,,,,,
,,,Icy Wind,,,,55,95%,15PP,,Bite,,,,60,100%,25PP,,Pursuit,,,,40,100%,20PP,,,,,,,,,,,,,,,,,,,,,,,,
,,If you take the bottom path of the route you can dodge this fight and not face any mandatory trainers,Mean Look,,,,--,--,5PP,,Headbutt,,,,70,100%,15PP,,Agility,,,,--,--,30PP,,,,,,,,,,,,,,,,,,,,,,,,
,,,Extrasensory,,,,80,100%,20PP᠋,,Roar,,,,--,--,20PP,,Giga Drain,,,,75᠎,100%,10PP,,,,,,,,,,,,,,,,,,,,,,,,
,,,Fake Tears,,,,--,100%,20PP,,Rage,,,,20,100%,20PP,,Slam,,,,80,75%,20PP,,,,,,,,,,,,,,,,,,,,,,,,
,,,,,,,,,,,,,,,,,,,,,,,,,,,,,,,,,,,,,,,,,,,,,,,,,
,,,,,,,,,,,,,,,,,,,,,,,,,,,,,,,,,,,,,,,,,,,,,,,,,
,,,,#240 Magby,,,,,Lv.24,,,#328 Trapinch,,,,,Lv.24,,,#004 Charmander,,,,,Lv.24,,,,,,,,,,,,,,,,,,,,,,,,
,,,,,FIRE,,,,,,,,BUG឵ ឵,,,GROUND,,,,,FIRE,,,,,,,,,,,,,,,,,,,,,,,,,,,,
,,CAMPER ANTHONY [34],HP,Atk,Def,SpA,SpD,Spe,Total,,HP,Atk,Def,SpA,SpD,Spe,Total,,HP,Atk,Def,SpA,SpD,Spe,Total,,,,,,,,,,,,,,,,,,,,,,,,
,,Can be fought alone or with Picnicker Lauren in a double battle,45,75,37,70,55,83,365,,55᠎,100,45,45,45,10,300᠎,,39,52,43,60,50,65,309,,,,,,,,,,,,,,,,,,,,,,,,
,,,,No Item,,,Flame Body,,,,,No Item,,,Hyper Cutter,,,,,No Item,,,Solar Power (!),,,,,,,,,,,,,,,,,,,,,,,,,,
,,If fought in a double battle this team will be on the right,"Mild (+SpA, -Def)",,,,,,12 IV,,"Calm (+SpD, -Atk)",,,,,,12 IV,,"Modest (+SpA, -Atk)",,,,,,12 IV,,,,,,,,,,,,,,,,,,,,,,,,
,,,Fire Spin,,,,35᠎,85%᠎,15PP,,Bulldoze (!),,,,60,100%,20PP,,Bite,,,,60,100%,25PP,,,,,,,,,,,,,,,,,,,,,,,,
,,If you take the bottom path of the route you can dodge this fight and not face any mandatory trainers,Will-O-Wisp,,,,--,85%᠎,15PP,,Rock Slide,,,,75,90%,10PP,,Dragon Rage,,,,--,100%,10PP,,,,,,,,,,,,,,,,,,,,,,,,
,,,Fire Punch,,,,75,100%,15PP,,Dig,,,,80,100%,10PP,,Fire Fang,,,,65,95%,15PP,,,,,,,,,,,,,,,,,,,,,,,,
,,,Confuse Ray,,,,--,100%,10PP,,Crunch,,,,80,100%,15PP,,Slash,,,,70,100%,20PP,,,,,,,,,,,,,,,,,,,,,,,,
,,,,,,,,,,,,,,,,,,,,,,,,,,,,,,,,,,,,,,,,,,,,,,,,,
,,,,,,,,,,,,,,,,,,,,,,,,,,,,,,,,,,,,,,,,,,,,,,,,,
,,,,,,,,,,,,,,,,,,,,,,,,,,,,,,,,,,,,,,,,,,,,,,,,,
,,,,#075 Graveler,,,,,Lv.25,,,#028 Sandslash,,,,,Lv.25,,,,,,,,,,,,,,,,,,,,,,,,,,,,,,,,
,,,,,ROCK,,,GROUND,,,,,GROUND,,,,,,,,,,,,,,,,,,,,,,,,,,,,,,,,,,,,
,,HIKER JUSTIN [37],HP,Atk,Def,SpA,SpD,Spe,Total,,HP,Atk,Def,SpA,SpD,Spe,Total,,,,,,,,,,,,,,,,,,,,,,,,,,,,,,,,
,,,55,95,115,45,45,35,390,,75,100,110,45,55,65,450,,,,,,,,,,,,,,,,,,,,,,,,,,,,,,,,
,,He's the one standing on the route and not on top of the small hill,,No Item,,,Rock Head,,,,,No Item,,,Sand Veil,,,,,,,,,,,,,,,,,,,,,,,,,,,,,,,,,,
,,,"Jolly (+Spe, -SpA)",,,,,,12 IV,,"Jolly (+Spe, -SpA)",,,,,,12 IV,,,,,,,,,,,,,,,,,,,,,,,,,,,,,,,,
,,,Rollout,,,,30,90%,20PP,,Fury Swipes,,,,18,80%,15PP,,,,,,,,,,,,,,,,,,,,,,,,,,,,,,,,
,,,Magnitude,,,,--,100%,30PP,,Crush Claw,,,,75,95%,10PP,,,,,,,,,,,,,,,,,,,,,,,,,,,,,,,,
,,,Self-Destruct,,,,200,100%,5PP,,Night Slash,,,,70,100%,15PP,,,,,,,,,,,,,,,,,,,,,,,,,,,,,,,,
,,(LOOKING UP AND RIGHT),Gyro Ball,,,,--,100%,5PP,,Slash,,,,70,100%,20PP,,,,,,,,,,,,,,,,,,,,,,,,,,,,,,,,
,,,,,,,,,,,,,,,,,,,,,,,,,,,,,,,,,,,,,,,,,,,,,,,,,
,,,,,,,,,,,,,,,,,,,,,,,,,,,,,,,,,,,,,,,,,,,,,,,,,
,,,,,,,,,,,,,,,,,,,,,,,,,,,,,,,,,,,,,,,,,,,,,,,,,
,,,,#271 Lombre,,,,,Lv.25,,,#207 Gligar,,,,,Lv.25,,,,,,,,,,,,,,,,,,,,,,,,,,,,,,,,
,,,,,WATER,,,GRASS,,,,,GROUND,,,FLYING,,,,,,,,,,,,,,,,,,,,,,,,,,,,,,,,,
,,YOUNGSTER AUSTIN [33],HP,Atk,Def,SpA,SpD,Spe,Total,,HP,Atk,Def,SpA,SpD,Spe,Total,,,,,,,,,,,,,,,,,,,,,,,,,,,,,,,,
,,,60,50,50,60,70,50,340,,65,75,105,35,65,85,430,,,,,,,,,,,,,,,,,,,,,,,,,,,,,,,,
,,,,No Item,,,Swift Swim,,,,,No Item,,,Immunity (!),,,,,,,,,,,,,,,,,,,,,,,,,,,,,,,,,,
,,,"Lonely (+Atk, -Def)",,,,,,12 IV,,"Quiet (+SpA, -Spe)",,,,,,12 IV,,,,,,,,,,,,,,,,,,,,,,,,,,,,,,,,
,,,Fake Out,,,,40,100%,10PP,,Bulldoze (!),,,,60,100%,20PP,,,,,,,,,,,,,,,,,,,,,,,,,,,,,,,,
,,,Fury Swipes,,,,18,80%,15PP,,Feint Attack,,,,60,--,20PP,,,,,,,,,,,,,,,,,,,,,,,,,,,,,,,,
,,,Bubble Beam,,,,75᠎,100%,15PP᠎,,Slash,,,,70,100%,20PP,,,,,,,,,,,,,,,,,,,,,,,,,,,,,,,,
,,(WALKING IN CIRCLES),Giga Drain,,,,75᠎,100%,10PP,,U-turn,,,,70,100%,20PP,,,,,,,,,,,,,,,,,,,,,,,,,,,,,,,,
,,,,,,,,,,,,,,,,,,,,,,,,,,,,,,,,,,,,,,,,,,,,,,,,,
,,,,,,,,,,,,,,,,,,,,,,,,,,,,,,,,,,,,,,,,,,,,,,,,,
,,,,,,,,,,,,,,,,,,,,,,,,,,,,,,,,,,,,,,,,,,,,,,,,,
,,,,#236 Tyrogue,,,,,Lv.26,,,#307 Meditite,,,,,Lv.26,,,#297 Hariyama,,,,,Lv.26,,,,,,,,,,,,,,,,,,,,,,,,
,,,,,FIGHTING,,,,,,,,FIGHTING,,,PSYCHIC,,,,,FIGHTING,,,,,,,,,,,,,,,,,,,,,,,,,,,,
,,BATTLE GIRL HELEN [38],HP,Atk,Def,SpA,SpD,Spe,Total,,HP,Atk,Def,SpA,SpD,Spe,Total,,HP,Atk,Def,SpA,SpD,Spe,Total,,,,,,,,,,,,,,,,,,,,,,,,
,,,35,35,35,35,35,35,210,,30,40,55,60᠎,55,60,300᠎,,144,120,60,40,60,50,474,,,,,,,,,,,,,,,,,,,,,,,,
,,Hidden Power on #307 Meditite is a Fighting type move,,No Item,,,Steadfast ឵,,,,,No Item,,,Pure Power,,,,,No Item,,,Thick Fat,,,,,,,,,,,,,,,,,,,,,,,,,,
,,,"Lonely (+Atk, -Def)",,,,,,24 IV,,"Sassy (+SpD, -Spe)",,,,,,24 IV,,"Rash (+SpA, -SpD)",,,,,,12 IV,,,,,,,,,,,,,,,,,,,,,,,,
,,,Fake Out,,,,40,100%,10PP,,Force Palm,,,,60,100%,10PP,,Vital Throw,,,,70,--,10PP,,,,,,,,,,,,,,,,,,,,,,,,
,,,Low Kick,,,,--,100%,20PP,,Hidden Power,,,,-,100%,15PP,,Smelling Salts,,,,70᠎,100%,10PP,,,,,,,,,,,,,,,,,,,,,,,,
,,,Mach Punch,,,,40,100%,30PP,,Psycho Cut,,,,70,100%,20PP,,Belly Drum,,,,--,--,10PP,,,,,,,,,,,,,,,,,,,,,,,,
,,(WALKING BACK AND FORTH),Rapid Spin,,,,20,100%,40PP,,Calm Mind,,,,--,--,20PP,,Wake-Up Slap,,,,70᠎,100%,10PP,,,,,,,,,,,,,,,,,,,,,,,,
,,,,,,,,,,,,,,,,,,,,,,,,,,,,,,,,,,,,,,,,,,,,,,,,,
,,,,,,,,,,,,,,,,,,,,,,,,,,,,,,,,,,,,,,,,,,,,,,,,,
,,,,,,,,,,,,,,,,,,,,,,,,,,,,,,,,,,,,,,,,,,,,,,,,,
,,,,#206 Dunsparce,,,,,Lv.25,,,#206 Dunsparce,,,,,Lv.25,,,,,,,,,,,,,,,,,,,,,,,,,,,,,,,,
,,,,,NORMAL,,,,,,,,NORMAL,,,,,,,,,,,,,,,,,,,,,,,,,,,,,,,,,,,,
,,HIKER KEVIN [36],HP,Atk,Def,SpA,SpD,Spe,Total,,HP,Atk,Def,SpA,SpD,Spe,Total,,,,,,,,,,,,,,,,,,,,,,,,,,,,,,,,
,,,105᠎,95᠎,95᠎,55᠋,55᠋,45,450᠎,,105᠎,95᠎,95᠎,55᠋,55᠋,45,450᠎,,,,,,,,,,,,,,,,,,,,,,,,,,,,,,,,
,,He's the one standing on top of the small hill and not on the route,,No Item,,,Serene Grace,,,,,No Item,,,Serene Grace,,,,,,,,,,,,,,,,,,,,,,,,,,,,,,,,,,
,,,"Brave (+Atk, -Spe)",,,,,,12 IV,,"Brave (+Atk, -Spe)",,,,,,12 IV,,,,,,,,,,,,,,,,,,,,,,,,,,,,,,,,
,,,Ancient Power,,,,60,100%,5PP,,Ancient Power,,,,60,100%,5PP,,,,,,,,,,,,,,,,,,,,,,,,,,,,,,,,
,,,Body Slam,,,,85,100%,15PP,,Body Slam,,,,85,100%,15PP,,,,,,,,,,,,,,,,,,,,,,,,,,,,,,,,
,,He guards a Metal Coat,Drill Run (!),,,,80,95%,10PP,,Drill Run (!),,,,80,95%,10PP,,,,,,,,,,,,,,,,,,,,,,,,,,,,,,,,
,,(LOOKING UP AND RIGHT),Roost,,,,--,--,10PP,,Roost,,,,--,--,10PP,,,,,,,,,,,,,,,,,,,,,,,,,,,,,,,,
,,,,,,,,,,,,,,,,,,,,,,,,,,,,,,,,,,,,,,,,,,,,,,,,,
,,,,,,,,,,,,,,,,,,,,,,,,,,,,,,,,,,,,,,,,,,,,,,,,,
,,,,,,,,,,,,,,,,,,,,,,,,,,,,,,,,,,,,,,,,,,,,,,,,,
,,,,#221 Piloswine,,,,,Lv.29,,,#036 Clefable,,,,,Lv.29,,,#428 Lopunny,,,,,Lv.29,,,#394 Prinplup,,,,,Lv.30,,,,,,,,,,,,,,,,
,,,,,ICE,,,GROUND,,,,,FAIRY឵ ឵,,,,,,,,NORMAL,,,FIGHTING឵ ឵,,,,,WATER,,,,,,,,,,,,,,,,,,,,
,,PKMN TRAINER DAWN [942],HP,Atk,Def,SpA,SpD,Spe,Total,,HP,Atk,Def,SpA,SpD,Spe,Total,,HP,Atk,Def,SpA,SpD,Spe,Total,,HP,Atk,Def,SpA,SpD,Spe,Total,,,,,,,,,,,,,,,,
,,(IF YOU CHOSE TURTWIG),100,100,80,60,60,50,450,,95,70,73,95᠎,90,60,483᠎,,65,106᠎,84,44᠋,96,105,500᠎,,64,66,68,81,76,50,405,,,,,,,,,,,,,,,,
,,(IF YOU PLAY AS A BOY),,Focus Sash,,,Thick Fat (!),,,,,Leftovers,,,Cute Charm,,,,,Muscle Band,,,Scrappy (!),,,,,Sitrus Berry,,,Torrent,,,,,,,,,,,,,,,,,,
,,,"Impish (+Def, -SpA)",,,,,,31 IV,,"Jolly (+Spe, -SpA)",,,,,,31 IV,,"Modest (+SpA, -Atk)",,,,,,31 IV,,"Adamant (+Atk, -SpA)",,,,,,31 IV,,,,,,,,,,,,,,,,
,,can use : 1 HYPER POTION,Avalanche,,,,60,100%,10PP,,Moonblast (!),,,,95,100%,15PP,,Dizzy Punch,,,,70,100%,10PP,,Bubble Beam,,,,75᠎,100%,15PP᠎,,,,,,,,,,,,,,,,
,,,Take Down,,,,90,85%,20PP,,Moonlight,,,,--,--,5PP,,Fake Out,,,,40,100%,10PP,,Icy Wind,,,,55,95%,15PP,,,,,,,,,,,,,,,,
,,,Rock Slide,,,,75,90%,10PP,,Encore,,,,--,100%,5PP,,Jump Kick,,,,100᠎,95%,10PP᠋,,Brick Break,,,,75,100%,15PP,,,,,,,,,,,,,,,,
,,,Ice Shard,,,,40,100%,30PP,,Thunder Wave,,,,--,90%᠎,20PP,,Quick Attack,,,,40,100%,30PP,,Shadow Claw,,,,80᠎,100%,15PP,,,,,,,,,,,,,,,,
,,,,,,,,,,,,,,,,,,,,,,,,,,,,,,,,,,,,,,,,,,,,,,,,,
,,,,,,,,,,,,,,,,,,,,,,,,,,,,,,,,,,,,,,,,,,,,,,,,,
,,,,,,,,,,,,,,,,,,,,,,,,,,,,,,,,,,,,,,,,,,,,,,,,,
,,,,#221 Piloswine,,,,,Lv.29,,,#036 Clefable,,,,,Lv.29,,,#428 Lopunny,,,,,Lv.29,,,#388 Grotle,,,,,Lv.30,,,,,,,,,,,,,,,,
,,,,,ICE,,,GROUND,,,,,FAIRY឵ ឵,,,,,,,,NORMAL,,,FIGHTING឵ ឵,,,,,GRASS,,,,,,,,,,,,,,,,,,,,
,,PKMN TRAINER DAWN [940],HP,Atk,Def,SpA,SpD,Spe,Total,,HP,Atk,Def,SpA,SpD,Spe,Total,,HP,Atk,Def,SpA,SpD,Spe,Total,,HP,Atk,Def,SpA,SpD,Spe,Total,,,,,,,,,,,,,,,,
,,(IF YOU CHOSE CHIMCHAR),100,100,80,60,60,50,450,,95,70,73,95᠎,90,60,483᠎,,65,106᠎,84,44᠋,96,105,500᠎,,75,89,85,55,65,36,405,,,,,,,,,,,,,,,,
,,(IF YOU PLAY AS A BOY),,Focus Sash,,,Thick Fat (!),,,,,Leftovers,,,Cute Charm,,,,,Muscle Band,,,Scrappy (!),,,,,Sitrus Berry,,,Overgrow,,,,,,,,,,,,,,,,,,
,,,"Brave (+Atk, -Spe)",,,,,,31 IV,,"Careful (+SpD, -SpA)",,,,,,31 IV,,"Adamant (+Atk, -SpA)",,,,,,31 IV,,Quirky (Neutral),,,,,,31 IV,,,,,,,,,,,,,,,,
,,can use : 1 HYPER POTION,Avalanche,,,,60,100%,10PP,,Moonblast (!),,,,95,100%,15PP,,Dizzy Punch,,,,70,100%,10PP,,Seed Bomb,,,,80,100%,15PP,,,,,,,,,,,,,,,,
,,,Take Down,,,,90,85%,20PP,,Moonlight,,,,--,--,5PP,,Fake Out,,,,40,100%,10PP,,Body Slam,,,,85,100%,15PP,,,,,,,,,,,,,,,,
,,,Rock Slide,,,,75,90%,10PP,,Encore,,,,--,100%,5PP,,Jump Kick,,,,100᠎,95%,10PP᠋,,Leech Seed,,,,--,90%,10PP,,,,,,,,,,,,,,,,
,,,Ice Shard,,,,40,100%,30PP,,Thunder Wave,,,,--,90%᠎,20PP,,Quick Attack,,,,40,100%,30PP,,Bulldoze (!),,,,60,100%,20PP,,,,,,,,,,,,,,,,
,,,,,,,,,,,,,,,,,,,,,,,,,,,,,,,,,,,,,,,,,,,,,,,,,
,,,,,,,,,,,,,,,,,,,,,,,,,,,,,,,,,,,,,,,,,,,,,,,,,
,,,,,,,,,,,,,,,,,,,,,,,,,,,,,,,,,,,,,,,,,,,,,,,,,
,,,,#221 Piloswine,,,,,Lv.29,,,#036 Clefable,,,,,Lv.29,,,#428 Lopunny,,,,,Lv.29,,,#391 Monferno,,,,,Lv.30,,,,,,,,,,,,,,,,
,,,,,ICE,,,GROUND,,,,,FAIRY឵ ឵,,,,,,,,NORMAL,,,FIGHTING឵ ឵,,,,,FIRE,,,FIGHTING,,,,,,,,,,,,,,,,,
,,PKMN TRAINER DAWN [941],HP,Atk,Def,SpA,SpD,Spe,Total,,HP,Atk,Def,SpA,SpD,Spe,Total,,HP,Atk,Def,SpA,SpD,Spe,Total,,HP,Atk,Def,SpA,SpD,Spe,Total,,,,,,,,,,,,,,,,
,,(IF YOU CHOSE PIPLUP),100,100,80,60,60,50,450,,95,70,73,95᠎,90,60,483᠎,,65,106᠎,84,44᠋,96,105,500᠎,,64,78,52,78,52,81,405,,,,,,,,,,,,,,,,
,,(IF YOU PLAY AS A BOY),,Focus Sash,,,Thick Fat (!),,,,,Leftovers,,,Cute Charm,,,,,Muscle Band,,,Scrappy (!),,,,,Sitrus Berry,,,Iron Fist (!),,,,,,,,,,,,,,,,,,
,,,"Bold (+Def, -Atk)",,,,,,31 IV,,"Lonely (+Atk, -Def)",,,,,,31 IV,,Docile (Neutral),,,,,,31 IV,,"Lonely (+Atk, -Def)",,,,,,31 IV,,,,,,,,,,,,,,,,
,,can use : 1 HYPER POTION,Avalanche,,,,60,100%,10PP,,Moonblast (!),,,,95,100%,15PP,,Dizzy Punch,,,,70,100%,10PP,,Flamethrower,,,,90᠋,100%,15PP,,,,,,,,,,,,,,,,
,,,Take Down,,,,90,85%,20PP,,Moonlight,,,,--,--,5PP,,Fake Out,,,,40,100%,10PP,,Fake Out,,,,40,100%,10PP,,,,,,,,,,,,,,,,
,,,Rock Slide,,,,75,90%,10PP,,Encore,,,,--,100%,5PP,,Jump Kick,,,,100᠎,95%,10PP᠋,,Mach Punch,,,,40,100%,30PP,,,,,,,,,,,,,,,,
,,,Ice Shard,,,,40,100%,30PP,,Thunder Wave,,,,--,90%᠎,20PP,,Quick Attack,,,,40,100%,30PP,,Grass Knot,,,,--,100%,20PP,,,,,,,,,,,,,,,,
,,,,,,,,,,,,,,,,,,,,,,,,,,,,,,,,,,,,,,,,,,,,,,,,,
,,,,,,,,,,,,,,,,,,,,,,,,,,,,,,,,,,,,,,,,,,,,,,,,,
,,,,,,,,,,,,,,,,,,,,,,,,,,,,,,,,,,,,,,,,,,,,,,,,,
,,,,#221 Piloswine,,,,,Lv.29,,,#210 Granbull,,,,,Lv.29,,,#463 Lickilicky,,,,,Lv.29,,,#394 Prinplup,,,,,Lv.30,,,,,,,,,,,,,,,,
,,,,,ICE,,,GROUND,,,,,FAIRY឵ ឵,,,,,,,,NORMAL,,,,,,,,WATER,,,,,,,,,,,,,,,,,,,,
,,PKMN TRAINER LUCAS [945],HP,Atk,Def,SpA,SpD,Spe,Total,,HP,Atk,Def,SpA,SpD,Spe,Total,,HP,Atk,Def,SpA,SpD,Spe,Total,,HP,Atk,Def,SpA,SpD,Spe,Total,,,,,,,,,,,,,,,,
,,(IF YOU CHOSE TURTWIG),100,100,80,60,60,50,450,,90,120,75,60,60,45,450,,110,85,95,80,95,50,515,,64,66,68,81,76,50,405,,,,,,,,,,,,,,,,
,,(IF YOU PLAY AS A GIRL),,Focus Sash,,,Thick Fat (!),,,,,Muscle Band,,,Intimidate,,,,,Leftovers,,,Own Tempo,,,,,Sitrus Berry,,,Torrent,,,,,,,,,,,,,,,,,,
,,,"Hasty (+Spe, -Def)",,,,,,31 IV,,"Hasty (+Spe, -Def)",,,,,,31 IV,,"Hasty (+Spe, -Def)",,,,,,31 IV,,"Hasty (+Spe, -Def)",,,,,,31 IV,,,,,,,,,,,,,,,,
,,can use : 1 HYPER POTION,Avalanche,,,,60,100%,10PP,,Play Rough (!),,,,90,90%,10PP,,Slam,,,,80,75%,20PP,,Bubble Beam,,,,75᠎,100%,15PP᠎,,,,,,,,,,,,,,,,
,,,Take Down,,,,90,85%,20PP,,Fire Fang,,,,65,95%,15PP,,Magnitude,,,,--,100%,30PP,,Icy Wind,,,,55,95%,15PP,,,,,,,,,,,,,,,,
,,,Rock Slide,,,,75,90%,10PP,,Thunder Fang,,,,65,95%,15PP,,Knock Off,,,,65᠎,100%,20PP,,Brick Break,,,,75,100%,15PP,,,,,,,,,,,,,,,,
,,,Ice Shard,,,,40,100%,30PP,,Ice Fang,,,,65,95%,15PP,,Protect,,,,--,--,10PP,,Shadow Claw,,,,80᠎,100%,15PP,,,,,,,,,,,,,,,,
,,,,,,,,,,,,,,,,,,,,,,,,,,,,,,,,,,,,,,,,,,,,,,,,,
,,,,,,,,,,,,,,,,,,,,,,,,,,,,,,,,,,,,,,,,,,,,,,,,,
,,,,,,,,,,,,,,,,,,,,,,,,,,,,,,,,,,,,,,,,,,,,,,,,,
,,,,#221 Piloswine,,,,,Lv.29,,,#210 Granbull,,,,,Lv.29,,,#463 Lickilicky,,,,,Lv.29,,,#388 Grotle,,,,,Lv.30,,,,,,,,,,,,,,,,
,,,,,ICE,,,GROUND,,,,,FAIRY឵ ឵,,,,,,,,NORMAL,,,,,,,,GRASS,,,,,,,,,,,,,,,,,,,,
,,PKMN TRAINER LUCAS [943],HP,Atk,Def,SpA,SpD,Spe,Total,,HP,Atk,Def,SpA,SpD,Spe,Total,,HP,Atk,Def,SpA,SpD,Spe,Total,,HP,Atk,Def,SpA,SpD,Spe,Total,,,,,,,,,,,,,,,,
,,(IF YOU CHOSE CHIMCHAR),100,100,80,60,60,50,450,,90,120,75,60,60,45,450,,110,85,95,80,95,50,515,,75,89,85,55,65,36,405,,,,,,,,,,,,,,,,
,,(IF YOU PLAY AS A GIRL),,Focus Sash,,,Thick Fat (!),,,,,Muscle Band,,,Intimidate,,,,,Leftovers,,,Own Tempo,,,,,Sitrus Berry,,,Overgrow,,,,,,,,,,,,,,,,,,
,,,"Hasty (+Spe, -Def)",,,,,,31 IV,,"Hasty (+Spe, -Def)",,,,,,31 IV,,"Hasty (+Spe, -Def)",,,,,,31 IV,,"Hasty (+Spe, -Def)",,,,,,31 IV,,,,,,,,,,,,,,,,
,,can use : 1 HYPER POTION,Avalanche,,,,60,100%,10PP,,Play Rough (!),,,,90,90%,10PP,,Slam,,,,80,75%,20PP,,Seed Bomb,,,,80,100%,15PP,,,,,,,,,,,,,,,,
,,,Take Down,,,,90,85%,20PP,,Fire Fang,,,,65,95%,15PP,,Magnitude,,,,--,100%,30PP,,Body Slam,,,,85,100%,15PP,,,,,,,,,,,,,,,,
,,,Rock Slide,,,,75,90%,10PP,,Thunder Fang,,,,65,95%,15PP,,Knock Off,,,,65᠎,100%,20PP,,Leech Seed,,,,--,90%,10PP,,,,,,,,,,,,,,,,
,,,Ice Shard,,,,40,100%,30PP,,Ice Fang,,,,65,95%,15PP,,Protect,,,,--,--,10PP,,Bulldoze (!),,,,60,100%,20PP,,,,,,,,,,,,,,,,
,,,,,,,,,,,,,,,,,,,,,,,,,,,,,,,,,,,,,,,,,,,,,,,,,
,,,,,,,,,,,,,,,,,,,,,,,,,,,,,,,,,,,,,,,,,,,,,,,,,
,,,,,,,,,,,,,,,,,,,,,,,,,,,,,,,,,,,,,,,,,,,,,,,,,
,,,,#221 Piloswine,,,,,Lv.29,,,#210 Granbull,,,,,Lv.29,,,#463 Lickilicky,,,,,Lv.29,,,#391 Monferno,,,,,Lv.30,,,,,,,,,,,,,,,,
,,,,,ICE,,,GROUND,,,,,FAIRY឵ ឵,,,,,,,,NORMAL,,,,,,,,FIRE,,,FIGHTING,,,,,,,,,,,,,,,,,
,,PKMN TRAINER LUCAS [944],HP,Atk,Def,SpA,SpD,Spe,Total,,HP,Atk,Def,SpA,SpD,Spe,Total,,HP,Atk,Def,SpA,SpD,Spe,Total,,HP,Atk,Def,SpA,SpD,Spe,Total,,,,,,,,,,,,,,,,
,,(IF YOU CHOSE PIPLUP),100,100,80,60,60,50,450,,90,120,75,60,60,45,450,,110,85,95,80,95,50,515,,64,78,52,78,52,81,405,,,,,,,,,,,,,,,,
,,(IF YOU PLAY AS A GIRL),,Focus Sash,,,Thick Fat (!),,,,,Muscle Band,,,Intimidate,,,,,Leftovers,,,Own Tempo,,,,,Sitrus Berry,,,Iron Fist (!),,,,,,,,,,,,,,,,,,
,,,"Hasty (+Spe, -Def)",,,,,,31 IV,,"Hasty (+Spe, -Def)",,,,,,31 IV,,"Hasty (+Spe, -Def)",,,,,,31 IV,,"Hasty (+Spe, -Def)",,,,,,31 IV,,,,,,,,,,,,,,,,
,,can use : 1 HYPER POTION,Avalanche,,,,60,100%,10PP,,Play Rough (!),,,,90,90%,10PP,,Slam,,,,80,75%,20PP,,Flamethrower,,,,90᠋,100%,15PP,,,,,,,,,,,,,,,,
,,,Take Down,,,,90,85%,20PP,,Fire Fang,,,,65,95%,15PP,,Magnitude,,,,--,100%,30PP,,Fake Out,,,,40,100%,10PP,,,,,,,,,,,,,,,,
,,,Rock Slide,,,,75,90%,10PP,,Thunder Fang,,,,65,95%,15PP,,Knock Off,,,,65᠎,100%,20PP,,Mach Punch,,,,40,100%,30PP,,,,,,,,,,,,,,,,
,,,Ice Shard,,,,40,100%,30PP,,Ice Fang,,,,65,95%,15PP,,Protect,,,,--,--,10PP,,Grass Knot,,,,--,100%,20PP,,,,,,,,,,,,,,,,
,,,,,,,,,,,,,,,,,,,,,,,,,,,,,,,,,,,,,,,,,,,,,,,,,
,,,,,,,,,,,,,,,,,,,,,,,,,,,,,,,,,,,,,,,,,,,,,,,,,
,,MT CORONET - R207 ENTRY,,,,,,,,,,,,,,,,,,,,,,,,,,,,,,,,,,,,,,,,,,,,,,,
,,,,,,,,,,,,,,,,,,,,,,,,,,,,,,,,,,,,,,,,,,,,,,,,,
,,ROUTE 208,,,,,,,,,,,,,,,,,,,,,,,,,,,,,,,,,,,,,,,,,,,,,,,
,,,,,,,,,,,,,,,,,,,,,,,,,,,,,,,,,,,,,,,,,,,,,,,,,
,,,,,,,,,,,,,,,,,,,,,,,,,,,,,,,,,,,,,,,,,,,,,,,,,
,,,,#449 Hippopotas,,,,,Lv.26,,,#213 Shuckle,,,,,Lv.26,,,#436 Bronzor,,,,,Lv.26,,,,,,,,,,,,,,,,,,,,,,,,
,,,,,GROUND,,,,,,,,BUG,,,ROCK,,,,,STEEL,,,PSYCHIC,,,,,,,,,,,,,,,,,,,,,,,,,
,,HIKER JONATHAN [41],HP,Atk,Def,SpA,SpD,Spe,Total,,HP,Atk,Def,SpA,SpD,Spe,Total,,HP,Atk,Def,SpA,SpD,Spe,Total,,,,,,,,,,,,,,,,,,,,,,,,
,,,68,72,78,38,42,32,330,,20,10,230,10,230,5,505,,57,24,86,24,86,23,300,,,,,,,,,,,,,,,,,,,,,,,,
,,,,No Item,,,Sand Stream,,,,,No Item,,,Sturdy,,,,,No Item,,,Levitate,,,,,,,,,,,,,,,,,,,,,,,,,,
,,,"Gentle (+SpD, -Def)",,,,,,12 IV,,Serious (Neutral),,,,,,12 IV,,"Hasty (+Spe, -Def)",,,,,,12 IV,,,,,,,,,,,,,,,,,,,,,,,,
,,,Yawn,,,,--,--,10PP,,Rock Throw,,,,50,90%,15PP,,Extrasensory,,,,80,100%,20PP᠋,,,,,,,,,,,,,,,,,,,,,,,,
,,,Bulldoze (!),,,,60,100%,20PP,,Rest,,,,--,--,10PP,,Feint Attack,,,,60,--,20PP,,,,,,,,,,,,,,,,,,,,,,,,
,,,Take Down,,,,90,85%,20PP,,Bug Bite,,,,60,100%,20PP,,Gyro Ball,,,,--,100%,5PP,,,,,,,,,,,,,,,,,,,,,,,,
,,(LOOKING DOWN AND LEFT),Dig,,,,80,100%,10PP,,Rock Slide,,,,75,90%,10PP,,Iron Defense,,,,--,--,15PP,,,,,,,,,,,,,,,,,,,,,,,,
,,,,,,,,,,,,,,,,,,,,,,,,,,,,,,,,,,,,,,,,,,,,,,,,,
,,,,,,,,,,,,,,,,,,,,,,,,,,,,,,,,,,,,,,,,,,,,,,,,,
,,,,,,,,,,,,,,,,,,,,,,,,,,,,,,,,,,,,,,,,,,,,,,,,,
,,,,#067 Machoke,,,,,Lv.29,,,,,,,,,,,,,,,,,,,,,,,,,,,,,,,,,,,,,,,,
,,,,,FIGHTING,,,,,,,,,,,,,,,,,,,,,,,,,,,,,,,,,,,,,,,,,,,,
,,BLACK BELT KYLE [42],HP,Atk,Def,SpA,SpD,Spe,Total,,,,,,,,,,,,,,,,,,,,,,,,,,,,,,,,,,,,,,,,
,,,80,100,70,50,60,45,405,,,,,,,,,,,,,,,,,,,,,,,,,,,,,,,,,,,,,,,,
,,,,No Item,,,Guts,,,,,,,,,,,,,,,,,,,,,,,,,,,,,,,,,,,,,,,,,,
,,,"Mild (+SpA, -Def)",,,,,,24 IV,,,,,,,,,,,,,,,,,,,,,,,,,,,,,,,,,,,,,,,,
,,,Revenge,,,,60,100%,10PP,,,,,,,,,,,,,,,,,,,,,,,,,,,,,,,,,,,,,,,,
,,,Knock Off,,,,65᠎,100%,20PP,,,,,,,,,,,,,,,,,,,,,,,,,,,,,,,,,,,,,,,,
,,He guards the TM75s Sword Dance,Vital Throw,,,,70,--,10PP,,,,,,,,,,,,,,,,,,,,,,,,,,,,,,,,,,,,,,,,
,,(WALKING IN CIRCLES),Wake-Up Slap,,,,70᠎,100%,10PP,,,,,,,,,,,,,,,,,,,,,,,,,,,,,,,,,,,,,,,,
,,,,,,,,,,,,,,,,,,,,,,,,,,,,,,,,,,,,,,,,,,,,,,,,,
,,,,,,,,,,,,,,,,,,,,,,,,,,,,,,,,,,,,,,,,,,,,,,,,,
,,,,,,,,,,,,,,,,,,,,,,,,,,,,,,,,,,,,,,,,,,,,,,,,,
,,,,#105 Marowak,,,,,Lv.28,,,,,,,,,,,,,,,,,,,,,,,,,,,,,,,,,,,,,,,,
,,,,,GROUND,,,,,,,,,,,,,,,,,,,,,,,,,,,,,,,,,,,,,,,,,,,,
,,HIKER ROBERT [39],HP,Atk,Def,SpA,SpD,Spe,Total,,,,,,,,,,,,,,,,,,,,,,,,,,,,,,,,,,,,,,,,
,,,60,80,110,50,80,45,425,,,,,,,,,,,,,,,,,,,,,,,,,,,,,,,,,,,,,,,,
,,He's standing on the top side of the path looking down,,No Item,,,Rock Head,,,,,,,,,,,,,,,,,,,,,,,,,,,,,,,,,,,,,,,,,,
,,,Bashful (Neutral),,,,,,12 IV,,,,,,,,,,,,,,,,,,,,,,,,,,,,,,,,,,,,,,,,
,,,Bonemerang,,,,50,90%,10PP,,,,,,,,,,,,,,,,,,,,,,,,,,,,,,,,,,,,,,,,
,,,False Swipe,,,,40,100%,40PP,,,,,,,,,,,,,,,,,,,,,,,,,,,,,,,,,,,,,,,,
,,,Knock Off,,,,65᠎,100%,20PP,,,,,,,,,,,,,,,,,,,,,,,,,,,,,,,,,,,,,,,,
,,,Swords Dance,,,,--,--,20PP᠎,,,,,,,,,,,,,,,,,,,,,,,,,,,,,,,,,,,,,,,,
,,,,,,,,,,,,,,,,,,,,,,,,,,,,,,,,,,,,,,,,,,,,,,,,,
,,,,,,,,,,,,,,,,,,,,,,,,,,,,,,,,,,,,,,,,,,,,,,,,,
,,,,,,,,,,,,,,,,,,,,,,,,,,,,,,,,,,,,,,,,,,,,,,,,,
,,,,#075 Graveler,,,,,Lv.28,,,,,,,,,,,,,,,,,,,,,,,,,,,,,,,,,,,,,,,,
,,,,,ROCK,,,GROUND,,,,,,,,,,,,,,,,,,,,,,,,,,,,,,,,,,,,,,,,,
,,HIKER ALEXANDER [40],HP,Atk,Def,SpA,SpD,Spe,Total,,,,,,,,,,,,,,,,,,,,,,,,,,,,,,,,,,,,,,,,
,,,55,95,115,45,45,35,390,,,,,,,,,,,,,,,,,,,,,,,,,,,,,,,,,,,,,,,,
,,He's standing on the top side of the path looking down,,No Item,,,Rock Head,,,,,,,,,,,,,,,,,,,,,,,,,,,,,,,,,,,,,,,,,,
,,,Serious (Neutral),,,,,,12 IV,,,,,,,,,,,,,,,,,,,,,,,,,,,,,,,,,,,,,,,,
,,,Magnitude,,,,--,100%,30PP,,,,,,,,,,,,,,,,,,,,,,,,,,,,,,,,,,,,,,,,
,,,Self-Destruct,,,,200,100%,5PP,,,,,,,,,,,,,,,,,,,,,,,,,,,,,,,,,,,,,,,,
,,,Gyro Ball,,,,--,100%,5PP,,,,,,,,,,,,,,,,,,,,,,,,,,,,,,,,,,,,,,,,
,,He guards an Ether,Rock Slide,,,,75,90%,10PP,,,,,,,,,,,,,,,,,,,,,,,,,,,,,,,,,,,,,,,,
,,,,,,,,,,,,,,,,,,,,,,,,,,,,,,,,,,,,,,,,,,,,,,,,,
,,,,,,,,,,,,,,,,,,,,,,,,,,,,,,,,,,,,,,,,,,,,,,,,,
,,,,,,,,,,,,,,,,,,,,,,,,,,,,,,,,,,,,,,,,,,,,,,,,,
,,,,#315 Roselia,,,,,Lv.27,,,#192 Sunflora,,,,,Lv.27,,,,,,,,,,,,,,,,,,,,,,,,,,,,,,,,
,,,,,GRASS,,,POISON,,,,,GRASS,,,,,,,,,,,,,,,,,,,,,,,,,,,,,,,,,,,,
,,AROMA LADY HANNAH [44],HP,Atk,Def,SpA,SpD,Spe,Total,,HP,Atk,Def,SpA,SpD,Spe,Total,,,,,,,,,,,,,,,,,,,,,,,,,,,,,,,,
,,,50,60,45,100,80,65,400,,85᠎,55᠋,85᠎,125᠎,95᠎,30,475᠎,,,,,,,,,,,,,,,,,,,,,,,,,,,,,,,,
,,,,No Item,,,Poison Point឵ ឵,,,,,No Item,,,Chlorophyll,,,,,,,,,,,,,,,,,,,,,,,,,,,,,,,,,,
,,,"Impish (+Def, -SpA)",,,,,,12 IV,,"Naive (+Spe, -SpD)",,,,,,12 IV,,,,,,,,,,,,,,,,,,,,,,,,,,,,,,,,
,,,Sludge,,,,75᠎,100%,15PP᠋,,Nature Power,,,,--,--,20PP,,,,,,,,,,,,,,,,,,,,,,,,,,,,,,,,
,,,Spikes,,,,--,--,20PP,,Giga Drain,,,,75᠎,100%,10PP,,,,,,,,,,,,,,,,,,,,,,,,,,,,,,,,
,,,Toxic Spikes,,,,--,--,20PP,,Bullet Seed,,,,25᠎,100%,30PP,,,,,,,,,,,,,,,,,,,,,,,,,,,,,,,,
,,(SPINNING REGULARLY),Giga Drain,,,,75᠎,100%,10PP,,Morning Sun,,,,--,--,5PP,,,,,,,,,,,,,,,,,,,,,,,,,,,,,,,,
,,,,,,,,,,,,,,,,,,,,,,,,,,,,,,,,,,,,,,,,,,,,,,,,,
,,,,,,,,,,,,,,,,,,,,,,,,,,,,,,,,,,,,,,,,,,,,,,,,,
,,,,,,,,,,,,,,,,,,,,,,,,,,,,,,,,,,,,,,,,,,,,,,,,,
,,,,#235 Smeargle,,,,,Lv.26,,,#235 Smeargle,,,,,Lv.26,,,#235 Smeargle,,,,,Lv.26,,,,,,,,,,,,,,,,,,,,,,,,
,,,,,NORMAL,,,,,,,,NORMAL,,,,,,,,NORMAL,,,,,,,,,,,,,,,,,,,,,,,,,,,,
,,ARTIST WILLIAM [45],HP,Atk,Def,SpA,SpD,Spe,Total,,HP,Atk,Def,SpA,SpD,Spe,Total,,HP,Atk,Def,SpA,SpD,Spe,Total,,,,,,,,,,,,,,,,,,,,,,,,
,,,55,20,35,20,45,75,250,,55,20,35,20,45,75,250,,55,20,35,20,45,75,250,,,,,,,,,,,,,,,,,,,,,,,,
,,,,No Item,,,Technician឵ ឵,,,,,No Item,,,Technician឵ ឵,,,,,No Item,,,Technician឵ ឵,,,,,,,,,,,,,,,,,,,,,,,,,,
,,,"Impish (+Def, -SpA)",,,,,,12 IV,,"Impish (+Def, -SpA)",,,,,,12 IV,,"Impish (+Def, -SpA)",,,,,,12 IV,,,,,,,,,,,,,,,,,,,,,,,,
,,,Spore,,,,--,100%,15PP,,Blast Burn,,,,150,90%,5PP,,Sacred Fire,,,,100,95%,5PP,,,,,,,,,,,,,,,,,,,,,,,,
,,,Stealth Rock,,,,--,--,20PP,,Hyper Beam,,,,150,90%,5PP,,Aeroblast,,,,100,95%,5PP,,,,,,,,,,,,,,,,,,,,,,,,
,,,Nightmare,,,,--,100%,15PP,,Hydro Cannon,,,,150,90%,5PP,,Spacial Rend,,,,100,95%,5PP,,,,,,,,,,,,,,,,,,,,,,,,
,,(LOOKING LEFT AND RIGHT),Leech Seed,,,,--,90%,10PP,,Frenzy Plant,,,,150,90%,5PP,,Doom Desire,,,,140᠎,100%᠎,5PP,,,,,,,,,,,,,,,,,,,,,,,,
,,,,,,,,,,,,,,,,,,,,,,,,,,,,,,,,,,,,,,,,,,,,,,,,,
,,,,,,,,,,,,,,,,,,,,,,,,,,,,,,,,,,,,,,,,,,,,,,,,,
,,,,,,,,,,,,,,,,,,,,,,,,,,,,,,,,,,,,,,,,,,,,,,,,,
,,,,#269 Dustox,,,,,Lv.31,,,#267 Beautifly,,,,,Lv.31,,,#049 Venomoth,,,,,Lv.31,,,#212 Scizor,,,,,Lv.31,,,#452 Drapion,,,,,Lv.32,,,,,,,,
,,,,,BUG,,,POISON,,,,,BUG,,,FLYING,,,,,BUG,,,POISON,,,,,BUG,,,STEEL,,,,,POISON,,,DARK,,,,,,,,,
,,ELITE FOUR AARON [946],HP,Atk,Def,SpA,SpD,Spe,Total,,HP,Atk,Def,SpA,SpD,Spe,Total,,HP,Atk,Def,SpA,SpD,Spe,Total,,HP,Atk,Def,SpA,SpD,Spe,Total,,HP,Atk,Def,SpA,SpD,Spe,Total,,,,,,,,
,,,60,50,75᠎,75᠎,115᠎,75᠎,450᠎,,60,70,60᠎,125᠎,60᠎,75᠎,450᠎,,70,55᠋,60,100᠎,75,90,450,,70,130,100,55,80,65,500,,70,90,110,60,75,95,500,,,,,,,,
,,Fights you when you walk through the gate between Route 208 and Hearthome City,,Leftovers,,,Shield Dust,,,,,Focus Sash,,,Swarm,,,,,Wise Glasses,,,Tinted Lens឵឵ ឵,,,,,Muscle Band,,,Technician ឵,,,,,Scope Lens,,,Sniper឵ ឵,,,,,,,,,,
,,,"Calm (+SpD, -Atk)",,,,,,30 IV,,"Mild (+SpA, -Def)",,,,,,30 IV,,"Naive (+Spe, -SpD)",,,,,,31 IV,,"Adamant (+Atk, -SpA)",,,,,,30 IV,,"Jolly (+Spe, -SpA)",,,,,,30 IV,,,,,,,,
,,,Bug Buzz,,,,90,100%,10PP,,Bug Buzz,,,,90,100%,10PP,,Bug Buzz,,,,90,100%,10PP,,X-Scissor,,,,80,100%,15PP,,Cross Poison,,,,90᠎,100%,15PP᠋,,,,,,,,
,,,Toxic,,,,--,90%᠎,10PP,,Air Slash,,,,75,95%,15PP᠋,,Psychic,,,,90,100%,10PP,,Bullet Punch,,,,40,100%,30PP,,X-Scissor,,,,80,100%,15PP,,,,,,,,
,,can use : 1 FULL RESTORE,Protect,,,,--,--,10PP,,Energy Ball,,,,90᠎,100%,10PP,,Sludge Bomb,,,,90,100%,10PP,,Iron Head,,,,80,100%,15PP,,Night Slash,,,,70,100%,15PP,,,,,,,,
,,gives you TM81s X-Scissor,Moonlight,,,,--,--,5PP,,Psychic,,,,90,100%,10PP,,Sleep Powder,,,,--,75%,15PP,,Swords Dance,,,,--,--,20PP᠎,,Swords Dance,,,,--,--,20PP᠎,,,,,,,,
,,,,,,,,,,,,,,,,,,,,,,,,,,,,,,,,,,,,,,,,,,,,,,,,,
,,,,,,,,,,,,,,,,,,,,,,,,,,,,,,,,,,,,,,,,,,,,,,,,,
,,HEARTHOME CITY,,,,,,,,,,,,,,,,,,,,,,,,,,,,,,,,,,,,,,,,,,,,,,,
,,,,,,,,,,,,,,,,,,,,,,,,,,,,,,,,,,,,,,,,,,,,,,,,,
,,HEARTHOME CITY POKEMON CENTER,,,,,,,,,,,,,,,,,,,,,,,,,,,,,,,,,,,,,,,,,,,,,,,
,,,,,,,,,,,,,,,,,,,,,,,,,,,,,,,,,,,,,,,,,,,,,,,,,
,,,,,,,,,,,,,,,,,,,,,,,,,,,,,,,,,,,,,,,,,,,,,,,,,
,,,,#425 Drifloon,,,,,Lv.30,,,#404 Luxio,,,,,Lv.30,,,,,,,,,,,,,,,,,,,,,,,,,,,,,,,,
,,,,,GHOST,,,FLYING,,,,,ELECTRIC,,,,,,,,,,,,,,,,,,,,,,,,,,,,,,,,,,,,
,,REPORTER KINSEY [894],HP,Atk,Def,SpA,SpD,Spe,Total,,HP,Atk,Def,SpA,SpD,Spe,Total,,,,,,,,,,,,,,,,,,,,,,,,,,,,,,,,
,,,90,50,34,60,44,70,348,,60,85,49,60,49,60,363,,,,,,,,,,,,,,,,,,,,,,,,,,,,,,,,
,,This is the team she has when you arrive in Hearthome City.,,No Item,,,Unburden឵ ឵,,,,,No Item,,,Intimidate឵ ឵,,,,,,,,,,,,,,,,,,,,,,,,,,,,,,,,,,
,,,"Brave (+Atk, -Spe)",,,,,,12 IV,,"Modest (+SpA, -Atk)",,,,,,12 IV,,,,,,,,,,,,,,,,,,,,,,,,,,,,,,,,
,,,Swallow,,,,--,--,10PP,,Thunder Fang,,,,65,95%,15PP,,,,,,,,,,,,,,,,,,,,,,,,,,,,,,,,
,,,Spit Up,,,,--,100%,10PP,,Ice Fang,,,,65,95%,15PP,,,,,,,,,,,,,,,,,,,,,,,,,,,,,,,,
,,,Shadow Ball,,,,80,100%,15PP,,Fire Fang,,,,65,95%,15PP,,,,,,,,,,,,,,,,,,,,,,,,,,,,,,,,
,,,Amnesia,,,,--,--,20PP,,Roar,,,,--,--,20PP,,,,,,,,,,,,,,,,,,,,,,,,,,,,,,,,
,,,,,,,,,,,,,,,,,,,,,,,,,,,,,,,,,,,,,,,,,,,,,,,,,
,,,,,,,,,,,,,,,,,,,,,,,,,,,,,,,,,,,,,,,,,,,,,,,,,
,,HEARTHOME CITY GYM - FIRST ROOM,,,,,,,,,,,,,,,,,,,,,,,,,,,,,,,,,,,,,,,,,,,,,,,
,,,,,,,,,,,,,,,,,,,,,,,,,,,,,,,,,,,,,,,,,,,,,,,,,
,,,,,,,,,,,,,,,,,,,,,,,,,,,,,,,,,,,,,,,,,,,,,,,,,
,,,,#092 Gastly,,,,,Lv.27,,,#092 Gastly,,,,,Lv.27,,,#092 Gastly,,,,,Lv.27,,,,,,,,,,,,,,,,,,,,,,,,
,,,,,GHOST,,,POISON,,,,,GHOST,,,POISON,,,,,GHOST,,,POISON,,,,,,,,,,,,,,,,,,,,,,,,,
,,YOUNGSTER DONNY [357],HP,Atk,Def,SpA,SpD,Spe,Total,,HP,Atk,Def,SpA,SpD,Spe,Total,,HP,Atk,Def,SpA,SpD,Spe,Total,,,,,,,,,,,,,,,,,,,,,,,,
,,,30,35,30,100,35,80,310,,30,35,30,100,35,80,310,,30,35,30,100,35,80,310,,,,,,,,,,,,,,,,,,,,,,,,
,,,,No Item,,,Levitate,,,,,No Item,,,Levitate,,,,,No Item,,,Levitate,,,,,,,,,,,,,,,,,,,,,,,,,,
,,,"Timid (+Spe, -Atk)",,,,,,24 IV,,"Timid (+Spe, -Atk)",,,,,,24 IV,,"Timid (+Spe, -Atk)",,,,,,24 IV,,,,,,,,,,,,,,,,,,,,,,,,
,,,Ominous Wind,,,,60,100%,5PP,,Ominous Wind,,,,60,100%,5PP,,Ominous Wind,,,,60,100%,5PP,,,,,,,,,,,,,,,,,,,,,,,,
,,,Curse,,,,--,--,10PP,,Curse,,,,--,--,10PP,,Curse,,,,--,--,10PP,,,,,,,,,,,,,,,,,,,,,,,,
,,,Sucker Punch,,,,70᠋,100%,5PP,,Sucker Punch,,,,70᠋,100%,5PP,,Sucker Punch,,,,70᠋,100%,5PP,,,,,,,,,,,,,,,,,,,,,,,,
,,(ROAMS AROUND),Shadow Ball,,,,80,100%,15PP,,Shadow Ball,,,,80,100%,15PP,,Shadow Ball,,,,80,100%,15PP,,,,,,,,,,,,,,,,,,,,,,,,
,,,,,,,,,,,,,,,,,,,,,,,,,,,,,,,,,,,,,,,,,,,,,,,,,
,,,,,,,,,,,,,,,,,,,,,,,,,,,,,,,,,,,,,,,,,,,,,,,,,
,,,,,,,,,,,,,,,,,,,,,,,,,,,,,,,,,,,,,,,,,,,,,,,,,
,,,,#200 Misdreavus,,,,,Lv.29,,,,,,,,,,,,,,,,,,,,,,,,,,,,,,,,,,,,,,,,
,,,,,GHOST,,,FAIRY឵ ឵,,,,,,,,,,,,,,,,,,,,,,,,,,,,,,,,,,,,,,,,,
,,LASS MOLLY [325],HP,Atk,Def,SpA,SpD,Spe,Total,,,,,,,,,,,,,,,,,,,,,,,,,,,,,,,,,,,,,,,,
,,,60,60,60,85,85,85,435,,,,,,,,,,,,,,,,,,,,,,,,,,,,,,,,,,,,,,,,
,,,,No Item,,,Levitate,,,,,,,,,,,,,,,,,,,,,,,,,,,,,,,,,,,,,,,,,,
,,,"Calm (+SpD, -Atk)",,,,,,24 IV,,,,,,,,,,,,,,,,,,,,,,,,,,,,,,,,,,,,,,,,
,,,Pain Split,,,,--,--,20PP,,,,,,,,,,,,,,,,,,,,,,,,,,,,,,,,,,,,,,,,
,,,Shadow Ball,,,,80,100%,15PP,,,,,,,,,,,,,,,,,,,,,,,,,,,,,,,,,,,,,,,,
,,,Payback,,,,50,100%,10PP,,,,,,,,,,,,,,,,,,,,,,,,,,,,,,,,,,,,,,,,
,,(ROAMS AROUND),Mean Look,,,,--,--,5PP,,,,,,,,,,,,,,,,,,,,,,,,,,,,,,,,,,,,,,,,
,,,,,,,,,,,,,,,,,,,,,,,,,,,,,,,,,,,,,,,,,,,,,,,,,
,,,,,,,,,,,,,,,,,,,,,,,,,,,,,,,,,,,,,,,,,,,,,,,,,
,,HEARTHOME CITY GYM - SECOND ROOM,,,,,,,,,,,,,,,,,,,,,,,,,,,,,,,,,,,,,,,,,,,,,,,
,,,,,,,,,,,,,,,,,,,,,,,,,,,,,,,,,,,,,,,,,,,,,,,,,
,,,,,,,,,,,,,,,,,,,,,,,,,,,,,,,,,,,,,,,,,,,,,,,,,
,,,,#355 Duskull,,,,,Lv.26,,,#353 Shuppet,,,,,Lv.26,,,#355 Duskull,,,,,Lv.26,,,,,,,,,,,,,,,,,,,,,,,,
,,,,,GHOST,,,,,,,,GHOST,,,,,,,,GHOST,,,,,,,,,,,,,,,,,,,,,,,,,,,,
,,SCHOOL KID CHANCE [340],HP,Atk,Def,SpA,SpD,Spe,Total,,HP,Atk,Def,SpA,SpD,Spe,Total,,HP,Atk,Def,SpA,SpD,Spe,Total,,,,,,,,,,,,,,,,,,,,,,,,
,,,20,40,90,30,90,25,295,,44,75,35,63,33,45,295,,20,40,90,30,90,25,295,,,,,,,,,,,,,,,,,,,,,,,,
,,,,No Item,,,Frisk (!),,,,,No Item,,,Insomnia,,,,,No Item,,,Frisk (!),,,,,,,,,,,,,,,,,,,,,,,,,,
,,,"Mild (+SpA, -Def)",,,,,,24 IV,,"Brave (+Atk, -Spe)",,,,,,24 IV,,"Mild (+SpA, -Def)",,,,,,12 IV,,,,,,,,,,,,,,,,,,,,,,,,
,,,Shadow Sneak,,,,40,100%,30PP,,Will-O-Wisp,,,,--,85%᠎,15PP,,Shadow Sneak,,,,40,100%,30PP,,,,,,,,,,,,,,,,,,,,,,,,
,,,Pursuit,,,,40,100%,20PP,,Feint Attack,,,,60,--,20PP,,Pursuit,,,,40,100%,20PP,,,,,,,,,,,,,,,,,,,,,,,,
,,,Will-O-Wisp,,,,--,85%᠎,15PP,,Ominous Wind,,,,60,100%,5PP,,Will-O-Wisp,,,,--,85%᠎,15PP,,,,,,,,,,,,,,,,,,,,,,,,
,,(ROAMS AROUND),Payback,,,,50,100%,10PP,,Curse,,,,--,--,10PP,,Payback,,,,50,100%,10PP,,,,,,,,,,,,,,,,,,,,,,,,
,,,,,,,,,,,,,,,,,,,,,,,,,,,,,,,,,,,,,,,,,,,,,,,,,
,,,,,,,,,,,,,,,,,,,,,,,,,,,,,,,,,,,,,,,,,,,,,,,,,
,,,,,,,,,,,,,,,,,,,,,,,,,,,,,,,,,,,,,,,,,,,,,,,,,
,,,,#353 Shuppet,,,,,Lv.26,,,#355 Duskull,,,,,Lv.26,,,#353 Shuppet,,,,,Lv.26,,,,,,,,,,,,,,,,,,,,,,,,
,,,,,GHOST,,,,,,,,GHOST,,,,,,,,GHOST,,,,,,,,,,,,,,,,,,,,,,,,,,,,
,,SCHOOL KID MACKENZIE [343],HP,Atk,Def,SpA,SpD,Spe,Total,,HP,Atk,Def,SpA,SpD,Spe,Total,,HP,Atk,Def,SpA,SpD,Spe,Total,,,,,,,,,,,,,,,,,,,,,,,,
,,,44,75,35,63,33,45,295,,20,40,90,30,90,25,295,,44,75,35,63,33,45,295,,,,,,,,,,,,,,,,,,,,,,,,
,,,,No Item,,,Insomnia,,,,,No Item,,,Frisk (!),,,,,No Item,,,Insomnia,,,,,,,,,,,,,,,,,,,,,,,,,,
,,,"Brave (+Atk, -Spe)",,,,,,25 IV,,"Hasty (+Spe, -Def)",,,,,,24 IV,,"Brave (+Atk, -Spe)",,,,,,25 IV,,,,,,,,,,,,,,,,,,,,,,,,
,,,Will-O-Wisp,,,,--,85%᠎,15PP,,Shadow Sneak,,,,40,100%,30PP,,Will-O-Wisp,,,,--,85%᠎,15PP,,,,,,,,,,,,,,,,,,,,,,,,
,,,Feint Attack,,,,60,--,20PP,,Pursuit,,,,40,100%,20PP,,Feint Attack,,,,60,--,20PP,,,,,,,,,,,,,,,,,,,,,,,,
,,,Ominous Wind,,,,60,100%,5PP,,Will-O-Wisp,,,,--,85%᠎,15PP,,Ominous Wind,,,,60,100%,5PP,,,,,,,,,,,,,,,,,,,,,,,,
,,(ROAMS AROUND),Curse,,,,--,--,10PP,,Payback,,,,50,100%,10PP,,Curse,,,,--,--,10PP,,,,,,,,,,,,,,,,,,,,,,,,
,,,,,,,,,,,,,,,,,,,,,,,,,,,,,,,,,,,,,,,,,,,,,,,,,
,,,,,,,,,,,,,,,,,,,,,,,,,,,,,,,,,,,,,,,,,,,,,,,,,
,,,,,,,,,,,,,,,,,,,,,,,,,,,,,,,,,,,,,,,,,,,,,,,,,
,,,,#093 Haunter,,,,,Lv.29,,,#292 Shedinja,,,,,Lv.29,,,#302 Sableye,,,,,Lv.29,,,,,,,,,,,,,,,,,,,,,,,,
,,,,,GHOST,,,POISON,,,,,BUG,,,GHOST,,,,,DARK,,,GHOST,,,,,,,,,,,,,,,,,,,,,,,,,
,,ACE TRAINER ALLEN [280],HP,Atk,Def,SpA,SpD,Spe,Total,,HP,Atk,Def,SpA,SpD,Spe,Total,,HP,Atk,Def,SpA,SpD,Spe,Total,,,,,,,,,,,,,,,,,,,,,,,,
,,,45,50,45,115,55,95,405,,1,90,45,30,30,40,236,,50,85᠎,95᠎,85᠎,85᠎,50,450᠎,,,,,,,,,,,,,,,,,,,,,,,,
,,,,No Item,,,Levitate,,,,,No Item,,,Wonder Guard,,,,,No Item,,,Magic Guard (!),,,,,,,,,,,,,,,,,,,,,,,,,,
,,,"Naughty (+Atk, -SpD)",,,,,,27 IV,,"Gentle (+SpD, -Def)",,,,,,27 IV,,"Brave (+Atk, -Spe)",,,,,,27 IV,,,,,,,,,,,,,,,,,,,,,,,,
,,,Shadow Ball,,,,80,100%,15PP,,Shadow Claw,,,,80᠎,100%,15PP,,Shadow Claw,,,,80᠎,100%,15PP,,,,,,,,,,,,,,,,,,,,,,,,
,,,Hypnosis,,,,--,60%᠋,20PP,,Shadow Sneak,,,,40,100%,30PP,,Shadow Sneak,,,,40,100%,30PP,,,,,,,,,,,,,,,,,,,,,,,,
,,,Sludge Bomb,,,,90,100%,10PP,,Leech Life,,,,80᠎,100%,10PP᠋,,Knock Off,,,,65᠎,100%,20PP,,,,,,,,,,,,,,,,,,,,,,,,
,,(ROAMS AROUND),Confuse Ray,,,,--,100%,10PP,,Confuse Ray,,,,--,100%,10PP,,Fake Out,,,,40,100%,10PP,,,,,,,,,,,,,,,,,,,,,,,,
,,,,,,,,,,,,,,,,,,,,,,,,,,,,,,,,,,,,,,,,,,,,,,,,,
,,,,,,,,,,,,,,,,,,,,,,,,,,,,,,,,,,,,,,,,,,,,,,,,,
,,,,,,,,,,,,,,,,,,,,,,,,,,,,,,,,,,,,,,,,,,,,,,,,,
,,,,#093 Haunter,,,,,Lv.29,,,#479 Rotom,,,,,Lv.29,,,#478 Froslass,,,,,Lv.29,,,,,,,,,,,,,,,,,,,,,,,,
,,,,,GHOST,,,POISON,,,,,ELECTRIC,,,GHOST,,,,,ICE,,,GHOST,,,,,,,,,,,,,,,,,,,,,,,,,
,,ACE TRAINER CATHERINE [284],HP,Atk,Def,SpA,SpD,Spe,Total,,HP,Atk,Def,SpA,SpD,Spe,Total,,HP,Atk,Def,SpA,SpD,Spe,Total,,,,,,,,,,,,,,,,,,,,,,,,
,,,45,50,45,115,55,95,405,,50,50,77,95,77,101᠎,450᠎,,70,70᠋,70,110᠎,70,110,500᠎,,,,,,,,,,,,,,,,,,,,,,,,
,,,,No Item,,,Levitate,,,,,No Item,,,Levitate,,,,,No Item,,,Levitate  (!),,,,,,,,,,,,,,,,,,,,,,,,,,
,,,Bashful (Neutral),,,,,,27 IV,,"Lax (+Def, -SpD)",,,,,,27 IV,,"Careful (+SpD, -SpA)",,,,,,27 IV,,,,,,,,,,,,,,,,,,,,,,,,
,,,Shadow Ball,,,,80,100%,15PP,,Shadow Ball,,,,80,100%,15PP,,Icy Wind,,,,55,95%,15PP,,,,,,,,,,,,,,,,,,,,,,,,
,,,Toxic,,,,--,90%᠎,10PP,,Charge Beam,,,,50,90%,10PP,,Shadow Ball,,,,80,100%,15PP,,,,,,,,,,,,,,,,,,,,,,,,
,,,Protect,,,,--,--,10PP,,Will-O-Wisp,,,,--,85%᠎,15PP,,Will-O-Wisp,,,,--,85%᠎,15PP,,,,,,,,,,,,,,,,,,,,,,,,
,,(ROAMS AROUND),Curse,,,,--,--,10PP,,Confuse Ray,,,,--,100%,10PP,,Double Team,,,,--,--,15PP,,,,,,,,,,,,,,,,,,,,,,,,
,,,,,,,,,,,,,,,,,,,,,,,,,,,,,,,,,,,,,,,,,,,,,,,,,
,,,,,,,,,,,,,,,,,,,,,,,,,,,,,,,,,,,,,,,,,,,,,,,,,
,,HEARTHOME CITY GYM - THIRD ROOM,,,,,,,,,,,,,,,,,,,,,,,,,,,,,,,,,,,,,,,,,,,,,,,
,,,,,,,,,,,,,,,,,,,,,,,,,,,,,,,,,,,,,,,,,,,,,,,,,
,,,,,,,,,,,,,,,,,,,,,,,,,,,,,,,,,,,,,,,,,,,,,,,,,
,,,,#426 Drifblim,,,,,Lv.32,,,#356 Dusclops,,,,,Lv.32,,,#354 Banette,,,,,Lv.32,,,#442 Spiritomb,,,,,Lv.32,,,#094 Gengar,,,,,Lv.32,,,#429 Mismagius,,,,,Lv.33
,,,,,GHOST,,,FLYING,,,,,GHOST,,,,,,,,GHOST,,,,,,,,GHOST,,,DARK,,,,,GHOST,,,POISON,,,,,GHOST,,,FAIRY឵ ឵,
,,GYM LEADER FANTINA [318],HP,Atk,Def,SpA,SpD,Spe,Total,,HP,Atk,Def,SpA,SpD,Spe,Total,,HP,Atk,Def,SpA,SpD,Spe,Total,,HP,Atk,Def,SpA,SpD,Spe,Total,,HP,Atk,Def,SpA,SpD,Spe,Total,,HP,Atk,Def,SpA,SpD,Spe,Total
,,,150,80,44,90,54,80,498,,40,70,130,60,130,25,455,,64,125᠎,65,93᠎,63,65,475᠎,,50,92,108,92,108,35,485,,60,65,60,130,75,110,500,,60,60,60,105,105,105,495
,,can use : 2 HYPER POTIONS,,Starf Berry,,,Unburden឵ ឵,,,,,Leftovers,,,Frisk (!),,,,,Muscle Band,,,Insomnia,,,,,Zoom Lens,,,Pressure,,,,,Wise Glasses,,,Levitate,,,,,Sitrus Berry,,,Levitate,,
,,,"Naive (+Spe, -SpD)",,,,,,30 IV,,"Impish (+Def, -SpA)",,,,,,30 IV,,"Adamant (+Atk, -SpA)",,,,,,30 IV,,"Relaxed (+Def, -Spe)",,,,,,30 IV,,"Naive (+Spe, -SpD)",,,,,,30 IV,,"Naive (+Spe, -SpD)",,,,,,29 IV
,,,Shadow Ball,,,,80,100%,15PP,,Shadow Punch,,,,80᠎,--,15PP᠋,,Shadow Claw,,,,80᠎,100%,15PP,,Shadow Ball,,,,80,100%,15PP,,Shadow Ball,,,,80,100%,15PP,,Shadow Ball,,,,80,100%,15PP
,,,Air Slash,,,,75,95%,15PP᠋,,Will-O-Wisp,,,,--,85%᠎,15PP,,Will-O-Wisp,,,,--,85%᠎,15PP,,Will-O-Wisp,,,,--,85%᠎,15PP,,Will-O-Wisp,,,,--,85%᠎,15PP,,Power Gem,,,,80᠎,100%,20PP
,,,Baton Pass,,,,--,--,40PP,,Protect,,,,--,--,10PP,,Sucker Punch,,,,70᠋,100%,5PP,,Dark Pulse,,,,80,100%,15PP,,Sludge Bomb,,,,90,100%,10PP,,Calm Mind,,,,--,--,20PP
,,Gifts TM30s Shadow Ball when beaten,Calm Mind,,,,--,--,20PP,,Pain Split,,,,--,--,20PP,,Disable,,,,--,100%᠎,20PP,,Disable,,,,--,100%᠎,20PP,,Dazzling Gleam (!),,,,80,100%,10PP,,Dazzling Gleam (!),,,,80,100%,10PP