,,GARDENIA SPLIT,,,,,LVL CAP : 26,,,,,,,,,,,,,,,,,,,,,,,,,,,,,,,,,,,,,,,,,,
,,,,,,,,,,,,,,,,,,,,,,,,,,,,,,,,,,,,,,,,,,,,,,,,,
,,,,,,,,,,,,,,,,,,,,,,,,,,,,,,,,,,,,,,,,,,,,,,,,,
,,,,#000 Pokemon,,,,,Lv.00,,Icon,#000 Pokemon,,,,,Lv.00,,Icon,#000 Pokemon,,,,,Lv.00,,Icon,#000 Pokemon,,,,,Lv.00,,Icon,#000 Pokemon,,,,,Lv.00,,Icon,#000 Pokemon,,,,,Lv.00
,,,,,TYPE I,,,TYPE II,,,,,TYPE I,,,TYPE II,,,,,NEW I,,,TYPE II,,,,,TYPE I,,,NEW II,,,,,TYPE I,,,TYPE II,,,,,TYPE I,,,TYPE II,
,,MandatoryOptional,HP,Atk,Def,SpA,SpD,Spe,Total,,HP,Atk,Def,SpA,SpD,Spe,Total,,HP,Atk,Def,SpA,SpD,Spe,Total,,HP,Atk,Def,SpA,SpD,Spe,Total,,HP,Atk,Def,SpA,SpD,Spe,Total,,HP,Atk,Def,SpA,SpD,Spe,Total
,,Conditions,Stats,,,,,,,,Stats,,,,,,,,Stats,,,,,,,,Stats,,,,,,,,Increased StatsßáÄ,,,,,,,,Decreased Statsßáï,,,,,,
,,Situated,Icon,Held Item,,,Ability I,,,,Icon,Held Item,,,Ability I,,,,Icon,Held Item,,,Ability I,,,,Icon,Held Item,,,Ability I,,,,Icon,Held Item,,,Switched Abilityß×Á,,,,Icon,Held Item,,,New Ability (!),,
,,Use,"Nature (+Stat, -Stat)",,,,,,00 IV,,"Nature (+Stat, -Stat)",,,,,,00 IV,,"Nature (+Stat, -Stat)",,,,,,00 IV,,"Nature (+Stat, -Stat)",,,,,,00 IV,,"Nature (+Stat, -Stat)",,,,,,00 IV,,"Nature (+Stat, -Stat)",,,,,,00 IV
,,Move,New Attack 1 (!),,,Type,Pow,Acc,PP,,Attack 1,,,NEW,Pow,Acc,PP,,Attack 1,,,Type,Pow,Acc,PP,,Attack 1,,,Type,Pow,Acc,PP,,Attack 1,,,Type,Increased StatsßáÄ,,,,Attack 1,,,Type,Decreased Statsßáï,,
,,Info,New Attack 2 (!),,,Type,Pow,Acc,PP,,Attack 2,,,NEW,Pow,Acc,PP,,Attack 2,,,Type,Pow,Acc,PP,,Attack 2,,,Type,Pow,Acc,PP,,Attack 2,,,Type,Increased StatsßáÄ,,,,Attack 2,,,Type,Decreased Statsßáï,,
,,Gifts,New Attack 3 (!),,,Type,Pow,Acc,PP,,Attack 3,,,NEW,Pow,Acc,PP,,Attack 3,,,Type,Pow,Acc,PP,,Attack 3,,,Type,Pow,Acc,PP,,Attack 3,,,Type,Increased StatsßáÄ,,,,Attack 3,,,Type,Decreased Statsßáï,,
,,Spinning,New Attack 4 (!),,,Type,Pow,Acc,PP,,Attack 4,,,NEW,Pow,Acc,PP,,Attack 4,,,Type,Pow,Acc,PP,,Attack 4,,,Type,Pow,Acc,PP,,Attack 4,,,Type,Increased StatsßáÄ,,,,Attack 4,,,Type,Decreased Statsßáï,,
,,,,,,,,,,,,,,,,,,,,,,,,,,,,,,,,,,,,,,,,,,,,,,,,,
,,,,,,,,,,,,,,,,,,,,,,,,,,,,,,,,,,,,,,,,,,,,,,,,,
,,OREBURGH CITY,,,,,,,,,,,,,,,,,,,,,,,,,,,,,,,,,,,,,,,,,,,,,,,
,,,,,,,,,,,,,,,,,,,,,,,,,,,,,,,,,,,,,,,,,,,,,,,,,
,,OREBURGH GATE,,,,,,,,,,,,,,,,,,,,,,,,,,,,,,,,,,,,,,,,,,,,,,,
,,,,,,,,,,,,,,,,,,,,,,,,,,,,,,,,,,,,,,,,,,,,,,,,,
,,ROUTE 203,,,,,,,,,,,,,,,,,,,,,,,,,,,,,,,,,,,,,,,,,,,,,,,
,,,,,,,,,,,,,,,,,,,,,,,,,,,,,,,,,,,,,,,,,,,,,,,,,
,,JUBILIFE CITY,,,,,,,,,,,,,,,,,,,,,,,,,,,,,,,,,,,,,,,,,,,,,,,
,,,,,,,,,,,,,,,,,,,,,,,,,,,,,,,,,,,,,,,,,,,,,,,,,
,,,,,,,,,,,,,,,,,,,,,,,,,,,,,,,,,,,,,,,,,,,,,,,,,
,,,,#431 Glameow,,,,,Lv.13,,,#268 Cascoon,,,,,Lv.13,,,,,,,,,,,,,,,,,,,,,,,,,,,,,,,,
,,,,,NORMAL,,,,,,,,BUG,,,,,,,,,,,,,,,,,,,,,,,,,,,,,,,,,,,,
,,GALACTIC GRUNT [415],HP,Atk,Def,SpA,SpD,Spe,Total,,HP,Atk,Def,SpA,SpD,Spe,Total,,,,,,,,,,,,,,,,,,,,,,,,,,,,,,,,
,,,50ßáÄ,65ßáÄ,45ßáÄ,45ßáÄ,40ßáÄ,90ßáÄ,335ßáÄ,,50,35,55,25,25,15,205,,,,,,,,,,,,,,,,,,,,,,,,,,,,,,,,
,,They fight you and the Professor's assistant when walking to Route 204,,No Item,,,Limber,,,,,No Item,,,Shed Skin,,,,,,,,,,,,,,,,,,,,,,,,,,,,,,,,,,
,,,"Brave (+Atk, -Spe)",,,,,,12 IV,,"Relaxed (+Def, -Spe)",,,,,,12 IV,,,,,,,,,,,,,,,,,,,,,,,,,,,,,,,,
,,Can be fought alone or with Galactic Grunt [414] in a double battle,Fake Out,,,,40,100%,10PP,,Bug Bite,,,,60,100%,20PP,,,,,,,,,,,,,,,,,,,,,,,,,,,,,,,,
,,,Hypnosis,,,,--,60%ßáï,20PP,,Iron Defense,,,,--,--,15PP,,,,,,,,,,,,,,,,,,,,,,,,,,,,,,,,
,,If fought in a double battle his team will be on the left,Covet,,,,60ßáÄ,100%,25PPßáï,,Poison Sting,,,,15,100%,35PP,,,,,,,,,,,,,,,,,,,,,,,,,,,,,,,,
,,,Quick Attack,,,,40,100%,30PP,,String Shot,,,,--,95%,40PP,,,,,,,,,,,,,,,,,,,,,,,,,,,,,,,,
,,,,,,,,,,,,,,,,,,,,,,,,,,,,,,,,,,,,,,,,,,,,,,,,,
,,,,,,,,,,,,,,,,,,,,,,,,,,,,,,,,,,,,,,,,,,,,,,,,,
,,,,#434 Stunky,,,,,Lv.13,,,#266 Silcoon,,,,,Lv.13,,,,,,,,,,,,,,,,,,,,,,,,,,,,,,,,
,,,,,POISON,,,DARK,,,,,BUG,,,,,,,,,,,,,,,,,,,,,,,,,,,,,,,,,,,,
,,GALACTIC GRUNT [414],HP,Atk,Def,SpA,SpD,Spe,Total,,HP,Atk,Def,SpA,SpD,Spe,Total,,,,,,,,,,,,,,,,,,,,,,,,,,,,,,,,
,,,65ßáÄ,65ßáÄ,50ßáÄ,40ßáï,40ßáï,75ßáÄ,335ßáÄ,,50,35,55,25,25,15,205,,,,,,,,,,,,,,,,,,,,,,,,,,,,,,,,
,,Can be fought alone or with Galactic Grunt [415] in a double battle,,No Item,,,Aftermathß×Á ß×Á,,,,,No Item,,,Shed Skin,,,,,,,,,,,,,,,,,,,,,,,,,,,,,,,,,,
,,,Quirky (Neutral),,,,,,12 IV,,"Naughty (+Atk, -SpD)",,,,,,12 IV,,,,,,,,,,,,,,,,,,,,,,,,,,,,,,,,
,,If fought in a double battle his team will be on the right,Poison Gas,,,,--,90%ßáÄ,40PP,,Bug Bite,,,,60,100%,20PP,,,,,,,,,,,,,,,,,,,,,,,,,,,,,,,,
,,,Screech,,,,--,85%,40PP,,Iron Defense,,,,--,--,15PP,,,,,,,,,,,,,,,,,,,,,,,,,,,,,,,,
,,During that fight Dawn or Lucas helps you. Teams listed below.,Bite,,,,60,100%,25PP,,Tackle,,,,40ßáÄ,100%ßáÄ,35PP,,,,,,,,,,,,,,,,,,,,,,,,,,,,,,,,
,,,Smog,,,,30ßáÄ,70%,20PP,,String Shot,,,,--,95%,40PP,,,,,,,,,,,,,,,,,,,,,,,,,,,,,,,,
,,,,,,,,,,,,,,,,,,,,,,,,,,,,,,,,,,,,,,,,,,,,,,,,,
,,,,,,,,,,,,,,,,,,,,,,,,,,,,,,,,,,,,,,,,,,,,,,,,,
,,,,,,,,,,,,,,,,,,,,,,,,,,,,,,,,,,,,,,,,,,,,,,,,,
,,,,#035 Clefairy,,,,,Lv.13,,,#387 Turtwig,,,,,Lv.14,,,,,,,,,,,,,,,,,,,,,,,,,,,,,,,,
,,,,,FAIRYß×Á ß×Á,,,,,,,,GRASS,,,,,,,,,,,,,,,,,,,,,,,,,,,,,,,,,,,,
,,PKMN TRAINER DAWN [616],HP,Atk,Def,SpA,SpD,Spe,Total,,HP,Atk,Def,SpA,SpD,Spe,Total,,,,,,,,,,,,,,,,,,,,,,,,,,,,,,,,
,,,70,45,48,60,65,35,323,,55,68,64,45,55,31,318,,,,,,,,,,,,,,,,,,,,,,,,,,,,,,,,
,,Your partner in the double battle,,No Item,,,Cute Charm,,,,,No Item,,,Overgrow,,,,,,,,,,,,,,,,,,,,,,,,,,,,,,,,,,
,,,"Adamant (+Atk, -SpA)",,,,,,30 IV,,"Sassy (+SpD, -Spe)",,,,,,30 IV,,,,,,,,,,,,,,,,,,,,,,,,,,,,,,,,
,,If you're playing as a Boy,Disarming Voice (!),,,,50ßáÄ,--,15PP,,Bullet Seed,,,,25ßáÄ,100%,30PP,,,,,,,,,,,,,,,,,,,,,,,,,,,,,,,,
,,If you chose Chimchar,Magical Leaf,,,,60,--,20PP,,Curse,,,,--,--,10PP,,,,,,,,,,,,,,,,,,,,,,,,,,,,,,,,
,,,Sing,,,,--,55%,15PP,,Withdraw,,,,--,--,40PP,,,,,,,,,,,,,,,,,,,,,,,,,,,,,,,,
,,can use : 1 POTION,Sweet Kiss,,,,--,75%,10PP,,Tackle,,,,40ßáÄ,100%ßáÄ,35PP,,,,,,,,,,,,,,,,,,,,,,,,,,,,,,,,
,,,,,,,,,,,,,,,,,,,,,,,,,,,,,,,,,,,,,,,,,,,,,,,,,
,,,,,,,,,,,,,,,,,,,,,,,,,,,,,,,,,,,,,,,,,,,,,,,,,
,,,,#035 Clefairy,,,,,Lv.13,,,#390 Chimchar,,,,,Lv.14,,,,,,,,,,,,,,,,,,,,,,,,,,,,,,,,
,,,,,FAIRYß×Á ß×Á,,,,,,,,FIRE,,,,,,,,,,,,,,,,,,,,,,,,,,,,,,,,,,,,
,,PKMN TRAINER DAWN [617],HP,Atk,Def,SpA,SpD,Spe,Total,,HP,Atk,Def,SpA,SpD,Spe,Total,,,,,,,,,,,,,,,,,,,,,,,,,,,,,,,,
,,,70,45,48,60,65,35,323,,44,58,44,58,44,61,309,,,,,,,,,,,,,,,,,,,,,,,,,,,,,,,,
,,Your partner in the double battle,,No Item,,,Cute Charm,,,,,No Item,,,Iron Fist (!),,,,,,,,,,,,,,,,,,,,,,,,,,,,,,,,,,
,,,"Adamant (+Atk, -SpA)",,,,,,30 IV,,"Sassy (+SpD, -Spe)",,,,,,30 IV,,,,,,,,,,,,,,,,,,,,,,,,,,,,,,,,
,,If you're playing as a Boy,Disarming Voice (!),,,,50ßáÄ,--,15PP,,Flame Wheel,,,,75ßáÄ,100%,15PPßáï,,,,,,,,,,,,,,,,,,,,,,,,,,,,,,,,
,,If you chose Piplup,Magical Leaf,,,,60,--,20PP,,Taunt,,,,--,100%,20PP,,,,,,,,,,,,,,,,,,,,,,,,,,,,,,,,
,,,Sing,,,,--,55%,15PP,,Leer,,,,--,100%,30PP,,,,,,,,,,,,,,,,,,,,,,,,,,,,,,,,
,,can use : 1 POTION,Sweet Kiss,,,,--,75%,10PP,,Scratch,,,,40,100%,35PP,,,,,,,,,,,,,,,,,,,,,,,,,,,,,,,,
,,,,,,,,,,,,,,,,,,,,,,,,,,,,,,,,,,,,,,,,,,,,,,,,,
,,,,,,,,,,,,,,,,,,,,,,,,,,,,,,,,,,,,,,,,,,,,,,,,,
,,,,#035 Clefairy,,,,,Lv.13,,,#393 Piplup,,,,,Lv.14,,,,,,,,,,,,,,,,,,,,,,,,,,,,,,,,
,,,,,FAIRYß×Á ß×Á,,,,,,,,WATER,,,,,,,,,,,,,,,,,,,,,,,,,,,,,,,,,,,,
,,PKMN TRAINER DAWN [618],HP,Atk,Def,SpA,SpD,Spe,Total,,HP,Atk,Def,SpA,SpD,Spe,Total,,,,,,,,,,,,,,,,,,,,,,,,,,,,,,,,
,,,70,45,48,60,65,35,323,,53,51,53,61,56,40,314,,,,,,,,,,,,,,,,,,,,,,,,,,,,,,,,
,,Your partner in the double battle,,No Item,,,Cute Charm,,,,,No Item,,,Torrent,,,,,,,,,,,,,,,,,,,,,,,,,,,,,,,,,,
,,,"Adamant (+Atk, -SpA)",,,,,,30 IV,,"Modest (+SpA, -Atk)",,,,,,30 IV,,,,,,,,,,,,,,,,,,,,,,,,,,,,,,,,
,,If you're playing as a Boy,Disarming Voice (!),,,,50ßáÄ,--,15PP,,Bubble Beam,,,,75ßáÄ,100%,15PPßáÄ,,,,,,,,,,,,,,,,,,,,,,,,,,,,,,,,
,,If you chose Turtwig,Magical Leaf,,,,60,--,20PP,,Water Sport,,,,--,--,15PP,,,,,,,,,,,,,,,,,,,,,,,,,,,,,,,,
,,,Sing,,,,--,55%,15PP,,Growl,,,,--,100%,40PP,,,,,,,,,,,,,,,,,,,,,,,,,,,,,,,,
,,can use : 1 POTION,Sweet Kiss,,,,--,75%,10PP,,Peck,,,,35,100%,35PP,,,,,,,,,,,,,,,,,,,,,,,,,,,,,,,,
,,,,,,,,,,,,,,,,,,,,,,,,,,,,,,,,,,,,,,,,,,,,,,,,,
,,,,,,,,,,,,,,,,,,,,,,,,,,,,,,,,,,,,,,,,,,,,,,,,,
,,,,#209 Snubbull,,,,,Lv.13,,,#387 Turtwig,,,,,Lv.14,,,,,,,,,,,,,,,,,,,,,,,,,,,,,,,,
,,,,,FAIRYß×Á ß×Á,,,,,,,,GRASS,,,,,,,,,,,,,,,,,,,,,,,,,,,,,,,,,,,,
,,PKMN TRAINER LUCAS [613],HP,Atk,Def,SpA,SpD,Spe,Total,,HP,Atk,Def,SpA,SpD,Spe,Total,,,,,,,,,,,,,,,,,,,,,,,,,,,,,,,,
,,,60,80,50,40,40,30,300,,55,68,64,45,55,31,318,,,,,,,,,,,,,,,,,,,,,,,,,,,,,,,,
,,Your partner in the double battle,,No Item,,,Intimidate,,,,,No Item,,,Overgrow,,,,,,,,,,,,,,,,,,,,,,,,,,,,,,,,,,
,,,"Mild (+SpA, -Def)",,,,,,30 IV,,Bashful (Neutral),,,,,,30 IV,,,,,,,,,,,,,,,,,,,,,,,,,,,,,,,,
,,If you're playing as a Girl,Bite,,,,60,100%,25PP,,Bullet Seed,,,,25ßáÄ,100%,30PP,,,,,,,,,,,,,,,,,,,,,,,,,,,,,,,,
,,If you chose Chimchar,Fire Fang,,,,65,95%,15PP,,Curse,,,,--,--,10PP,,,,,,,,,,,,,,,,,,,,,,,,,,,,,,,,
,,,Thunder Fang,,,,65,95%,15PP,,Withdraw,,,,--,--,40PP,,,,,,,,,,,,,,,,,,,,,,,,,,,,,,,,
,,can use : 1 POTION,Ice Fang,,,,65,95%,15PP,,Tackle,,,,40ßáÄ,100%ßáÄ,35PP,,,,,,,,,,,,,,,,,,,,,,,,,,,,,,,,
,,,,,,,,,,,,,,,,,,,,,,,,,,,,,,,,,,,,,,,,,,,,,,,,,
,,,,,,,,,,,,,,,,,,,,,,,,,,,,,,,,,,,,,,,,,,,,,,,,,
,,,,#209 Snubbull,,,,,Lv.13,,,#390 Chimchar,,,,,Lv.14,,,,,,,,,,,,,,,,,,,,,,,,,,,,,,,,
,,,,,FAIRYß×Á ß×Á,,,,,,,,FIRE,,,,,,,,,,,,,,,,,,,,,,,,,,,,,,,,,,,,
,,PKMN TRAINER LUCAS [614],HP,Atk,Def,SpA,SpD,Spe,Total,,HP,Atk,Def,SpA,SpD,Spe,Total,,,,,,,,,,,,,,,,,,,,,,,,,,,,,,,,
,,,60,80,50,40,40,30,300,,44,58,44,58,44,61,309,,,,,,,,,,,,,,,,,,,,,,,,,,,,,,,,
,,Your partner in the double battle,,No Item,,,Intimidate,,,,,No Item,,,Iron Fist (!),,,,,,,,,,,,,,,,,,,,,,,,,,,,,,,,,,
,,,"Mild (+SpA, -Def)",,,,,,30 IV,,"Adamant (+Atk, -SpA)",,,,,,30 IV,,,,,,,,,,,,,,,,,,,,,,,,,,,,,,,,
,,If you're playing as a Girl,Bite,,,,60,100%,25PP,,Flame Wheel,,,,75ßáÄ,100%,15PPßáï,,,,,,,,,,,,,,,,,,,,,,,,,,,,,,,,
,,If you chose Piplup,Fire Fang,,,,65,95%,15PP,,Taunt,,,,--,100%,20PP,,,,,,,,,,,,,,,,,,,,,,,,,,,,,,,,
,,,Thunder Fang,,,,65,95%,15PP,,Leer,,,,--,100%,30PP,,,,,,,,,,,,,,,,,,,,,,,,,,,,,,,,
,,can use : 1 POTION,Ice Fang,,,,65,95%,15PP,,Scratch,,,,40,100%,35PP,,,,,,,,,,,,,,,,,,,,,,,,,,,,,,,,
,,,,,,,,,,,,,,,,,,,,,,,,,,,,,,,,,,,,,,,,,,,,,,,,,
,,,,,,,,,,,,,,,,,,,,,,,,,,,,,,,,,,,,,,,,,,,,,,,,,
,,,,#209 Snubbull,,,,,Lv.13,,,#393 Piplup,,,,,Lv.14,,,,,,,,,,,,,,,,,,,,,,,,,,,,,,,,
,,,,,FAIRYß×Á ß×Á,,,,,,,,WATER,,,,,,,,,,,,,,,,,,,,,,,,,,,,,,,,,,,,
,,PKMN TRAINER LUCAS [615],HP,Atk,Def,SpA,SpD,Spe,Total,,HP,Atk,Def,SpA,SpD,Spe,Total,,,,,,,,,,,,,,,,,,,,,,,,,,,,,,,,
,,,60,80,50,40,40,30,300,,53,51,53,61,56,40,314,,,,,,,,,,,,,,,,,,,,,,,,,,,,,,,,
,,Your partner in the double battle,,No Item,,,Intimidate,,,,,No Item,,,Torrent,,,,,,,,,,,,,,,,,,,,,,,,,,,,,,,,,,
,,,"Mild (+SpA, -Def)",,,,,,30 IV,,"Rash (+SpA, -SpD)",,,,,,30 IV,,,,,,,,,,,,,,,,,,,,,,,,,,,,,,,,
,,If you're playing as a Girl,Bite,,,,60,100%,25PP,,Bubble Beam,,,,75ßáÄ,100%,15PPßáÄ,,,,,,,,,,,,,,,,,,,,,,,,,,,,,,,,
,,If you chose Turtwig,Fire Fang,,,,65,95%,15PP,,Water Sport,,,,--,--,15PP,,,,,,,,,,,,,,,,,,,,,,,,,,,,,,,,
,,,Thunder Fang,,,,65,95%,15PP,,Growl,,,,--,100%,40PP,,,,,,,,,,,,,,,,,,,,,,,,,,,,,,,,
,,can use : 1 POTION,Ice Fang,,,,65,95%,15PP,,Peck,,,,35,100%,35PP,,,,,,,,,,,,,,,,,,,,,,,,,,,,,,,,
,,,,,,,,,,,,,,,,,,,,,,,,,,,,,,,,,,,,,,,,,,,,,,,,,
,,,,,,,,,,,,,,,,,,,,,,,,,,,,,,,,,,,,,,,,,,,,,,,,,
,,ROUTE 204 ~ SOUTH,,,,,,,,,,,,,,,,,,,,,,,,,,,,,,,,,,,,,,,,,,,,,,,
,,,,,,,,,,,,,,,,,,,,,,,,,,,,,,,,,,,,,,,,,,,,,,,,,
,,(if you havent fought the trainers on this part of the route the fights are listed in the Roark Split page),,,,,,,,,,,,,,,,,,,,,,,,,,,,,,,,,,,,,,,,,,,,,,,
,,,,,,,,,,,,,,,,,,,,,,,,,,,,,,,,,,,,,,,,,,,,,,,,,
,,RAVAGED PATH,,,,,,,,,,,,,,,,,,,,,,,,,,,,,,,,,,,,,,,,,,,,,,,
,,,,,,,,,,,,,,,,,,,,,,,,,,,,,,,,,,,,,,,,,,,,,,,,,
,,ROUTE 204 ~ NORTH,,,,,,,,,,,,,,,,,,,,,,,,,,,,,,,,,,,,,,,,,,,,,,,
,,,,,,,,,,,,,,,,,,,,,,,,,,,,,,,,,,,,,,,,,,,,,,,,,
,,,,,,,,,,,,,,,,,,,,,,,,,,,,,,,,,,,,,,,,,,,,,,,,,
,,,,#420 Cherubi,,,,,Lv.13,,,#187 Hoppip,,,,,Lv.13,,,#285 Shroomish,,,,,Lv.13,,,,,,,,,,,,,,,,,,,,,,,,
,,,,,GRASS,,,,,,,,GRASS,,,FLYING,,,,,GRASS,,,,,,,,,,,,,,,,,,,,,,,,,,,,
,,AROMA LADY TAYLOR [14],HP,Atk,Def,SpA,SpD,Spe,Total,,HP,Atk,Def,SpA,SpD,Spe,Total,,HP,Atk,Def,SpA,SpD,Spe,Total,,,,,,,,,,,,,,,,,,,,,,,,
,,,45,35,45,62,53,35,275,,35,35,40,45ßáÄ,55,50,260ßáÄ,,60,40,60,40,60,35,295,,,,,,,,,,,,,,,,,,,,,,,,
,,,,No Item,,,Chlorophyll,,,,,No Item,,,Chlorophyll,,,,,No Item,,,Technician (!),,,,,,,,,,,,,,,,,,,,,,,,,,
,,,"Impish (+Def, -SpA)",,,,,,12 IV,,"Bold (+Def, -Atk)",,,,,,12 IV,,"Relaxed (+Def, -Spe)",,,,,,12 IV,,,,,,,,,,,,,,,,,,,,,,,,
,,,Tackle,,,,40ßáÄ,100%ßáÄ,35PP,,Mega Drain,,,,40,100%,15PP,,Bullet Seed,,,,25ßáÄ,100%,30PP,,,,,,,,,,,,,,,,,,,,,,,,
,,,Growth,,,,--,--,20PPßáï,,Air Cutter,,,,60ßáÄ,95%,25PP,,Leech Seed,,,,--,90%,10PP,,,,,,,,,,,,,,,,,,,,,,,,
,,,Leech Seed,,,,--,90%,10PP,,Bullet Seed,,,,25ßáÄ,100%,30PP,,Mega Drain,,,,40,100%,15PP,,,,,,,,,,,,,,,,,,,,,,,,
,,(LOOKS DOWN AND RIGHT),Helping Hand,,,,--,--,20PP,,Tail Whip,,,,--,100%,30PP,,Tackle,,,,40ßáÄ,100%ßáÄ,35PP,,,,,,,,,,,,,,,,,,,,,,,,
,,,,,,,,,,,,,,,,,,,,,,,,,,,,,,,,,,,,,,,,,,,,,,,,,
,,,,,,,,,,,,,,,,,,,,,,,,,,,,,,,,,,,,,,,,,,,,,,,,,
,,,,,,,,,,,,,,,,,,,,,,,,,,,,,,,,,,,,,,,,,,,,,,,,,
,,,,#265 Wurmple,,,,,Lv. 14,,,#402 Kricketune,,,,,Lv. 14,,,,,,,,,,,,,,,,,,,,,,,,,,,,,,,,
,,,,,BUG,,,BUG,,,,,BUG,,,,,,,,,,,,,,,,,,,,,,,,,,,,,,,,,,,,
,,BUG CATCHER BRANDON [13],HP,Atk,Def,SpA,SpD,Spe,Total,,HP,Atk,Def,SpA,SpD,Spe,Total,,,,,,,,,,,,,,,,,,,,,,,,,,,,,,,,
,,,45,45,35,20,30,20,195,,80ßáÄ,115ßáÄ,70ßáÄ,50ßáï,70ßáÄ,65,450ßáÄ,,,,,,,,,,,,,,,,,,,,,,,,,,,,,,,,
,,"(Past him there is a passage to the right leading you to a female Top Trainer, she does not fight you and gives you TM78s Captivate)",,No Item,,,Shield Dust,,,,,No Item,,,Technician (!),,,,,,,,,,,,,,,,,,,,,,,,,,,,,,,,,,
,,,"Adamant (+Atk, -SpA)",,,,,,12 IV,,"Rash (+SpA, -SpD)",,,,,,12 IV,,,,,,,,,,,,,,,,,,,,,,,,,,,,,,,,
,,,Bug Bite,,,,60,100%,20PP,,Absorb,,,,20,100%,25PP,,,,,,,,,,,,,,,,,,,,,,,,,,,,,,,,
,,,Poison Sting,,,,15,100%,35PP,,Fury Cutter,,,,40ßáÄ,95%,20PP,,,,,,,,,,,,,,,,,,,,,,,,,,,,,,,,
,,,String Shot,,,,--,95%,40PP,,String Shot,,,,--,95%,40PP,,,,,,,,,,,,,,,,,,,,,,,,,,,,,,,,
,,(WALKS BACK AND FORTH),Tackle,,,,40ßáÄ,100%ßáÄ,35PP,,Bug Bite,,,,60,100%,20PP,,,,,,,,,,,,,,,,,,,,,,,,,,,,,,,,
,,,,,,,,,,,,,,,,,,,,,,,,,,,,,,,,,,,,,,,,,,,,,,,,,
,,,,,,,,,,,,,,,,,,,,,,,,,,,,,,,,,,,,,,,,,,,,,,,,,
,,,,,,,,,,,,,,,,,,,,,,,,,,,,,,,,,,,,,,,,,,,,,,,,,
,,,,#311 Plusle,,,,,Lv.15,,,#312 Minun,,,,,Lv.15,,,,,,,,,,,,,,,,,,,,,,,,,,,,,,,,
,,,,,ELECTRIC,,,,,,,,ELECTRIC,,,,,,,,,,,,,,,,,,,,,,,,,,,,,,,,,,,,
,,TWINS LIV ´╝å LIZ [15],HP,Atk,Def,SpA,SpD,Spe,Total,,HP,Atk,Def,SpA,SpD,Spe,Total,,,,,,,,,,,,,,,,,,,,,,,,,,,,,,,,
,,,60,50,50ßáÄ,95ßáÄ,85ßáÄ,110ßáÄ,450ßáÄ,,60,50ßáÄ,50,85ßáÄ,95ßáÄ,110ßáÄ,450ßáÄ,,,,,,,,,,,,,,,,,,,,,,,,,,,,,,,,
,,DOUBLE BATTLE,,No Item,,,Plus,,,,,No Item,,,Minus,,,,,,,,,,,,,,,,,,,,,,,,,,,,,,,,,,
,,,"Sassy (+SpD, -Spe)",,,,,,12 IV,,"Lax (+Def, -SpD)",,,,,,12 IV,,,,,,,,,,,,,,,,,,,,,,,,,,,,,,,,
,,,Charge Beam,,,,50,90%,10PP,,Charge Beam,,,,50,90%,10PP,,,,,,,,,,,,,,,,,,,,,,,,,,,,,,,,
,,,Encore,,,,--,100%,5PP,,Encore,,,,--,100%,5PP,,,,,,,,,,,,,,,,,,,,,,,,,,,,,,,,
,,,Spark,,,,65,100%,20PP,,Spark,,,,65,100%,20PP,,,,,,,,,,,,,,,,,,,,,,,,,,,,,,,,
,,(LOOKS DOWN),Helping Hand,,,,--,--,20PP,,Helping Hand,,,,--,--,20PP,,,,,,,,,,,,,,,,,,,,,,,,,,,,,,,,
,,,,,,,,,,,,,,,,,,,,,,,,,,,,,,,,,,,,,,,,,,,,,,,,,
,,,,,,,,,,,,,,,,,,,,,,,,,,,,,,,,,,,,,,,,,,,,,,,,,
,,FLOAROMA TOWN,,,,,,,,,,,,,,,,,,,,,,,,,,,,,,,,,,,,,,,,,,,,,,,
,,,,,,,,,,,,,,,,,,,,,,,,,,,,,,,,,,,,,,,,,,,,,,,,,
,,FLOAROMA TOWN POKEMON CENTER,,,,,,,,,,,,,,,,,,,,,,,,,,,,,,,,,,,,,,,,,,,,,,,
,,,,,,,,,,,,,,,,,,,,,,,,,,,,,,,,,,,,,,,,,,,,,,,,,
,,,,,,,,,,,,,,,,,,,,,,,,,,,,,,,,,,,,,,,,,,,,,,,,,
,,,,#152 Chikorita,,,,,Lv.15,,,#155 Cyndaquil,,,,,Lv.15,,,#158 Totodile,,,,,Lv.15,,,,,,,,,,,,,,,,,,,,,,,,
,,,,,GRASS,,,,,,,,FIRE,,,,,,,,WATER,,,,,,,,,,,,,,,,,,,,,,,,,,,,
,,REPORTER JENNY [1021],HP,Atk,Def,SpA,SpD,Spe,Total,,HP,Atk,Def,SpA,SpD,Spe,Total,,HP,Atk,Def,SpA,SpD,Spe,Total,,,,,,,,,,,,,,,,,,,,,,,,
,,,45,49,65,49,65,45,318,,39,52,43,60,50,65,309,,50,65,64,44,48,43,314,,,,,,,,,,,,,,,,,,,,,,,,
,,Is there a cave called Tohjo Falls (...) ? -N,,No Item,,,Serene Grace (!),,,,,No Item,,,Adaptability (!),,,,,No Item,,,Intimidate (!),,,,,,,,,,,,,,,,,,,,,,,,,,
,,Does the Gym in Violet City gives (...)?-N,"Lonely (+Atk, -Def)",,,,,,12 IV,,Bashful (Neutral),,,,,,12 IV,,"Calm (+SpD, -Atk)",,,,,,12 IV,,,,,,,,,,,,,,,,,,,,,,,,
,,Can an Orange Apricorn be found (...)?-N,Magical Leaf,,,,60,--,20PP,,Flame Wheel,,,,75ßáÄ,100%,15PPßáï,,Water Gun,,,,40,100%,25PP,,,,,,,,,,,,,,,,,,,,,,,,
,,,Synthesis,,,,--,--,5PP,,Quick Attack,,,,40,100%,30PP,,Bite,,,,60,100%,25PP,,,,,,,,,,,,,,,,,,,,,,,,
,,,Poison Powder,,,,--,75%,35PP,,Smokescreen,,,,--,100%,20PP,,Scratch,,,,40,100%,35PP,,,,,,,,,,,,,,,,,,,,,,,,
,,Gifts the Johto Starters when beaten,Tackle,,,,40ßáÄ,100%ßáÄ,35PP,,Tackle,,,,40ßáÄ,100%ßáÄ,35PP,,Scary Face,,,,--,100%ßáÄ,10PP,,,,,,,,,,,,,,,,,,,,,,,,
,,,,,,,,,,,,,,,,,,,,,,,,,,,,,,,,,,,,,,,,,,,,,,,,,
,,,,,,,,,,,,,,,,,,,,,,,,,,,,,,,,,,,,,,,,,,,,,,,,,
,,VALLEY WINDWORKS OUTSIDE,,,,,,,,,,,,,,,,,,,,,,,,,,,,,,,,,,,,,,,,,,,,,,,
,,,,,,,,,,,,,,,,,,,,,,,,,,,,,,,,,,,,,,,,,,,,,,,,,
,,,,,,,,,,,,,,,,,,,,,,,,,,,,,,,,,,,,,,,,,,,,,,,,,
,,,,#261 Poochyena,,,,,Lv. 14,,,#316 Gulpin,,,,,Lv. 14,,,#228 Houndour,,,,,Lv. 14,,,,,,,,,,,,,,,,,,,,,,,,
,,,,,DARK,,,,,,,,POISON,,,,,,,,DARK,,,FIRE,,,,,,,,,,,,,,,,,,,,,,,,,
,,GALACTIC GRUNT [843],HP,Atk,Def,SpA,SpD,Spe,Total,,HP,Atk,Def,SpA,SpD,Spe,Total,,HP,Atk,Def,SpA,SpD,Spe,Total,,,,,,,,,,,,,,,,,,,,,,,,
,,,35,75ßáÄ,35,30,30,65ßáÄ,270ßáÄ,,70,43,53,43,53,40,302,,45,60,30,80,50,65,330,,,,,,,,,,,,,,,,,,,,,,,,
,,Grunt standing in front of the door,,No Item,,,Run Away,,,,,No Item,,,Liquid Ooze,,,,,No Item,,,Intimidate (!),,,,,,,,,,,,,,,,,,,,,,,,,,
,,,"Careful (+SpD, -SpA)",,,,,,12 IV,,"Timid (+Spe, -Atk)",,,,,,12 IV,,"Adamant (+Atk, -SpA)",,,,,,12 IV,,,,,,,,,,,,,,,,,,,,,,,,
,,,Assurance,,,,60ßáÄ,100%,10PP,,Amnesia,,,,--,--,20PP,,Smog,,,,30ßáÄ,70%,20PP,,,,,,,,,,,,,,,,,,,,,,,,
,,,Odor Sleuth,,,,--,--,40PP,,Poison Gas,,,,--,90%ßáÄ,40PP,,Roar,,,,--,--,20PP,,,,,,,,,,,,,,,,,,,,,,,,
,,,Bite,,,,60,100%,25PP,,Smog,,,,30ßáÄ,70%,20PP,,Bite,,,,60,100%,25PP,,,,,,,,,,,,,,,,,,,,,,,,
,,,Sand Attack,,,,--,100%,15PP,,Yawn,,,,--,--,10PP,,Howl,,,,--,--,40PP,,,,,,,,,,,,,,,,,,,,,,,,
,,,,,,,,,,,,,,,,,,,,,,,,,,,,,,,,,,,,,,,,,,,,,,,,,
,,,,,,,,,,,,,,,,,,,,,,,,,,,,,,,,,,,,,,,,,,,,,,,,,
,,FLOAROMA TOWN,,,,,,,,,,,,,,,,,,,,,,,,,,,,,,,,,,,,,,,,,,,,,,,
,,,,,,,,,,,,,,,,,,,,,,,,,,,,,,,,,,,,,,,,,,,,,,,,,
,,FLOAROMA MEADOW,,,,,,,,,,,,,,,,,,,,,,,,,,,,,,,,,,,,,,,,,,,,,,,
,,,,,,,,,,,,,,,,,,,,,,,,,,,,,,,,,,,,,,,,,,,,,,,,,
,,,,,,,,,,,,,,,,,,,,,,,,,,,,,,,,,,,,,,,,,,,,,,,,,
,,,,#453 Croagunk,,,,,Lv. 15,,,#165 Ledyba,,,,,Lv. 15,,,,,,,,,,,,,,,,,,,,,,,,,,,,,,,,
,,,,,POISON,,,FIGHTING,,,,,BUG,,,FLYING,,,,,,,,,,,,,,,,,,,,,,,,,,,,,,,,,
,,GALACTIC GRUNT [297],HP,Atk,Def,SpA,SpD,Spe,Total,,HP,Atk,Def,SpA,SpD,Spe,Total,,,,,,,,,,,,,,,,,,,,,,,,,,,,,,,,
,,,48,61,40,61,40,50,300,,40,50ßáÄ,30,20ßáï,80,55,275ßáÄ,,,,,,,,,,,,,,,,,,,,,,,,,,,,,,,,
,,Fights you when talked to,,No Item,,,Dry Skinß×Á ß×Á,,,,,No Item,,,Technician (!),,,,,,,,,,,,,,,,,,,,,,,,,,,,,,,,,,
,,,"Timid (+Spe, -Atk)",,,,,,12 IV,,"Sassy (+SpD, -Spe)",,,,,,12 IV,,,,,,,,,,,,,,,,,,,,,,,,,,,,,,,,
,,Has to be fought in a double battle with Galactic Grunt [296],Pursuit,,,,40,100%,20PP,,Aerial Ace,,,,60,--,20PP,,,,,,,,,,,,,,,,,,,,,,,,,,,,,,,,
,,,Torment,,,,--,100%,15PP,,Mach Punch,,,,40,100%,30PP,,,,,,,,,,,,,,,,,,,,,,,,,,,,,,,,
,,His team is on the right,Poison Sting,,,,15,100%,35PP,,Safeguard,,,,--,--,25PP,,,,,,,,,,,,,,,,,,,,,,,,,,,,,,,,
,,,Mud-slap,,,,20,100%,10PP,,Reflect,,,,--,--,20PP,,,,,,,,,,,,,,,,,,,,,,,,,,,,,,,,
,,,,,,,,,,,,,,,,,,,,,,,,,,,,,,,,,,,,,,,,,,,,,,,,,
,,,,,,,,,,,,,,,,,,,,,,,,,,,,,,,,,,,,,,,,,,,,,,,,,
,,,,#041 Zubat,,,,,Lv. 15,,,#167 Spinarak,,,,,Lv. 15,,,,,,,,,,,,,,,,,,,,,,,,,,,,,,,,
,,,,,POISON,,,FLYING,,,,,BUG,,,POISON,,,,,,,,,,,,,,,,,,,,,,,,,,,,,,,,,
,,GALACTIC GRUNT [296],HP,Atk,Def,SpA,SpD,Spe,Total,,HP,Atk,Def,SpA,SpD,Spe,Total,,,,,,,,,,,,,,,,,,,,,,,,,,,,,,,,
,,,40,45,35,30,40,55,245,,40,70ßáÄ,40,40,40,45ßáÄ,275ßáÄ,,,,,,,,,,,,,,,,,,,,,,,,,,,,,,,,
,,Has to be fought in a double battle with Galactic Grunt [297],,No Item,,,Inner Focus,,,,,No Item,,,Swarm,,,,,,,,,,,,,,,,,,,,,,,,,,,,,,,,,,
,,,"Lonely (+Atk, -Def)",,,,,,12 IV,,"Jolly (+Spe, -SpA)",,,,,,12 IV,,,,,,,,,,,,,,,,,,,,,,,,,,,,,,,,
,,His team is on the right,Confuse Ray,,,,--,100%,10PP,,Night Shade,,,,--,100%,15PP,,,,,,,,,,,,,,,,,,,,,,,,,,,,,,,,
,,,Poison Fang,,,,65ßáÄ,95%ßáï,15PP,,Poison Fang,,,,65ßáÄ,95%ßáï,15PP,,,,,,,,,,,,,,,,,,,,,,,,,,,,,,,,
,,,Wing Attack,,,,60,100%,35PP,,Scary Face,,,,--,100%ßáÄ,10PP,,,,,,,,,,,,,,,,,,,,,,,,,,,,,,,,
,,,Bite,,,,60,100%,25PP,,Bug Bite,,,,60,100%,20PP,,,,,,,,,,,,,,,,,,,,,,,,,,,,,,,,
,,,,,,,,,,,,,,,,,,,,,,,,,,,,,,,,,,,,,,,,,,,,,,,,,
,,,,,,,,,,,,,,,,,,,,,,,,,,,,,,,,,,,,,,,,,,,,,,,,,
,,FLOAROMA TOWN,,,,,,,,,,,,,,,,,,,,,,,,,,,,,,,,,,,,,,,,,,,,,,,
,,,,,,,,,,,,,,,,,,,,,,,,,,,,,,,,,,,,,,,,,,,,,,,,,
,,VALLEY WINDWORKS OUTSIDE,,,,,,,,,,,,,,,,,,,,,,,,,,,,,,,,,,,,,,,,,,,,,,,
,,,,,,,,,,,,,,,,,,,,,,,,,,,,,,,,,,,,,,,,,,,,,,,,,
,,VALLEY WINDWORKS INSIDE,,,,,,,,,,,,,,,,,,,,,,,,,,,,,,,,,,,,,,,,,,,,,,,
,,,,,,,,,,,,,,,,,,,,,,,,,,,,,,,,,,,,,,,,,,,,,,,,,
,,,,,,,,,,,,,,,,,,,,,,,,,,,,,,,,,,,,,,,,,,,,,,,,,
,,,,#088 Grimer,,,,,Lv. 15,,,#109 Koffing,,,,,Lv. 15,,,,,,,,,,,,,,,,,,,,,,,,,,,,,,,,
,,,,,POISON,,,,,,,,POISON,,,,,,,,,,,,,,,,,,,,,,,,,,,,,,,,,,,,
,,GALACTIC GRUNT [298],HP,Atk,Def,SpA,SpD,Spe,Total,,HP,Atk,Def,SpA,SpD,Spe,Total,,,,,,,,,,,,,,,,,,,,,,,,,,,,,,,,
,,,80,80,50,40,50,25,325,,40,65,95,60,45,35,340,,,,,,,,,,,,,,,,,,,,,,,,,,,,,,,,
,,,,No Item,,,Stench,,,,,No Item,,,Levitate,,,,,,,,,,,,,,,,,,,,,,,,,,,,,,,,,,
,,,"Adamant (+Atk, -SpA)",,,,,,12 IV,,"Timid (+Spe, -Atk)",,,,,,12 IV,,,,,,,,,,,,,,,,,,,,,,,,,,,,,,,,
,,,Sludge,,,,75ßáÄ,100%,15PPßáï,,Pain Split,,,,--,--,20PP,,,,,,,,,,,,,,,,,,,,,,,,,,,,,,,,
,,,Disable,,,,--,100%ßáÄ,20PP,,Sludge,,,,75ßáÄ,100%,15PPßáï,,,,,,,,,,,,,,,,,,,,,,,,,,,,,,,,
,,,Mud-slap,,,,20,100%,10PP,,Assurance,,,,60ßáÄ,100%,10PP,,,,,,,,,,,,,,,,,,,,,,,,,,,,,,,,
,,(LOOKS LEFT AND UP),Harden,,,,--,--,30PP,,Smokescreen,,,,--,100%,20PP,,,,,,,,,,,,,,,,,,,,,,,,,,,,,,,,
,,,,,,,,,,,,,,,,,,,,,,,,,,,,,,,,,,,,,,,,,,,,,,,,,
,,,,,,,,,,,,,,,,,,,,,,,,,,,,,,,,,,,,,,,,,,,,,,,,,
,,,,,,,,,,,,,,,,,,,,,,,,,,,,,,,,,,,,,,,,,,,,,,,,,
,,,,#014 Kakuna,,,,,Lv. 14,,,#204 Pineco,,,,,Lv. 14,,,#011 Metapod,,,,,Lv. 14,,,,,,,,,,,,,,,,,,,,,,,,
,,,,,BUG,,,POISON,,,,,BUG,,,,,,,,BUG,,,,,,,,,,,,,,,,,,,,,,,,,,,,
,,GALACTIC GRUNT [299],HP,Atk,Def,SpA,SpD,Spe,Total,,HP,Atk,Def,SpA,SpD,Spe,Total,,HP,Atk,Def,SpA,SpD,Spe,Total,,,,,,,,,,,,,,,,,,,,,,,,
,,,45,25,50,25,25,35,205,,50,65,90,35,35,15,290,,50,20,55,25,25,30,205,,,,,,,,,,,,,,,,,,,,,,,,
,,,,No Item,,,Shed Skin,,,,,No Item,,,Sturdy,,,,,No Item,,,Shed Skin,,,,,,,,,,,,,,,,,,,,,,,,,,
,,,Docile (Neutral),,,,,,12 IV,,Quirky (Neutral),,,,,,12 IV,,"Lax (+Def, -SpD)",,,,,,12 IV,,,,,,,,,,,,,,,,,,,,,,,,
,,,Iron Defense,,,,--,--,15PP,,Rapid Spin,,,,20,100%,40PP,,Iron Defense,,,,--,--,15PP,,,,,,,,,,,,,,,,,,,,,,,,
,,,Harden,,,,--,--,30PP,,Self-Destruct,,,,200,100%,5PP,,Harden,,,,--,--,30PP,,,,,,,,,,,,,,,,,,,,,,,,
,,,,,,,,,,,Bug Bite,,,,60,100%,20PP,,,,,,,,,,,,,,,,,,,,,,,,,,,,,,,,
,,(LOOKS DOWN),,,,,,,,,Protect,,,,--,--,10PP,,,,,,,,,,,,,,,,,,,,,,,,,,,,,,,,
,,,,,,,,,,,,,,,,,,,,,,,,,,,,,,,,,,,,,,,,,,,,,,,,,
,,,,,,,,,,,,,,,,,,,,,,,,,,,,,,,,,,,,,,,,,,,,,,,,,
,,,,,,,,,,,,,,,,,,,,,,,,,,,,,,,,,,,,,,,,,,,,,,,,,
,,,,#041 Zubat,,,,,Lv. 18,,,#436 Bronzor,,,,,Lv. 18,,,#193 Yanma,,,,,Lv. 18,,,#432 Purugly,,,,,Lv. 19,,,,,,,,,,,,,,,,
,,,,,POISON,,,FLYING,,,,,STEEL,,,PSYCHIC,,,,,BUG,,,FLYING,,,,,NORMAL,,,,,,,,,,,,,,,,,,,,
,,COMMANDER MARS [295],HP,Atk,Def,SpA,SpD,Spe,Total,,HP,Atk,Def,SpA,SpD,Spe,Total,,HP,Atk,Def,SpA,SpD,Spe,Total,,HP,Atk,Def,SpA,SpD,Spe,Total,,,,,,,,,,,,,,,,
,,,40,45,35,30,40,55,245,,57,24,86,24,86,23,300,,65,65,45,75,45,95,390,,90ßáÄ,95ßáÄ,70ßáÄ,65ßáÄ,60ßáÄ,115ßáÄ,495ßáÄ,,,,,,,,,,,,,,,,
,,,,No Item,,,Inner Focus,,,,,Sitrus Berry,,,Levitate,,,,,No Item,,,Speed Boost,,,,,Sitrus Berry,,,Thick Fat,,,,,,,,,,,,,,,,,,
,,,"Naive (+Spe, -SpD)",,,,,,30 IV,,"Brave (+Atk, -Spe)",,,,,,30 IV,,"Timid (+Spe, -Atk)",,,,,,30 IV,,"Jolly (+Spe, -SpA)",,,,,,30 IV,,,,,,,,,,,,,,,,
,,,Poison Fang,,,,65ßáÄ,95%ßáï,15PP,,Hypnosis,,,,--,60%ßáï,20PP,,Silver Wind,,,,60,100%,5PP,,Fake Out,,,,40,100%,10PP,,,,,,,,,,,,,,,,
,,,Wing Attack,,,,60,100%,35PP,,Extrasensory,,,,80,100%,20PPßáï,,Air Cutter,,,,60ßáÄ,95%,25PP,,Hypnosis,,,,--,60%ßáï,20PP,,,,,,,,,,,,,,,,
,,,Toxic,,,,--,90%ßáÄ,10PP,,Gyro Ball,,,,--,100%,5PP,,Detect,,,,--,--,5PP,,Facade,,,,70,100%,20PP,,,,,,,,,,,,,,,,
,,,Confuse Ray,,,,--,100%,10PP,,Confuse Ray,,,,--,100%,10PP,,Sonic Boom,,,,--,90%,20PP,,Feint Attack,,,,60,--,20PP,,,,,,,,,,,,,,,,
,,,,,,,,,,,,,,,,,,,,,,,,,,,,,,,,,,,,,,,,,,,,,,,,,
,,,,,,,,,,,,,,,,,,,,,,,,,,,,,,,,,,,,,,,,,,,,,,,,,
,,ROUTE 205 ~ SOUTH,,,,,,,,,,,,,,,,,,,,,,,,,,,,,,,,,,,,,,,,,,,,,,,
,,,,,,,,,,,,,,,,,,,,,,,,,,,,,,,,,,,,,,,,,,,,,,,,,
,,,,,,,,,,,,,,,,,,,,,,,,,,,,,,,,,,,,,,,,,,,,,,,,,
,,,,#077 Ponyta,,,,,Lv. 15,,,#179 Mareep,,,,,Lv. 15,,,#418 Buizel,,,,,Lv. 15,,,,,,,,,,,,,,,,,,,,,,,,
,,,,,FIRE,,,,,,,,ELECTRIC,,,,,,,,WATER,,,,,,,,,,,,,,,,,,,,,,,,,,,,
,,CAMPER JACOB [16],HP,Atk,Def,SpA,SpD,Spe,Total,,HP,Atk,Def,SpA,SpD,Spe,Total,,HP,Atk,Def,SpA,SpD,Spe,Total,,,,,,,,,,,,,,,,,,,,,,,,
,,,50,85,55,65,65,90,410,,55,40,40,65,45,35,280,,55,65,35,60,30,85,330,,,,,,,,,,,,,,,,,,,,,,,,
,,,,No Item,,,Flame Body (!),,,,,No Item,,,Static,,,,,No Item,,,Swift Swim,,,,,,,,,,,,,,,,,,,,,,,,,,
,,,Quirky (Neutral),,,,,,12 IV,,Serious (Neutral),,,,,,12 IV,,"Bold (+Def, -Atk)",,,,,,12 IV,,,,,,,,,,,,,,,,,,,,,,,,
,,,Double Kick,,,,30,100%,30PP,,Charge,,,,--,--,20PP,,Water Sport,,,,--,--,15PP,,,,,,,,,,,,,,,,,,,,,,,,
,,,Stomp,,,,65,100%,20PP,,Cotton Spore,,,,--,100%ßáÄ,40PP,,Quick Attack,,,,40,100%,30PP,,,,,,,,,,,,,,,,,,,,,,,,
,,,Ember,,,,40,100%,25PP,,Thunder Shock,,,,40,100%,30PP,,Water Gun,,,,40,100%,25PP,,,,,,,,,,,,,,,,,,,,,,,,
,,(LOOKS UP RIGHT AND DOWN),Tail Whip,,,,--,100%,30PP,,Thunder Wave,,,,--,90%ßáÄ,20PP,,Growl,,,,--,100%,40PP,,,,,,,,,,,,,,,,,,,,,,,,
,,,,,,,,,,,,,,,,,,,,,,,,,,,,,,,,,,,,,,,,,,,,,,,,,
,,,,,,,,,,,,,,,,,,,,,,,,,,,,,,,,,,,,,,,,,,,,,,,,,
,,,,,,,,,,,,,,,,,,,,,,,,,,,,,,,,,,,,,,,,,,,,,,,,,
,,,,#050 Diglett,,,,,Lv. 15,,,#410 Shieldon,,,,,Lv. 15,,,#322 Numel,,,,,Lv. 15,,,,,,,,,,,,,,,,,,,,,,,,
,,,,,GROUND,,,,,,,,ROCK,,,STEEL,,,,,FIRE,,,GROUND,,,,,,,,,,,,,,,,,,,,,,,,,
,,HIKER DANIEL [18],HP,Atk,Def,SpA,SpD,Spe,Total,,HP,Atk,Def,SpA,SpD,Spe,Total,,HP,Atk,Def,SpA,SpD,Spe,Total,,,,,,,,,,,,,,,,,,,,,,,,
,,,10,55,25,35,45,95,265,,30,62ßáÄ,118,22ßáï,88,30,350,,60,60,40,65,45,35,305,,,,,,,,,,,,,,,,,,,,,,,,
,,,,No Item,,,Sand Veil,,,,,No Item,,,Soundproof (!),,,,,No Item,,,Simpleß×Á ß×Á,,,,,,,,,,,,,,,,,,,,,,,,,,
,,,"Impish (+Def, -SpA)",,,,,,12 IV,,"Relaxed (+Def, -Spe)",,,,,,12 IV,,Serious (Neutral),,,,,,12 IV,,,,,,,,,,,,,,,,,,,,,,,,
,,,Magnitude,,,,--,100%,30PP,,Iron Defense,,,,--,--,15PP,,Magnitude,,,,--,100%,30PP,,,,,,,,,,,,,,,,,,,,,,,,
,,,Bulldoze (!),,,,60,100%,20PP,,Take Down,,,,90,85%,20PP,,Focus Energy,,,,--,--,30PP,,,,,,,,,,,,,,,,,,,,,,,,
,,,Astonish,,,,30,100%,15PP,,Metal Sound,,,,--,85%,40PP,,Ember,,,,40,100%,25PP,,,,,,,,,,,,,,,,,,,,,,,,
,,(LOOKS LEFT AND DOWN),Growl,,,,--,100%,40PP,,Taunt,,,,--,100%,20PP,,Tackle,,,,40ßáÄ,100%ßáÄ,35PP,,,,,,,,,,,,,,,,,,,,,,,,
,,,,,,,,,,,,,,,,,,,,,,,,,,,,,,,,,,,,,,,,,,,,,,,,,
,,,,,,,,,,,,,,,,,,,,,,,,,,,,,,,,,,,,,,,,,,,,,,,,,
,,,,,,,,,,,,,,,,,,,,,,,,,,,,,,,,,,,,,,,,,,,,,,,,,
,,,,#152 Chikorita,,,,,Lv.16,,,#001 Bulbasaur,,,,,Lv.16,,,,,,,,,,,,,,,,,,,,,,,,,,,,,,,,
,,,,,GRASS,,,,,,,,GRASS,,,POISON,,,,,,,,,,,,,,,,,,,,,,,,,,,,,,,,,
,,AROMA LADY ELIZABETH [21],HP,Atk,Def,SpA,SpD,Spe,Total,,HP,Atk,Def,SpA,SpD,Spe,Total,,,,,,,,,,,,,,,,,,,,,,,,,,,,,,,,
,,,45,49,65,49,65,45,318,,45,49,49,65,65,45,318,,,,,,,,,,,,,,,,,,,,,,,,,,,,,,,,
,,Aroma Lady in the grass downstairs from Hiker Daniel,,No Item,,,Serene Grace (!),,,,,No Item,,,Chlorophyll (!),,,,,,,,,,,,,,,,,,,,,,,,,,,,,,,,,,
,,,"Jolly (+Spe, -SpA)",,,,,,12 IV,,"Brave (+Atk, -Spe)",,,,,,12 IV,,,,,,,,,,,,,,,,,,,,,,,,,,,,,,,,
,,,Razor Leaf,,,,55,95%,25PP,,Leech Seed,,,,--,90%,10PP,,,,,,,,,,,,,,,,,,,,,,,,,,,,,,,,
,,,Poison Powder,,,,--,75%,35PP,,Razor Leaf,,,,55,95%,25PP,,,,,,,,,,,,,,,,,,,,,,,,,,,,,,,,
,,,Synthesis,,,,--,--,5PP,,Poison Powder,,,,--,75%,35PP,,,,,,,,,,,,,,,,,,,,,,,,,,,,,,,,
,,(SPINS COUNTER CLOCKWISE),Magical Leaf,,,,60,--,20PP,,Sleep Powder,,,,--,75%,15PP,,,,,,,,,,,,,,,,,,,,,,,,,,,,,,,,
,,,,,,,,,,,,,,,,,,,,,,,,,,,,,,,,,,,,,,,,,,,,,,,,,
,,,,,,,,,,,,,,,,,,,,,,,,,,,,,,,,,,,,,,,,,,,,,,,,,
,,,,,,,,,,,,,,,,,,,,,,,,,,,,,,,,,,,,,,,,,,,,,,,,,
,,,,#417 Pachirisu,,,,,Lv.17,,,,,,,,,,,,,,,,,,,,,,,,,,,,,,,,,,,,,,,,
,,,,,ELECTRIC,,,,,,,,,,,,,,,,,,,,,,,,,,,,,,,,,,,,,,,,,,,,
,,PICKNICKER SIENA [17],HP,Atk,Def,SpA,SpD,Spe,Total,,,,,,,,,,,,,,,,,,,,,,,,,,,,,,,,,,,,,,,,
,,,60,45,80ßáÄ,80ßáÄ,90,95,450ßáÄ,,,,,,,,,,,,,,,,,,,,,,,,,,,,,,,,,,,,,,,,
,,Picknicker wandering around under the bridge after Aroma Lady Elizabeth,,No Item,,,Volt Absorb (!),,,,,,,,,,,,,,,,,,,,,,,,,,,,,,,,,,,,,,,,,,
,,,"Lonely (+Atk, -Def)",,,,,,0 IV,,,,,,,,,,,,,,,,,,,,,,,,,,,,,,,,,,,,,,,,
,,,Charm,,,,--,100%,20PP,,,,,,,,,,,,,,,,,,,,,,,,,,,,,,,,,,,,,,,,
,,There's a Destiny Knot next to the water,Spark,,,,65,100%,20PP,,,,,,,,,,,,,,,,,,,,,,,,,,,,,,,,,,,,,,,,
,,,Endure,,,,--,--,10PP,,,,,,,,,,,,,,,,,,,,,,,,,,,,,,,,,,,,,,,,
,,(WANDERS AROUND),Charge Beam,,,,50,90%,10PP,,,,,,,,,,,,,,,,,,,,,,,,,,,,,,,,,,,,,,,,
,,,,,,,,,,,,,,,,,,,,,,,,,,,,,,,,,,,,,,,,,,,,,,,,,
,,,,,,,,,,,,,,,,,,,,,,,,,,,,,,,,,,,,,,,,,,,,,,,,,
,,,,,,,,,,,,,,,,,,,,,,,,,,,,,,,,,,,,,,,,,,,,,,,,,
,,,,#190 Aipom,,,,,Lv.15,,,#287 Slakoth,,,,,Lv.15,,,#276 Taillow,,,,,Lv.15,,,,,,,,,,,,,,,,,,,,,,,,
,,,,,NORMAL,,,,,,,,NORMAL,,,,,,,,NORMAL,,,FLYING,,,,,,,,,,,,,,,,,,,,,,,,,
,,CAMPER ZACKARY [377],HP,Atk,Def,SpA,SpD,Spe,Total,,HP,Atk,Def,SpA,SpD,Spe,Total,,HP,Atk,Def,SpA,SpD,Spe,Total,,,,,,,,,,,,,,,,,,,,,,,,
,,,55,70,55,40,55,85,360,,60,60,60,35,35,30,280,,40,55,30,30,30,85,270,,,,,,,,,,,,,,,,,,,,,,,,
,,Camper upstairs from Hiker Daniel,,No Item,,,Run Away,,,,,No Item,,,Truant,,,,,No Item,,,Guts,,,,,,,,,,,,,,,,,,,,,,,,,,
,,,Quirky (Neutral),,,,,,12 IV,,"Timid (+Spe, -Atk)",,,,,,12 IV,,"Gentle (+SpD, -Def)",,,,,,12 IV,,,,,,,,,,,,,,,,,,,,,,,,
,,,Astonish,,,,30,100%,15PP,,Yawn,,,,--,--,10PP,,Growl,,,,--,100%,40PP,,,,,,,,,,,,,,,,,,,,,,,,
,,,Tickle,,,,--,100%,20PP,,Encore,,,,--,100%,5PP,,Focus Energy,,,,--,--,30PP,,,,,,,,,,,,,,,,,,,,,,,,
,,,Baton Pass,,,,--,--,40PP,,Slack Off,,,,--,--,10PP,,Quick Attack,,,,40,100%,30PP,,,,,,,,,,,,,,,,,,,,,,,,
,,(WALKS IN A CIRCLE),Pursuit,,,,40,100%,20PP,,Crush Claw,,,,75,95%,10PP,,Wing Attack,,,,60,100%,35PP,,,,,,,,,,,,,,,,,,,,,,,,
,,,,,,,,,,,,,,,,,,,,,,,,,,,,,,,,,,,,,,,,,,,,,,,,,
,,,,,,,,,,,,,,,,,,,,,,,,,,,,,,,,,,,,,,,,,,,,,,,,,
,,,,,,,,,,,,,,,,,,,,,,,,,,,,,,,,,,,,,,,,,,,,,,,,,
,,,,#422 Shellos,,,,,Lv.16,,,#095 Onix,,,,,Lv.16,,,,,,,,,,,,,,,,,,,,,,,,,,,,,,,,
,,,,,WATER,,,,,,,,ROCK,,,GROUND,,,,,,,,,,,,,,,,,,,,,,,,,,,,,,,,,
,,HIKER NICHOLAS [19],HP,Atk,Def,SpA,SpD,Spe,Total,,HP,Atk,Def,SpA,SpD,Spe,Total,,,,,,,,,,,,,,,,,,,,,,,,,,,,,,,,
,,,76,48,48,57,62,34,325,,35,75ßáÄ,160,30,45,80ßáÄ,425ßáÄ,,,,,,,,,,,,,,,,,,,,,,,,,,,,,,,,
,,,,No Item,,,Sticky Hold,,,,,No Item,,,Rock Head,,,,,,,,,,,,,,,,,,,,,,,,,,,,,,,,,,
,,,"Relaxed (+Def, -Spe)",,,,,,12 IV,,"Brave (+Atk, -Spe)",,,,,,12 IV,,,,,,,,,,,,,,,,,,,,,,,,,,,,,,,,
,,,Harden,,,,--,--,30PP,,Rock Throw,,,,50,90%,15PP,,,,,,,,,,,,,,,,,,,,,,,,,,,,,,,,
,,,Water Pulse,,,,60,100%,20PP,,Bulldoze (!),,,,60,100%,20PP,,,,,,,,,,,,,,,,,,,,,,,,,,,,,,,,
,,,Mud Bomb,,,,65,85%,10PP,,Rock Tomb,,,,60ßáÄ,80%,15PPßáÄ,,,,,,,,,,,,,,,,,,,,,,,,,,,,,,,,
,,(LOOKS DOWN AND LEFT),Hidden Power,,,,-,100%,15PP,,Rage,,,,20,100%,20PP,,,,,,,,,,,,,,,,,,,,,,,,,,,,,,,,
,,,,,,,,,,,,,,,,,,,,,,,,,,,,,,,,,,,,,,,,,,,,,,,,,
,,,,,,,,,,,,,,,,,,,,,,,,,,,,,,,,,,,,,,,,,,,,,,,,,
,,,,,,,,,,,,,,,,,,,,,,,,,,,,,,,,,,,,,,,,,,,,,,,,,
,,,,#066 Machop,,,,,Lv.16,,,#056 Mankey,,,,,Lv.16,,,#307 Meditite,,,,,Lv.16,,,,,,,,,,,,,,,,,,,,,,,,
,,,,,FIGHTING,,,,,,,,FIGHTING,,,,,,,,FIGHTING,,,PSYCHIC,,,,,,,,,,,,,,,,,,,,,,,,,
,,BATTLE GIRL KELSEY [20],HP,Atk,Def,SpA,SpD,Spe,Total,,HP,Atk,Def,SpA,SpD,Spe,Total,,HP,Atk,Def,SpA,SpD,Spe,Total,,,,,,,,,,,,,,,,,,,,,,,,
,,,70,80,50,35,35,35,305,,40,80,35,35,45,70,305,,30,40,55,60ßáÄ,55,60,300ßáÄ,,,,,,,,,,,,,,,,,,,,,,,,
,,There is a Repel next to her,,No Item,,,Guts,,,,,No Item,,,Vital Spirit,,,,,No Item,,,Pure Power,,,,,,,,,,,,,,,,,,,,,,,,,,
,,,"Lonely (+Atk, -Def)",,,,,,24 IV,,"Quiet (+SpA, -Spe)",,,,,,24 IV,,Serious (Neutral),,,,,,24 IV,,,,,,,,,,,,,,,,,,,,,,,,
,,,Karate Chop,,,,50,100%,25PP,,Fury Swipes,,,,18,80%,15PP,,Confusion,,,,50,100%,25PP,,,,,,,,,,,,,,,,,,,,,,,,
,,,Foresight,,,,--,--,40PP,,Karate Chop,,,,50,100%,25PP,,Endure,,,,--,--,10PP,,,,,,,,,,,,,,,,,,,,,,,,
,,,Brick Break,,,,75,100%,15PP,,Covet,,,,60ßáÄ,100%,25PPßáï,,Feint,,,,30ßáï,100%,10PP,,,,,,,,,,,,,,,,,,,,,,,,
,,(WALKS IN A CIRCLE),Seismic Toss,,,,--,100%,20PP,,Pursuit,,,,40,100%,20PP,,Force Palm,,,,60,100%,10PP,,,,,,,,,,,,,,,,,,,,,,,,
,,,,,,,,,,,,,,,,,,,,,,,,,,,,,,,,,,,,,,,,,,,,,,,,,
,,,,,,,,,,,,,,,,,,,,,,,,,,,,,,,,,,,,,,,,,,,,,,,,,
,,,,,,,,,,,,,,,,,,,,,,,,,,,,,,,,,,,,,,,,,,,,,,,,,
,,,,#393 Piplup,,,,,Lv.16,,,#390 Chimchar,,,,,Lv.16,,,,,,,,,,,,,,,,,,,,,,,,,,,,,,,,
,,,,,WATER,,,,,,,,FIRE,,,,,,,,,,,,,,,,,,,,,,,,,,,,,,,,,,,,
,,PICKNICKER KARINA [456],HP,Atk,Def,SpA,SpD,Spe,Total,,HP,Atk,Def,SpA,SpD,Spe,Total,,,,,,,,,,,,,,,,,,,,,,,,,,,,,,,,
,,,53,51,53,61,56,40,314,,44,58,44,58,44,61,309,,,,,,,,,,,,,,,,,,,,,,,,,,,,,,,,
,,Picknicker standing above the Battle Girl,,No Item,,,Torrent,,,,,No Item,,,Iron Fist (!),,,,,,,,,,,,,,,,,,,,,,,,,,,,,,,,,,
,,,"Quiet (+SpA, -Spe)",,,,,,12 IV,,"Modest (+SpA, -Atk)",,,,,,12 IV,,,,,,,,,,,,,,,,,,,,,,,,,,,,,,,,
,,You can rest in the house next to her,Bubble,,,,40ßáÄ,100%,30PP,,Ember,,,,40,100%,25PP,,,,,,,,,,,,,,,,,,,,,,,,,,,,,,,,
,,There is a Super Potion on the ground below the house,Water Sport,,,,--,--,15PP,,Taunt,,,,--,100%,20PP,,,,,,,,,,,,,,,,,,,,,,,,,,,,,,,,
,,,Peck,,,,35,100%,35PP,,Fury Swipes,,,,18,80%,15PP,,,,,,,,,,,,,,,,,,,,,,,,,,,,,,,,
,,(LOOKING UP AND DOWN),Bide,,,,--,--,10PP,,Flame Wheel,,,,75ßáÄ,100%,15PPßáï,,,,,,,,,,,,,,,,,,,,,,,,,,,,,,,,
,,,,,,,,,,,,,,,,,,,,,,,,,,,,,,,,,,,,,,,,,,,,,,,,,
,,,,,,,,,,,,,,,,,,,,,,,,,,,,,,,,,,,,,,,,,,,,,,,,,
,,ETERNA FOREST,,,,,,,,,,,,,,,,,,,,,,,,,,,,,,,,,,,,,,,,,,,,,,,
,,,,,,,,,,,,,,,,,,,,,,,,,,,,,,,,,,,,,,,,,,,,,,,,,
,,,,,,,,,,,,,,,,,,,,,,,,,,,,,,,,,,,,,,,,,,,,,,,,,
,,,,#425 Drifloon,,,,,Lv.19,,,#296 Makuhita,,,,,Lv.19,,,#320 Wailmer,,,,,Lv.19,,,#113 Chansey,,,,,Lv.20,,,,,,,,,,,,,,,,
,,,,,GHOST,,,FLYING,,,,,FIGHTING,,,,,,,,WATER,,,,,,,,NORMAL,,,,,,,,,,,,,,,,,,,,
,,PKMN TRAINER CHERYL [1064],HP,Atk,Def,SpA,SpD,Spe,Total,,HP,Atk,Def,SpA,SpD,Spe,Total,,HP,Atk,Def,SpA,SpD,Spe,Total,,HP,Atk,Def,SpA,SpD,Spe,Total,,,,,,,,,,,,,,,,
,,,90,50,34,60,44,70,348,,72,60,30,20,30,25,237,,130,70,35,70,35,60,400,,250,5,5,35,105,50,450,,,,,,,,,,,,,,,,
,,Fights you when you approach,,No Item,,,Unburdenß×Á ß×Á,,,,,No Item,,,Thick Fat,,,,,No Item,,,Water Veil,,,,,No Item,,,Serene Graceß×Á ß×Á,,,,,,,,,,,,,,,,,,
,,Once beaten she follows you and partners up with you for the fights to come. She'll also heal you after each fight,"Lax (+Def, -SpD)",,,,,,30 IV,,"Lonely (+Atk, -Def)",,,,,,30 IV,,"Lonely (+Atk, -Def)",,,,,,29 IV,,"Hasty (+Spe, -Def)",,,,,,30 IV,,,,,,,,,,,,,,,,
,,,Ominous Wind,,,,60,100%,5PP,,Knock Off,,,,65ßáÄ,100%,20PP,,Water Pulse,,,,60,100%,20PP,,Hyper Voice,,,,90,100%,10PP,,,,,,,,,,,,,,,,
,,,Air Cutter,,,,60ßáÄ,95%,25PP,,Fake Out,,,,40,100%,10PP,,Rock Tomb,,,,60ßáÄ,80%,15PPßáÄ,,Soft-Boiled,,,,--,--,10PP,,,,,,,,,,,,,,,,
,,,Shock Wave,,,,60,--,20PP,,Brick Break,,,,75,100%,15PP,,Mist,,,,--,--,30PP,,Ice Beam,,,,90ßáï,100%,10PP,,,,,,,,,,,,,,,,
,,can use : 1 SUPER POTION,Swift,,,,60,--,20PP,,Bullet Punch,,,,40,100%,30PP,,Rollout,,,,30,90%,20PP,,Thunderbolt,,,,90ßáï,100%,15PP,,,,,,,,,,,,,,,,
,,,,,,,,,,,,,,,,,,,,,,,,,,,,,,,,,,,,,,,,,,,,,,,,,
,,,,,,,,,,,,,,,,,,,,,,,,,,,,,,,,,,,,,,,,,,,,,,,,,
,,,,,,,,,,,,,,,,,,,,,,,,,,,,,,,,,,,,,,,,,,,,,,,,,
,,,,#113 Chansey,,,,,Lv.20,,,#425 Drifloon,,,,,Lv.19,,,#296 Makuhita,,,,,Lv.19,,,,,,,,,,,,,,,,,,,,,,,,
,,,,,NORMAL,,,,,,,,GHOST,,,FLYING,,,,,FIGHTING,,,,,,,,,,,,,,,,,,,,,,,,,,,,
,,PKMN TRAINER CHERYL [608],HP,Atk,Def,SpA,SpD,Spe,Total,,HP,Atk,Def,SpA,SpD,Spe,Total,,HP,Atk,Def,SpA,SpD,Spe,Total,,,,,,,,,,,,,,,,,,,,,,,,
,,,250,5,5,35,105,50,450,,90,50,34,60,44,70,348,,72,60,30,20,30,25,237,,,,,,,,,,,,,,,,,,,,,,,,
,,This is the team Cheryl has when she takes part in wild encounters and trainer fights,,No Item,,,Serene Graceß×Á ß×Á,,,,,No Item,,,Unburdenß×Á ß×Á,,,,,No Item,,,Thick Fat,,,,,,,,,,,,,,,,,,,,,,,,,,
,,,"Quiet (+SpA, -Spe)",,,,,,30 IV,,"Modest (+SpA, -Atk)",,,,,,30 IV,,"Relaxed (+Def, -Spe)",,,,,,30 IV,,,,,,,,,,,,,,,,,,,,,,,,
,,,Hyper Voice,,,,90,100%,10PP,,Ominous Wind,,,,60,100%,5PP,,Knock Off,,,,65ßáÄ,100%,20PP,,,,,,,,,,,,,,,,,,,,,,,,
,,Once she leaves you at the end of the forrest she gives you TM27s Return,Soft-Boiled,,,,--,--,10PP,,Air Cutter,,,,60ßáÄ,95%,25PP,,Fake Out,,,,40,100%,10PP,,,,,,,,,,,,,,,,,,,,,,,,
,,,Ice Beam,,,,90ßáï,100%,10PP,,Shock Wave,,,,60,--,20PP,,Brick Break,,,,75,100%,15PP,,,,,,,,,,,,,,,,,,,,,,,,
,,can use : 1 HYPER POTION,Thunderbolt,,,,90ßáï,100%,15PP,,Swift,,,,60,--,20PP,,Bullet Punch,,,,40,100%,30PP,,,,,,,,,,,,,,,,,,,,,,,,
,,,,,,,,,,,,,,,,,,,,,,,,,,,,,,,,,,,,,,,,,,,,,,,,,
,,,,,,,,,,,,,,,,,,,,,,,,,,,,,,,,,,,,,,,,,,,,,,,,,
,,,,,,,,,,,,,,,,,,,,,,,,,,,,,,,,,,,,,,,,,,,,,,,,,
,,,,#427 Buneary,,,,,Lv.17,,,#183 Marill,,,,,Lv.17,,,,,,,,,,,,,,,,,,,,,,,,,,,,,,,,
,,,,,NORMAL,,,,,,,,WATER,,,FAIRYß×Á ß×Á,,,,,,,,,,,,,,,,,,,,,,,,,,,,,,,,,
,,LASS BRIANA [204],HP,Atk,Def,SpA,SpD,Spe,Total,,HP,Atk,Def,SpA,SpD,Spe,Total,,,,,,,,,,,,,,,,,,,,,,,,,,,,,,,,
,,,55,66,44,44,56,85,350,,70,20,50,40ßáÄ,50,40,270ßáÄ,,,,,,,,,,,,,,,,,,,,,,,,,,,,,,,,
,,Can be fought alone or with Bug Catcher Jack [201] in a double battle,,No Item,,,Limber (!),,,,,No Item,,,Huge Powerß×Á ß×Á,,,,,,,,,,,,,,,,,,,,,,,,,,,,,,,,,,
,,,"Modest (+SpA, -Atk)",,,,,,12 IV,,"Timid (+Spe, -Atk)",,,,,,12 IV,,,,,,,,,,,,,,,,,,,,,,,,,,,,,,,,
,,If fought in a double battle her team will be on the left,Endure,,,,--,--,10PP,,Defense Curl,,,,--,--,40PP,,,,,,,,,,,,,,,,,,,,,,,,,,,,,,,,
,,,Quick Attack,,,,40,100%,30PP,,Rollout,,,,30,90%,20PP,,,,,,,,,,,,,,,,,,,,,,,,,,,,,,,,
,,,Frustration,,,,--,100%,20PP,,Bubble Beam,,,,75ßáÄ,100%,15PPßáÄ,,,,,,,,,,,,,,,,,,,,,,,,,,,,,,,,
,,(LOOKS LEFT),Jump Kick,,,,100ßáÄ,95%,10PPßáï,,Aqua Jet,,,,40,100%,20PP,,,,,,,,,,,,,,,,,,,,,,,,,,,,,,,,
,,,,,,,,,,,,,,,,,,,,,,,,,,,,,,,,,,,,,,,,,,,,,,,,,
,,,,,,,,,,,,,,,,,,,,,,,,,,,,,,,,,,,,,,,,,,,,,,,,,
,,,,#283 Surskit,,,,,Lv.16,,,#046 Paras,,,,,Lv.16,,,#048 Venonat,,,,,Lv.16,,,,,,,,,,,,,,,,,,,,,,,,
,,,,,BUG,,,WATER,,,,,BUG,,,GRASS,,,,,BUG,,,POISON,,,,,,,,,,,,,,,,,,,,,,,,,
,,BUG CATCHER JACK [201],HP,Atk,Def,SpA,SpD,Spe,Total,,HP,Atk,Def,SpA,SpD,Spe,Total,,HP,Atk,Def,SpA,SpD,Spe,Total,,,,,,,,,,,,,,,,,,,,,,,,
,,,40,30,30ßáï,55ßáÄ,55ßáÄ,65,275ßáÄ,,35,70,55,45,55,25,285,,60,55,50,40,55,45,305,,,,,,,,,,,,,,,,,,,,,,,,
,,Can be fought alone or with Lass Briana [204] in a double battle,,No Item,,,Swift Swim,,,,,No Item,,,Effect Spore,,,,,No Item,,,Tinted Lensß×Áß×Á ß×Á,,,,,,,,,,,,,,,,,,,,,,,,,,
,,,"Bold (+Def, -Atk)",,,,,,12 IV,,"Jolly (+Spe, -SpA)",,,,,,12 IV,,"Timid (+Spe, -Atk)",,,,,,12 IV,,,,,,,,,,,,,,,,,,,,,,,,
,,If fought in a double battle his team will be on the right,Bug Bite,,,,60,100%,20PP,,Stun Spore,,,,--,75%,30PP,,Confusion,,,,50,100%,25PP,,,,,,,,,,,,,,,,,,,,,,,,
,,,Water Sport,,,,--,--,15PP,,Poison Powder,,,,--,75%,35PP,,Poison Powder,,,,--,75%,35PP,,,,,,,,,,,,,,,,,,,,,,,,
,,,Mud Shot,,,,55,95%,15PP,,Bug Bite,,,,60,100%,20PP,,Stun Spore,,,,--,75%,30PP,,,,,,,,,,,,,,,,,,,,,,,,
,,(LOOKS RIGHT),Bubble Beam,,,,75ßáÄ,100%,15PPßáÄ,,Bullet Seed,,,,25ßáÄ,100%,30PP,,Sleep Powder,,,,--,75%,15PP,,,,,,,,,,,,,,,,,,,,,,,,
,,,,,,,,,,,,,,,,,,,,,,,,,,,,,,,,,,,,,,,,,,,,,,,,,
,,,,,,,,,,,,,,,,,,,,,,,,,,,,,,,,,,,,,,,,,,,,,,,,,
,,,,,,,,,,,,,,,,,,,,,,,,,,,,,,,,,,,,,,,,,,,,,,,,,
,,,,#325 Spoink,,,,,Lv.17,,,#096 Drowzee,,,,,Lv.17,,,#343 Baltoy,,,,,Lv.17,,,,,,,,,,,,,,,,,,,,,,,,
,,,,,PSYCHIC,,,,,,,,PSYCHIC,,,,,,,,GROUND,,,PSYCHIC,,,,,,,,,,,,,,,,,,,,,,,,,
,,PSYCHIC ELIJAH [205],HP,Atk,Def,SpA,SpD,Spe,Total,,HP,Atk,Def,SpA,SpD,Spe,Total,,HP,Atk,Def,SpA,SpD,Spe,Total,,,,,,,,,,,,,,,,,,,,,,,,
,,,60,25,35,70,80,60,330,,60,48,45,43,90,42,328,,40,40,55,40,70,55,300,,,,,,,,,,,,,,,,,,,,,,,,
,,Can be fought alone or with Psychic Lindsey [206] in a double battle but has to be fought,,No Item,,,Thick Fat,,,,,No Item,,,Insomnia,,,,,No Item,,,Levitate,,,,,,,,,,,,,,,,,,,,,,,,,,
,,,Bashful (Neutral),,,,,,24 IV,,"Mild (+SpA, -Def)",,,,,,24 IV,,Serious (Neutral),,,,,,24 IV,,,,,,,,,,,,,,,,,,,,,,,,
,,,Odor Sleuth,,,,--,--,40PP,,Disable,,,,--,100%ßáÄ,20PP,,Mud-Slap,,,,20,100%,10PP,,,,,,,,,,,,,,,,,,,,,,,,
,,If fought in a double battle his team will be on the left,Psybeam,,,,65,100%,20PP,,Confusion,,,,50,100%,25PP,,Heal Block,,,,--,100%,15PP,,,,,,,,,,,,,,,,,,,,,,,,
,,,Psych Up,,,,--,--,10PP,,Headbutt,,,,70,100%,15PP,,Rock Tomb,,,,60ßáÄ,80%,15PPßáÄ,,,,,,,,,,,,,,,,,,,,,,,,
,,(LOOKS RIGHT),Confuse Ray,,,,--,100%,10PP,,Poison Gas,,,,--,90%ßáÄ,40PP,,Psybeam,,,,65,100%,20PP,,,,,,,,,,,,,,,,,,,,,,,,
,,,,,,,,,,,,,,,,,,,,,,,,,,,,,,,,,,,,,,,,,,,,,,,,,
,,,,,,,,,,,,,,,,,,,,,,,,,,,,,,,,,,,,,,,,,,,,,,,,,
,,,,#079 Slowpoke,,,,,Lv.17,,,#102 Exeggcute,,,,,Lv.17,,,#177 Natu,,,,,Lv.17,,,,,,,,,,,,,,,,,,,,,,,,
,,,,,WATER,,,PSYCHIC,,,,,GRASS,,,PSYCHIC,,,,,PSYCHIC,,,FLYING,,,,,,,,,,,,,,,,,,,,,,,,,
,,PSYCHIC LINDSEY [206],HP,Atk,Def,SpA,SpD,Spe,Total,,HP,Atk,Def,SpA,SpD,Spe,Total,,HP,Atk,Def,SpA,SpD,Spe,Total,,,,,,,,,,,,,,,,,,,,,,,,
,,,90,65,65,40,40,15,315,,60,40,80,60,45,40,325,,40,50,45,70,45,70,320,,,,,,,,,,,,,,,,,,,,,,,,
,,Can be fought alone or with Psychic Elijah [205] in a double battle but has to be fought,,No Item,,,Oblivious,,,,,No Item,,,Chlorophyll,,,,,No Item,,,Synchronize,,,,,,,,,,,,,,,,,,,,,,,,,,
,,,"Quiet (+SpA, -Spe)",,,,,,24 IV,,"Lax (+Def, -SpD)",,,,,,24 IV,,Bashful (Neutral),,,,,,24 IV,,,,,,,,,,,,,,,,,,,,,,,,
,,,Water Gun,,,,40,100%,25PP,,Reflect,,,,--,--,20PP,,Teleport,,,,--,--,20PP,,,,,,,,,,,,,,,,,,,,,,,,
,,If fought in a double battle her team will be on the right,Confusion,,,,50,100%,25PP,,Confusion,,,,50,100%,25PP,,Lucky Chant,,,,--,--,30PP,,,,,,,,,,,,,,,,,,,,,,,,
,,,Disable,,,,--,100%ßáÄ,20PP,,Bullet Seed,,,,25ßáÄ,100%,30PP,,Confusion,,,,50,100%,25PP,,,,,,,,,,,,,,,,,,,,,,,,
,,(LOOKS LEFT),Headbutt,,,,70,100%,15PP,,Leech Seed,,,,--,90%,10PP,,Air Cutter,,,,60ßáÄ,95%,25PP,,,,,,,,,,,,,,,,,,,,,,,,
,,,,,,,,,,,,,,,,,,,,,,,,,,,,,,,,,,,,,,,,,,,,,,,,,
,,,,,,,,,,,,,,,,,,,,,,,,,,,,,,,,,,,,,,,,,,,,,,,,,
,,,,,,,,,,,,,,,,,,,,,,,,,,,,,,,,,,,,,,,,,,,,,,,,,
,,,,#290 Nincada,,,,,Lv.17,,,#269 Dustox,,,,,Lv.19,,,,,,,,,,,,,,,,,,,,,,,,,,,,,,,,
,,,,,BUG,,,GROUND,,,,,BUG,,,POISON,,,,,,,,,,,,,,,,,,,,,,,,,,,,,,,,,
,,BUG CATCHER DONALD [203],HP,Atk,Def,SpA,SpD,Spe,Total,,HP,Atk,Def,SpA,SpD,Spe,Total,,,,,,,,,,,,,,,,,,,,,,,,,,,,,,,,
,,,31,45,90,30,30,40,266,,60,50,75ßáÄ,75ßáÄ,115ßáÄ,75ßáÄ,450ßáÄ,,,,,,,,,,,,,,,,,,,,,,,,,,,,,,,,
,,Can be fought alone or with Bug Catcher Phillip [202] in a double battle,,No Item,,,Compoundeyes,,,,,No Item,,,Shield Dust,,,,,,,,,,,,,,,,,,,,,,,,,,,,,,,,,,
,,,"Hasty (+Spe, -Def)",,,,,,12 IV,,"Gentle (+SpD, -Def)",,,,,,12 IV,,,,,,,,,,,,,,,,,,,,,,,,,,,,,,,,
,,If fought in a double battle his team will be on the left,Sand Attack,,,,--,100%,15PP,,Confusion,,,,50,100%,25PP,,,,,,,,,,,,,,,,,,,,,,,,,,,,,,,,
,,,Fury Swipes,,,,18,80%,15PP,,Poison Powder,,,,--,75%,35PP,,,,,,,,,,,,,,,,,,,,,,,,,,,,,,,,
,,,Mud-Slap,,,,20,100%,10PP,,Silver Wind,,,,60,100%,5PP,,,,,,,,,,,,,,,,,,,,,,,,,,,,,,,,
,,(LOOKS DOWN),Leech Life,,,,80ßáÄ,100%,10PPßáï,,Psybeam,,,,65,100%,20PP,,,,,,,,,,,,,,,,,,,,,,,,,,,,,,,,
,,,,,,,,,,,,,,,,,,,,,,,,,,,,,,,,,,,,,,,,,,,,,,,,,
,,,,,,,,,,,,,,,,,,,,,,,,,,,,,,,,,,,,,,,,,,,,,,,,,
,,,,#415 Combee,,,,,Lv.17,,,#015 Beedrill,,,,,Lv.19,,,,,,,,,,,,,,,,,,,,,,,,,,,,,,,,
,,,,,BUG,,,FLYING,,,,,BUG,,,POISON,,,,,,,,,,,,,,,,,,,,,,,,,,,,,,,,,
,,BUG CATCHER PHILLIP [202],HP,Atk,Def,SpA,SpD,Spe,Total,,HP,Atk,Def,SpA,SpD,Spe,Total,,,,,,,,,,,,,,,,,,,,,,,,,,,,,,,,
,,,30,30,42,30,42,70,244,,65,115ßáÄ,40,40ßáï,95ßáÄ,95ßáÄ,450ßáÄ,,,,,,,,,,,,,,,,,,,,,,,,,,,,,,,,
,,Can be fought alone or with Bug Catcher Donald [203] in a double battle,,No Item,,,Hustle (!),,,,,No Item,,,Adaptability (!),,,,,,,,,,,,,,,,,,,,,,,,,,,,,,,,,,
,,,Quirky (Neutral),,,,,,12 IV,,"Calm (+SpD, -Atk)",,,,,,12 IV,,,,,,,,,,,,,,,,,,,,,,,,,,,,,,,,
,,If fought in a double battle his team will be on the right,Sweet Scent,,,,--,100%,20PP,,Rage,,,,20,100%,20PP,,,,,,,,,,,,,,,,,,,,,,,,,,,,,,,,
,,,Gust,,,,40,100%,35PP,,Toxic Spikes,,,,--,--,20PP,,,,,,,,,,,,,,,,,,,,,,,,,,,,,,,,
,,,Bug Bite,,,,60,100%,20PP,,Pin Missile,,,,25ßáÄ,95%ßáÄ,20PP,,,,,,,,,,,,,,,,,,,,,,,,,,,,,,,,
,,(LOOKS UP),Bug Buzz,,,,90,100%,10PP,,Pursuit,,,,40,100%,20PP,,,,,,,,,,,,,,,,,,,,,,,,,,,,,,,,
,,,,,,,,,,,,,,,,,,,,,,,,,,,,,,,,,,,,,,,,,,,,,,,,,
,,,,,,,,,,,,,,,,,,,,,,,,,,,,,,,,,,,,,,,,,,,,,,,,,
,,,,,,,,,,,,,,,,,,,,,,,,,,,,,,,,,,,,,,,,,,,,,,,,,
,,,,#433 Chingling,,,,,Lv.18,,,#358 Chimecho,,,,,Lv.20,,,,,,,,,,,,,,,,,,,,,,,,,,,,,,,,
,,,,,PSYCHIC,,,,,,,,PSYCHIC,,,,,,,,,,,,,,,,,,,,,,,,,,,,,,,,,,,,
,,PSYCHIC RACHAEL [398],HP,Atk,Def,SpA,SpD,Spe,Total,,HP,Atk,Def,SpA,SpD,Spe,Total,,,,,,,,,,,,,,,,,,,,,,,,,,,,,,,,
,,,45,30,50,80ßáÄ,60ßáÄ,45,310ßáÄ,,75ßáÄ,40ßáï,80ßáÄ,110ßáÄ,100ßáÄ,65,470ßáÄ,,,,,,,,,,,,,,,,,,,,,,,,,,,,,,,,
,,Can be fought alone or with Psychic Kody [395] in a double battle,,No Item,,,Levitate,,,,,No Item,,,Levitate,,,,,,,,,,,,,,,,,,,,,,,,,,,,,,,,,,
,,,Quirky (Neutral),,,,,,24 IV,,"Bold (+Def, -Atk)",,,,,,24 IV,,,,,,,,,,,,,,,,,,,,,,,,,,,,,,,,
,,If fought in a double battle her team will be on the left,Astonish,,,,30,100%,15PP,,Confusion,,,,50,100%,25PP,,,,,,,,,,,,,,,,,,,,,,,,,,,,,,,,
,,,Psywave,,,,--,100%ßáÄ,15PP,,Yawn,,,,--,--,10PP,,,,,,,,,,,,,,,,,,,,,,,,,,,,,,,,
,,,Yawn,,,,--,--,10PP,,Psywave,,,,--,100%ßáÄ,15PP,,,,,,,,,,,,,,,,,,,,,,,,,,,,,,,,
,,(LOOKS LEFT),Extrasensory,,,,80,100%,20PPßáï,,Take Down,,,,90,85%,20PP,,,,,,,,,,,,,,,,,,,,,,,,,,,,,,,,
,,,,,,,,,,,,,,,,,,,,,,,,,,,,,,,,,,,,,,,,,,,,,,,,,
,,,,,,,,,,,,,,,,,,,,,,,,,,,,,,,,,,,,,,,,,,,,,,,,,
,,,,#439 Mime Jr.,,,,,Lv.18,,,#122 Mr. Mime,,,,,Lv.20,,,,,,,,,,,,,,,,,,,,,,,,,,,,,,,,
,,,,,PSYCHIC,,,FAIRYß×Á ß×Á,,,,,PSYCHIC,,,FAIRYß×Á ß×Á,,,,,,,,,,,,,,,,,,,,,,,,,,,,,,,,,
,,PSYCHIC KODY [395],HP,Atk,Def,SpA,SpD,Spe,Total,,HP,Atk,Def,SpA,SpD,Spe,Total,,,,,,,,,,,,,,,,,,,,,,,,,,,,,,,,
,,,20,15ßáï,45,80ßáÄ,90,65ßáÄ,315ßáÄ,,40,35ßáï,65,110ßáÄ,120,95ßáÄ,465ßáÄ,,,,,,,,,,,,,,,,,,,,,,,,,,,,,,,,
,,Can be fought alone or with Psychic Rachael [398] in a double battle,,No Item,,,Filterß×Á ß×Á,,,,,No Item,,,Filterß×Á ß×Á,,,,,,,,,,,,,,,,,,,,,,,,,,,,,,,,,,
,,,"Lax (+Def, -SpD)",,,,,,24 IV,,"Careful (+SpD, -SpA)",,,,,,24 IV,,,,,,,,,,,,,,,,,,,,,,,,,,,,,,,,
,,If fought in a double battle his team will be on the right,Meditate,,,,--,--,40PP,,Meditate,,,,--,--,40PP,,,,,,,,,,,,,,,,,,,,,,,,,,,,,,,,
,,,Double Slap,,,,15,85%,10PP,,Double Slap,,,,15,85%,10PP,,,,,,,,,,,,,,,,,,,,,,,,,,,,,,,,
,,,Encore,,,,--,100%,5PP,,Encore,,,,--,100%,5PP,,,,,,,,,,,,,,,,,,,,,,,,,,,,,,,,
,,(LOOKS RIGHT),Mimic,,,,--,--,10PP,,Mimic,,,,--,--,10PP,,,,,,,,,,,,,,,,,,,,,,,,,,,,,,,,
,,,,,,,,,,,,,,,,,,,,,,,,,,,,,,,,,,,,,,,,,,,,,,,,,
,,,,,,,,,,,,,,,,,,,,,,,,,,,,,,,,,,,,,,,,,,,,,,,,,
,,ROUTE 205 ~ NORTH,,,,,,,,,,,,,,,,,,,,,,,,,,,,,,,,,,,,,,,,,,,,,,,
,,,,,,,,,,,,,,,,,,,,,,,,,,,,,,,,,,,,,,,,,,,,,,,,,
,,,,,,,,,,,,,,,,,,,,,,,,,,,,,,,,,,,,,,,,,,,,,,,,,
,,,,#118 Goldeen,,,,,Lv.18,,,#060 Poliwag,,,,,Lv.18,,,#341 Corphish,,,,,Lv.18,,,,,,,,,,,,,,,,,,,,,,,,
,,,,,WATER,,,,,,,,WATER,,,,,,,,WATER,,,,,,,,,,,,,,,,,,,,,,,,,,,,
,,FISHERMAN JOSEPH [23],HP,Atk,Def,SpA,SpD,Spe,Total,,HP,Atk,Def,SpA,SpD,Spe,Total,,HP,Atk,Def,SpA,SpD,Spe,Total,,,,,,,,,,,,,,,,,,,,,,,,
,,,45,77ßáÄ,60,25ßáï,50,73ßáÄ,330ßáÄ,,40,50,40,40,40,90,300,,43,80,65,50,35,35,308,,,,,,,,,,,,,,,,,,,,,,,,
,,From left to right he's the second fisherman on the bridge. The first one doesn't fight you.,,No Item,,,Swift Swim,,,,,No Item,,,Water Absorb,,,,,No Item,,,Adaptability (!),,,,,,,,,,,,,,,,,,,,,,,,,,
,,,Bashful (Neutral),,,,,,12 IV,,Hardy (Neutral),,,,,,12 IV,,"Naughty (+Atk, -SpD)",,,,,,12 IV,,,,,,,,,,,,,,,,,,,,,,,,
,,,Horn Attack,,,,65,100%,25PP,,Water Gun,,,,40,100%,25PP,,Aqua Jet,,,,40,100%,20PP,,,,,,,,,,,,,,,,,,,,,,,,
,,Fights you when talked to,Flail,,,,--,100%,15PP,,Double Slap,,,,15,85%,10PP,,Protect,,,,--,--,10PP,,,,,,,,,,,,,,,,,,,,,,,,
,,,Water Pulse,,,,60,100%,20PP,,Rain Dance,,,,--,--,5PP,,Bubble Beam,,,,75ßáÄ,100%,15PPßáÄ,,,,,,,,,,,,,,,,,,,,,,,,
,,"(LOOKS DOWN, FISHES)",Aqua Ring,,,,--,--,20PP,,Bubble Beam,,,,75ßáÄ,100%,15PPßáÄ,,Double Hit,,,,35,90%,10PP,,,,,,,,,,,,,,,,,,,,,,,,
,,,,,,,,,,,,,,,,,,,,,,,,,,,,,,,,,,,,,,,,,,,,,,,,,
,,,,,,,,,,,,,,,,,,,,,,,,,,,,,,,,,,,,,,,,,,,,,,,,,
,,,,,,,,,,,,,,,,,,,,,,,,,,,,,,,,,,,,,,,,,,,,,,,,,
,,,,#129 Magikarp,,,,,Lv.18,,,#349 Feebas,,,,,Lv.18,,,#129 Magikarp,,,,,Lv.18,,,,,,,,,,,,,,,,,,,,,,,,
,,,,,WATER,,,,,,,,WATER,,,,,,,,WATER,,,,,,,,,,,,,,,,,,,,,,,,,,,,
,,FISHERMAN ANDREW [22],HP,Atk,Def,SpA,SpD,Spe,Total,,HP,Atk,Def,SpA,SpD,Spe,Total,,HP,Atk,Def,SpA,SpD,Spe,Total,,,,,,,,,,,,,,,,,,,,,,,,
,,,20,10,55,15,20,80,200,,20,15,20,10,55,80,200,,20,10,55,15,20,80,200,,,,,,,,,,,,,,,,,,,,,,,,
,,From left to right he's the third fisherman on the bridge.,,No Item,,,Swift Swim,,,,,No Item,,,Swift Swim,,,,,No Item,,,Swift Swim,,,,,,,,,,,,,,,,,,,,,,,,,,
,,,"Naive (+Spe, -SpD)",,,,,,12 IV,,Quirky (Neutral),,,,,,12 IV,,"Naive (+Spe, -SpD)",,,,,,12 IV,,,,,,,,,,,,,,,,,,,,,,,,
,,,Splash,,,,--,--,40PP,,Splash,,,,--,--,40PP,,Splash,,,,--,--,40PP,,,,,,,,,,,,,,,,,,,,,,,,
,,Fights you when talked to,Tackle,,,,40ßáÄ,100%ßáÄ,35PP,,Tackle,,,,40ßáÄ,100%ßáÄ,35PP,,Tackle,,,,40ßáÄ,100%ßáÄ,35PP,,,,,,,,,,,,,,,,,,,,,,,,
,,,Flail,,,,--,100%,15PP,,Flail,,,,--,100%,15PP,,Flail,,,,--,100%,15PP,,,,,,,,,,,,,,,,,,,,,,,,
,,"(LOOKS RIGHT, FISHES)",Bounce,,,,85,85%,5PP,,Water Pulse,,,,60,100%,20PP,,Bounce,,,,85,85%,5PP,,,,,,,,,,,,,,,,,,,,,,,,
,,,,,,,,,,,,,,,,,,,,,,,,,,,,,,,,,,,,,,,,,,,,,,,,,
,,,,,,,,,,,,,,,,,,,,,,,,,,,,,,,,,,,,,,,,,,,,,,,,,
,,,,,,,,,,,,,,,,,,,,,,,,,,,,,,,,,,,,,,,,,,,,,,,,,
,,,,#098 Krabby,,,,,Lv.19,,,#456 Finneon,,,,,Lv.19,,,,,,,,,,,,,,,,,,,,,,,,,,,,,,,,
,,,,,WATER,,,,,,,,WATER,,,,,,,,,,,,,,,,,,,,,,,,,,,,,,,,,,,,
,,FISHERMAN ZACHARY [24],HP,Atk,Def,SpA,SpD,Spe,Total,,HP,Atk,Def,SpA,SpD,Spe,Total,,,,,,,,,,,,,,,,,,,,,,,,,,,,,,,,
,,,30,105,90,25,25,50,325,,50ßáÄ,30ßáï,60ßáÄ,60ßáÄ,60ßáï,70ßáÄ,330,,,,,,,,,,,,,,,,,,,,,,,,,,,,,,,,
,,From left to right he's the fourth fisherman on the bridge.,,No Item,,,Hyper Cutter,,,,,No Item,,,Swift Swim,,,,,,,,,,,,,,,,,,,,,,,,,,,,,,,,,,
,,,"Mild (+SpA, -Def)",,,,,,12 IV,,"Naughty (+Atk, -SpD)",,,,,,12 IV,,,,,,,,,,,,,,,,,,,,,,,,,,,,,,,,
,,,Leer,,,,--,100%,30PP,,Attract,,,,--,100%,15PP,,,,,,,,,,,,,,,,,,,,,,,,,,,,,,,,
,,Fights you when talked to,Mud Shot,,,,55,95%,15PP,,Rain Dance,,,,--,--,5PP,,,,,,,,,,,,,,,,,,,,,,,,,,,,,,,,
,,,Bubble Beam,,,,75ßáÄ,100%,15PPßáÄ,,Gust,,,,40,100%,35PP,,,,,,,,,,,,,,,,,,,,,,,,,,,,,,,,
,,"(LOOKS DOWN, FISHES)",Metal Claw,,,,50,95%,35PP,,Water Pulse,,,,60,100%,20PP,,,,,,,,,,,,,,,,,,,,,,,,,,,,,,,,
,,,,,,,,,,,,,,,,,,,,,,,,,,,,,,,,,,,,,,,,,,,,,,,,,
,,,,,,,,,,,,,,,,,,,,,,,,,,,,,,,,,,,,,,,,,,,,,,,,,
,,ETERNA CITY,,,,,,,,,,,,,,,,,,,,,,,,,,,,,,,,,,,,,,,,,,,,,,,
,,,,,,,,,,,,,,,,,,,,,,,,,,,,,,,,,,,,,,,,,,,,,,,,,
,,ROUTE 211 ~ WEST,,,,,,,,,,,,,,,,,,,,,,,,,,,,,,,,,,,,,,,,,,,,,,,
,,,,,,,,,,,,,,,,,,,,,,,,,,,,,,,,,,,,,,,,,,,,,,,,,
,,,,,,,,,,,,,,,,,,,,,,,,,,,,,,,,,,,,,,,,,,,,,,,,,
,,,,#041 Zubat,,,,,Lv.19,,,#451 Skorupi,,,,,Lv.19,,,#041 Zubat,,,,,Lv.19,,,,,,,,,,,,,,,,,,,,,,,,
,,,,,POISON,,,FLYING,,,,,POISON,,,BUG,,,,,POISON,,,FLYING,,,,,,,,,,,,,,,,,,,,,,,,,
,,NINJA BOY ZACH [78],HP,Atk,Def,SpA,SpD,Spe,Total,,HP,Atk,Def,SpA,SpD,Spe,Total,,HP,Atk,Def,SpA,SpD,Spe,Total,,,,,,,,,,,,,,,,,,,,,,,,
,,,40,45,35,30,40,55,245,,40,50,90,30,55,65,330,,40,45,35,30,40,55,245,,,,,,,,,,,,,,,,,,,,,,,,
,,Hidden little guy in the top right corner of the grass,,No Item,,,Inner Focus,,,,,No Item,,,Sniperß×Á ß×Á,,,,,No Item,,,Inner Focus,,,,,,,,,,,,,,,,,,,,,,,,,,
,,,Docile (Neutral),,,,,,12 IV,,"Adamant (+Atk, -SpA)",,,,,,12 IV,,Docile (Neutral),,,,,,12 IV,,,,,,,,,,,,,,,,,,,,,,,,
,,,Poison Fang,,,,65ßáÄ,95%ßáï,15PP,,Pin Missile,,,,25ßáÄ,95%ßáÄ,20PP,,Poison Fang,,,,65ßáÄ,95%ßáï,15PP,,,,,,,,,,,,,,,,,,,,,,,,
,,,Confuse Ray,,,,--,100%,10PP,,Acupressure,,,,--,--,30PP,,Confuse Ray,,,,--,100%,10PP,,,,,,,,,,,,,,,,,,,,,,,,
,,,Air Cutter,,,,60ßáÄ,95%,25PP,,Bug Bite,,,,60,100%,20PP,,Air Cutter,,,,60ßáÄ,95%,25PP,,,,,,,,,,,,,,,,,,,,,,,,
,,(HIDES),Mean Look,,,,--,--,5PP,,Poison Fang,,,,65ßáÄ,95%ßáï,15PP,,Mean Look,,,,--,--,5PP,,,,,,,,,,,,,,,,,,,,,,,,
,,,,,,,,,,,,,,,,,,,,,,,,,,,,,,,,,,,,,,,,,,,,,,,,,
,,,,,,,,,,,,,,,,,,,,,,,,,,,,,,,,,,,,,,,,,,,,,,,,,
,,,,,,,,,,,,,,,,,,,,,,,,,,,,,,,,,,,,,,,,,,,,,,,,,
,,,,#074 Geodude,,,,,Lv.19,,,#218 Slugma,,,,,Lv.19,,,#374 Beldum,,,,,Lv.19,,,,,,,,,,,,,,,,,,,,,,,,
,,,,,ROCK,,,GROUND,,,,,FIRE,,,,,,,,STEEL,,,PSYCHIC,,,,,,,,,,,,,,,,,,,,,,,,,
,,HIKER LOUIS [326],HP,Atk,Def,SpA,SpD,Spe,Total,,HP,Atk,Def,SpA,SpD,Spe,Total,,HP,Atk,Def,SpA,SpD,Spe,Total,,,,,,,,,,,,,,,,,,,,,,,,
,,,40,80,100,30,30,20,300,,50ßáÄ,50ßáÄ,50ßáÄ,90ßáÄ,50ßáÄ,20,310ßáÄ,,40,55,80,35,60,30,300,,,,,,,,,,,,,,,,,,,,,,,,
,,,,No Item,,,Rock Head,,,,,No Item,,,Magma Armor,,,,,No Item,,,Rock Head (!),,,,,,,,,,,,,,,,,,,,,,,,,,
,,,"Lonely (+Atk, -Def)",,,,,,12 IV,,"Gentle (+SpD, -Def)",,,,,,12 IV,,"Bold (+Def, -Atk)",,,,,,12 IV,,,,,,,,,,,,,,,,,,,,,,,,
,,,Rock Throw,,,,50,90%,15PP,,Ember,,,,40,100%,25PP,,Take Down,,,,90,85%,20PP,,,,,,,,,,,,,,,,,,,,,,,,
,,,Bulldoze (!),,,,60,100%,20PP,,Harden,,,,--,--,30PP,,Zen Headbutt,,,,80,90%,15PP,,,,,,,,,,,,,,,,,,,,,,,,
,,,Rollout,,,,30,90%,20PP,,Will-O-Wisp,,,,--,85%ßáÄ,15PP,,Iron Head,,,,80,100%,15PP,,,,,,,,,,,,,,,,,,,,,,,,
,,(LOOKS DOWN AND RIGHT),Magnitude,,,,--,100%,30PP,,Ancient Power,,,,60,100%,5PP,,Iron Defense,,,,--,--,15PP,,,,,,,,,,,,,,,,,,,,,,,,
,,,,,,,,,,,,,,,,,,,,,,,,,,,,,,,,,,,,,,,,,,,,,,,,,
,,,,,,,,,,,,,,,,,,,,,,,,,,,,,,,,,,,,,,,,,,,,,,,,,
,,,,,,,,,,,,,,,,,,,,,,,,,,,,,,,,,,,,,,,,,,,,,,,,,
,,,,#177 Natu,,,,,Lv.20,,,#333 Swablu,,,,,Lv.20,,,#397 Staravia,,,,,Lv.20,,,,,,,,,,,,,,,,,,,,,,,,
,,,,,PSYCHIC,,,FLYING,,,,,FAIRYß×Á ß×Á,,,FLYING,,,,,NORMAL,,,FLYING,,,,,,,,,,,,,,,,,,,,,,,,,
,,BIRD KEEPER ALEXANDRA [76],HP,Atk,Def,SpA,SpD,Spe,Total,,HP,Atk,Def,SpA,SpD,Spe,Total,,HP,Atk,Def,SpA,SpD,Spe,Total,,,,,,,,,,,,,,,,,,,,,,,,
,,,40,50,45,70,45,70,320,,45,60ßáÄ,60,60ßáÄ,75,50,350ßáÄ,,55,75,50,40,40,80,340,,,,,,,,,,,,,,,,,,,,,,,,
,,Blocks access to TM12s Taunt,,No Item,,,Synchronize,,,,,No Item,,,Cloud Nine (!),,,,,No Item,,,Reckless (!),,,,,,,,,,,,,,,,,,,,,,,,,,
,,,"Brave (+Atk, -Spe)",,,,,,24 IV,,"Gentle (+SpD, -Def)",,,,,,24 IV,,"Sassy (+SpD, -Spe)",,,,,,24 IV,,,,,,,,,,,,,,,,,,,,,,,,
,,,Lucky Chant,,,,--,--,30PP,,Fury Attack,,,,15,85%,20PP,,Wing Attack,,,,60,100%,35PP,,,,,,,,,,,,,,,,,,,,,,,,
,,,Confusion,,,,50,100%,25PP,,Safeguard,,,,--,--,25PP,,Double Team,,,,--,--,15PP,,,,,,,,,,,,,,,,,,,,,,,,
,,,Air Cutter,,,,60ßáÄ,95%,25PP,,Pluck,,,,60,100%,20PP,,Foresight,,,,--,--,40PP,,,,,,,,,,,,,,,,,,,,,,,,
,,(LOOKS DOWN),Ominous Wind,,,,60,100%,5PP,,Mist,,,,--,--,30PP,,Aerial Ace,,,,60,--,20PP,,,,,,,,,,,,,,,,,,,,,,,,
,,,,,,,,,,,,,,,,,,,,,,,,,,,,,,,,,,,,,,,,,,,,,,,,,
,,,,,,,,,,,,,,,,,,,,,,,,,,,,,,,,,,,,,,,,,,,,,,,,,
,,MT CORONET ~ R211 ENTRY,,,,,,,,,,,,,,,,,,,,,,,,,,,,,,,,,,,,,,,,,,,,,,,
,,,,,,,,,,,,,,,,,,,,,,,,,,,,,,,,,,,,,,,,,,,,,,,,,
,,ROUTE 211 ~ EAST,,,,,,,,,,,,,,,,,,,,,,,,,,,,,,,,,,,,,,,,,,,,,,,
,,,,,,,,,,,,,,,,,,,,,,,,,,,,,,,,,,,,,,,,,,,,,,,,,
,,,,,,,,,,,,,,,,,,,,,,,,,,,,,,,,,,,,,,,,,,,,,,,,,
,,,,#164 Noctowl,,,,,Lv.22,,,,,,,,,,,,,,,,,,,,,,,,,,,,,,,,,,,,,,,,
,,,,,PSYCHICß×Á ß×Á,,,FLYING,,,,,,,,,,,,,,,,,,,,,,,,,,,,,,,,,,,,,,,,,
,,BIRD KEEPER KATHERINE [81],HP,Atk,Def,SpA,SpD,Spe,Total,,,,,,,,,,,,,,,,,,,,,,,,,,,,,,,,,,,,,,,,
,,,100,40ßáï,40ßáï,106ßáÄ,116ßáÄ,60ßáï,462ßáÄ,,,,,,,,,,,,,,,,,,,,,,,,,,,,,,,,,,,,,,,,
,,Can be fought alone or with Ruin Maniac Harry [442] in a double battle,,No Item,,,Tinted Lens (!),,,,,,,,,,,,,,,,,,,,,,,,,,,,,,,,,,,,,,,,,,
,,,"Brave (+Atk, -Spe)",,,,,,24 IV,,,,,,,,,,,,,,,,,,,,,,,,,,,,,,,,,,,,,,,,
,,If fought in a double battle her team will be on the right,Air Cutter,,,,60ßáÄ,95%,25PP,,,,,,,,,,,,,,,,,,,,,,,,,,,,,,,,,,,,,,,,
,,,Uproar,,,,90ßáÄ,100%,10PP,,,,,,,,,,,,,,,,,,,,,,,,,,,,,,,,,,,,,,,,
,,,Extrasensory,,,,80,100%,20PPßáï,,,,,,,,,,,,,,,,,,,,,,,,,,,,,,,,,,,,,,,,
,,(LOOKS RIGHT),Psycho Shift,,,,--,100%ßáÄ,10PP,,,,,,,,,,,,,,,,,,,,,,,,,,,,,,,,,,,,,,,,
,,,,,,,,,,,,,,,,,,,,,,,,,,,,,,,,,,,,,,,,,,,,,,,,,
,,,,,,,,,,,,,,,,,,,,,,,,,,,,,,,,,,,,,,,,,,,,,,,,,
,,,,#142 Aerodactyl,,,,,Lv.21,,,,,,,,,,,,,,,,,,,,,,,,,,,,,,,,,,,,,,,,
,,,,,ROCK,,,FLYING,,,,,,,,,,,,,,,,,,,,,,,,,,,,,,,,,,,,,,,,,
,,RUIN MANIAC HARRY [442],HP,Atk,Def,SpA,SpD,Spe,Total,,,,,,,,,,,,,,,,,,,,,,,,,,,,,,,,,,,,,,,,
,,,80,105,65,60,75,130,515,,,,,,,,,,,,,,,,,,,,,,,,,,,,,,,,,,,,,,,,
,,Can be fought alone or with Bird Keeper Katherine [81] in a double battle,,No Item,,,Rock Head,,,,,,,,,,,,,,,,,,,,,,,,,,,,,,,,,,,,,,,,,,
,,,Hardy (Neutral),,,,,,12 IV,,,,,,,,,,,,,,,,,,,,,,,,,,,,,,,,,,,,,,,,
,,If fought in a double battle his team will be on the left,Roar,,,,--,--,20PP,,,,,,,,,,,,,,,,,,,,,,,,,,,,,,,,,,,,,,,,
,,,Agility,,,,--,--,30PP,,,,,,,,,,,,,,,,,,,,,,,,,,,,,,,,,,,,,,,,
,,,Wing Attack,,,,60,100%,35PP,,,,,,,,,,,,,,,,,,,,,,,,,,,,,,,,,,,,,,,,
,,(LOOKS LEFT),Ancient Power,,,,60,100%,5PP,,,,,,,,,,,,,,,,,,,,,,,,,,,,,,,,,,,,,,,,
,,,,,,,,,,,,,,,,,,,,,,,,,,,,,,,,,,,,,,,,,,,,,,,,,
,,,,,,,,,,,,,,,,,,,,,,,,,,,,,,,,,,,,,,,,,,,,,,,,,
,,,,,,,,,,,,,,,,,,,,,,,,,,,,,,,,,,,,,,,,,,,,,,,,,
,,,,#291 Ninjask,,,,,Lv.20,,,,,,,,,,,,,,,,,,,,,,,,,,,,,,,,,,,,,,,,
,,,,,BUG,,,FLYING,,,,,,,,,,,,,,,,,,,,,,,,,,,,,,,,,,,,,,,,,
,,NINJA BOY NICK [80],HP,Atk,Def,SpA,SpD,Spe,Total,,,,,,,,,,,,,,,,,,,,,,,,,,,,,,,,,,,,,,,,
,,,61,90,45,50,50,160,456,,,,,,,,,,,,,,,,,,,,,,,,,,,,,,,,,,,,,,,,
,,Only Ninja on the Route,,No Item,,,Speed Boost,,,,,,,,,,,,,,,,,,,,,,,,,,,,,,,,,,,,,,,,,,
,,,"Hasty (+Spe, -Def)",,,,,,12 IV,,,,,,,,,,,,,,,,,,,,,,,,,,,,,,,,,,,,,,,,
,,,Mind Reader,,,,--,--,5PP,,,,,,,,,,,,,,,,,,,,,,,,,,,,,,,,,,,,,,,,
,,,Double Team,,,,--,--,15PP,,,,,,,,,,,,,,,,,,,,,,,,,,,,,,,,,,,,,,,,
,,,Fury Cutter,,,,40ßáÄ,95%,20PP,,,,,,,,,,,,,,,,,,,,,,,,,,,,,,,,,,,,,,,,
,,(HIDES),Screech,,,,--,85%,40PP,,,,,,,,,,,,,,,,,,,,,,,,,,,,,,,,,,,,,,,,
,,,,,,,,,,,,,,,,,,,,,,,,,,,,,,,,,,,,,,,,,,,,,,,,,
,,,,,,,,,,,,,,,,,,,,,,,,,,,,,,,,,,,,,,,,,,,,,,,,,
,,,,,,,,,,,,,,,,,,,,,,,,,,,,,,,,,,,,,,,,,,,,,,,,,
,,,,#214 Heracross,,,,,Lv.22,,,,,,,,,,,,,,,,,,,,,,,,,,,,,,,,,,,,,,,,
,,,,,BUG,,,FIGHTING,,,,,,,,,,,,,,,,,,,,,,,,,,,,,,,,,,,,,,,,,
,,BLACK BELT SEAN [79],HP,Atk,Def,SpA,SpD,Spe,Total,,,,,,,,,,,,,,,,,,,,,,,,,,,,,,,,,,,,,,,,
,,,80,125,75,40,95,85,500,,,,,,,,,,,,,,,,,,,,,,,,,,,,,,,,,,,,,,,,
,,Only Black Belt on the Route,,No Item,,,Guts ß×Á,,,,,,,,,,,,,,,,,,,,,,,,,,,,,,,,,,,,,,,,,,
,,,"Rash (+SpA, -SpD)",,,,,,24 IV,,,,,,,,,,,,,,,,,,,,,,,,,,,,,,,,,,,,,,,,
,,,Feint,,,,30ßáï,100%,10PP,,,,,,,,,,,,,,,,,,,,,,,,,,,,,,,,,,,,,,,,
,,,Aerial Ace,,,,60,--,20PP,,,,,,,,,,,,,,,,,,,,,,,,,,,,,,,,,,,,,,,,
,,,Bug Bite,,,,60,100%,20PP,,,,,,,,,,,,,,,,,,,,,,,,,,,,,,,,,,,,,,,,
,,(WALKS BACK AND FORTH),Brick Break,,,,75,100%,15PP,,,,,,,,,,,,,,,,,,,,,,,,,,,,,,,,,,,,,,,,
,,,,,,,,,,,,,,,,,,,,,,,,,,,,,,,,,,,,,,,,,,,,,,,,,
,,,,,,,,,,,,,,,,,,,,,,,,,,,,,,,,,,,,,,,,,,,,,,,,,
,,MT CORONET ~ R211 ENTRY,,,,,,,,,,,,,,,,,,,,,,,,,,,,,,,,,,,,,,,,,,,,,,,
,,,,,,,,,,,,,,,,,,,,,,,,,,,,,,,,,,,,,,,,,,,,,,,,,
,,MT CORONET ~ B1F,,,,,,,,,,,,,,,,,,,,,,,,,,,,,,,,,,,,,,,,,,,,,,,
,,,,,,,,,,,,,,,,,,,,,,,,,,,,,,,,,,,,,,,,,,,,,,,,,
,,MT. CORONET ~ R216 ENTRY,,,,,,,,,,,,,,,,,,,,,,,,,,,,,,,,,,,,,,,,,,,,,,,
,,,,,,,,,,,,,,,,,,,,,,,,,,,,,,,,,,,,,,,,,,,,,,,,,
,,ROUTE 216,,,,,,,,,,,,,,,,,,,,,,,,,,,,,,,,,,,,,,,,,,,,,,,
,,,,,,,,,,,,,,,,,,,,,,,,,,,,,,,,,,,,,,,,,,,,,,,,,
,,,,,,,,,,,,,,,,,,,,,,,,,,,,,,,,,,,,,,,,,,,,,,,,,
,,,,#137 Porygon,,,,,Lv.23,,,#288 Vigoroth,,,,,Lv.23,,,,,,,,,,,,,,,,,,,,,,,,,,,,,,,,
,,,,,NORMAL,,,,,,,,NORMAL,,,,,,,,,,,,,,,,,,,,,,,,,,,,,,,,,,,,
,,ACE TRAINER BLAKE [132],HP,Atk,Def,SpA,SpD,Spe,Total,,HP,Atk,Def,SpA,SpD,Spe,Total,,,,,,,,,,,,,,,,,,,,,,,,,,,,,,,,
,,,65,60,70,85,75,40,395,,80,80,80,55,55,90,440,,,,,,,,,,,,,,,,,,,,,,,,,,,,,,,,
,,First trainer on the route,,No Item,,,Trace,,,,,No Item,,,Vital Spirit,,,,,,,,,,,,,,,,,,,,,,,,,,,,,,,,,,
,,,"Hasty (+Spe, -Def)",,,,,,24 IV,,"Naive (+Spe, -SpD)",,,,,,24 IV,,,,,,,,,,,,,,,,,,,,,,,,,,,,,,,,
,,,Recover,,,,--,--,10PP,,Uproar,,,,90ßáÄ,100%,10PP,,,,,,,,,,,,,,,,,,,,,,,,,,,,,,,,
,,,Charge Beam,,,,50,90%,10PP,,Crush Claw,,,,75,95%,10PP,,,,,,,,,,,,,,,,,,,,,,,,,,,,,,,,
,,,Signal Beam,,,,75,100%,15PP,,Fury Swipes,,,,18,80%,15PP,,,,,,,,,,,,,,,,,,,,,,,,,,,,,,,,
,,(LOOKS DOWN),Recycle,,,,--,--,10PP,,Slash,,,,70,100%,20PP,,,,,,,,,,,,,,,,,,,,,,,,,,,,,,,,
,,,,,,,,,,,,,,,,,,,,,,,,,,,,,,,,,,,,,,,,,,,,,,,,,
,,,,,,,,,,,,,,,,,,,,,,,,,,,,,,,,,,,,,,,,,,,,,,,,,
,,,,,,,,,,,,,,,,,,,,,,,,,,,,,,,,,,,,,,,,,,,,,,,,,
,,,,#195 Quagsire,,,,,Lv.22,,,#156 Quilava,,,,,Lv.22,,,#185 Sudowoodo,,,,,Lv.22,,,,,,,,,,,,,,,,,,,,,,,,
,,,,,WATER,,,GROUND,,,,,FIRE,,,,,,,,ROCK,,,,,,,,,,,,,,,,,,,,,,,,,,,,
,,ACE TRAINER MARIA [135],HP,Atk,Def,SpA,SpD,Spe,Total,,HP,Atk,Def,SpA,SpD,Spe,Total,,HP,Atk,Def,SpA,SpD,Spe,Total,,,,,,,,,,,,,,,,,,,,,,,,
,,,95,95ßáÄ,95ßáÄ,65,65,35,450ßáÄ,,58,64,58,80,65,80,405,,90ßáÄ,115ßáÄ,125ßáÄ,30,75ßáÄ,30,465ßáÄ,,,,,,,,,,,,,,,,,,,,,,,,
,,Ace Trainer standing uphill on the southmost path.,,No Item,,,Water Absorbß×Á ß×Á,,,,,No Item,,,Adaptability (!),,,,,No Item,,,Rock Headß×Á ß×Á,,,,,,,,,,,,,,,,,,,,,,,,,,
,,,"Modest (+SpA, -Atk)",,,,,,24 IV,,"Jolly (+Spe, -SpA)",,,,,,24 IV,,"Gentle (+SpD, -Def)",,,,,,24 IV,,,,,,,,,,,,,,,,,,,,,,,,
,,,Double Kick,,,,30,100%,30PP,,Quick Attack,,,,40,100%,30PP,,Rock Tomb,,,,60ßáÄ,80%,15PPßáÄ,,,,,,,,,,,,,,,,,,,,,,,,
,,,Mud Bomb,,,,65,85%,10PP,,Double Kick,,,,30,100%,30PP,,Mimic,,,,--,--,10PP,,,,,,,,,,,,,,,,,,,,,,,,
,,,Curse,,,,--,--,10PP,,Flame Wheel,,,,75ßáÄ,100%,15PPßáï,,Slam,,,,80,75%,20PP,,,,,,,,,,,,,,,,,,,,,,,,
,,(LOOKS LEFT AND UP),Amnesia,,,,--,--,20PP,,Defense Curl,,,,--,--,40PP,,Feint Attack,,,,60,--,20PP,,,,,,,,,,,,,,,,,,,,,,,,
,,,,,,,,,,,,,,,,,,,,,,,,,,,,,,,,,,,,,,,,,,,,,,,,,
,,,,,,,,,,,,,,,,,,,,,,,,,,,,,,,,,,,,,,,,,,,,,,,,,
,,,,,,,,,,,,,,,,,,,,,,,,,,,,,,,,,,,,,,,,,,,,,,,,,
,,,,#176 Togetic,,,,,Lv.23,,,#277 Swellow,,,,,Lv.23,,,,,,,,,,,,,,,,,,,,,,,,,,,,,,,,
,,,,,FAIRYß×Á ß×Á,,,FLYING,,,,,NORMAL,,,FLYING,,,,,,,,,,,,,,,,,,,,,,,,,,,,,,,,,
,,ACE TRAINER LAURA [134],HP,Atk,Def,SpA,SpD,Spe,Total,,HP,Atk,Def,SpA,SpD,Spe,Total,,,,,,,,,,,,,,,,,,,,,,,,,,,,,,,,
,,,55,40,85,80,105,40,405,,60,90ßáÄ,60,80ßáÄ,50,125,465ßáÄ,,,,,,,,,,,,,,,,,,,,,,,,,,,,,,,,
,,Next Ace Trainer after Ace Trainer Blake on the bottom path,,No Item,,,Serene Graceß×Á ß×Á,,,,,No Item,,,Guts,,,,,,,,,,,,,,,,,,,,,,,,,,,,,,,,,,
,,,"Jolly (+Spe, -SpA)",,,,,,24 IV,,"Mild (+SpA, -Def)",,,,,,24 IV,,,,,,,,,,,,,,,,,,,,,,,,,,,,,,,,
,,,Wish,,,,--,--,10PP,,Wing Attack,,,,60,100%,35PP,,,,,,,,,,,,,,,,,,,,,,,,,,,,,,,,
,,,Air Cutter,,,,60ßáÄ,95%,25PP,,Double Team,,,,--,--,15PP,,,,,,,,,,,,,,,,,,,,,,,,,,,,,,,,
,,,Safeguard,,,,--,--,25PP,,Aerial Ace,,,,60,--,20PP,,,,,,,,,,,,,,,,,,,,,,,,,,,,,,,,
,,(LOOKS UP),Ancient Power,,,,60,100%,5PP,,Reversal,,,,--,100%,15PP,,,,,,,,,,,,,,,,,,,,,,,,,,,,,,,,
,,,,,,,,,,,,,,,,,,,,,,,,,,,,,,,,,,,,,,,,,,,,,,,,,
,,,,,,,,,,,,,,,,,,,,,,,,,,,,,,,,,,,,,,,,,,,,,,,,,
,,,,,,,,,,,,,,,,,,,,,,,,,,,,,,,,,,,,,,,,,,,,,,,,,
,,,,#459 Snover,,,,,Lv.20,,,#361 Snorunt,,,,,Lv.20,,,#220 Swinub,,,,,Lv.20,,,,,,,,,,,,,,,,,,,,,,,,
,,,,,ICE,,,GRASS,,,,,ICE,,,,,,,,ICE,,,GROUND,,,,,,,,,,,,,,,,,,,,,,,,,
,,SKIER EDWARD [137],HP,Atk,Def,SpA,SpD,Spe,Total,,HP,Atk,Def,SpA,SpD,Spe,Total,,HP,Atk,Def,SpA,SpD,Spe,Total,,,,,,,,,,,,,,,,,,,,,,,,
,,,60,62,50,62,60,40,334,,50,50,50,50,50,50,300,,50,50,40,30,30,50,250,,,,,,,,,,,,,,,,,,,,,,,,
,,After him there is a house. In it you will need to talk to Gardenia to progress the story and get to fight her in Eterna City,,No Item,,,Snow Warning,,,,,No Item,,,Inner Focus,,,,,No Item,,,Thick Fat (!),,,,,,,,,,,,,,,,,,,,,,,,,,
,,,Hardy (Neutral),,,,,,12 IV,,"Jolly (+Spe, -SpA)",,,,,,12 IV,,Docile (Neutral),,,,,,12 IV,,,,,,,,,,,,,,,,,,,,,,,,
,,,Grass Whistle,,,,--,55%,15PP,,Ice Shard,,,,40,100%,30PP,,Powder Snow,,,,40,100%,25PP,,,,,,,,,,,,,,,,,,,,,,,,
,,,Swagger,,,,--,85%ßáï,15PP,,Icy Wind,,,,55,95%,15PP,,Ice Shard,,,,40,100%,30PP,,,,,,,,,,,,,,,,,,,,,,,,
,,,Bullet Seed,,,,25ßáÄ,100%,30PP,,Bite,,,,60,100%,25PP,,Bulldoze (!),,,,60,100%,20PP,,,,,,,,,,,,,,,,,,,,,,,,
,,(SKIS IN A CIRCLE),Ice Shard,,,,40,100%,30PP,,Disable,,,,--,100%ßáÄ,20PP,,Endure,,,,--,--,10PP,,,,,,,,,,,,,,,,,,,,,,,,
,,,,,,,,,,,,,,,,,,,,,,,,,,,,,,,,,,,,,,,,,,,,,,,,,
,,,,,,,,,,,,,,,,,,,,,,,,,,,,,,,,,,,,,,,,,,,,,,,,,
,,,,,,,,,,,,,,,,,,,,,,,,,,,,,,,,,,,,,,,,,,,,,,,,,
,,,,#122 Mr. Mime,,,,,Lv.22,,,#274 Nuzleaf,,,,,Lv.22,,,#123 Scyther,,,,,Lv.22,,,,,,,,,,,,,,,,,,,,,,,,
,,,,,PSYCHIC,,,FAIRYß×Á ß×Á,,,,,GRASS,,,DARK,,,,,BUG,,,FLYING,,,,,,,,,,,,,,,,,,,,,,,,,
,,ACE TRAINER GARRETT [133],HP,Atk,Def,SpA,SpD,Spe,Total,,HP,Atk,Def,SpA,SpD,Spe,Total,,HP,Atk,Def,SpA,SpD,Spe,Total,,,,,,,,,,,,,,,,,,,,,,,,
,,,40,35ßáï,65,110ßáÄ,120,95ßáÄ,465ßáÄ,,70,70,40,60,40,60,340,,70,110,80,55,80,105,500,,,,,,,,,,,,,,,,,,,,,,,,
,,Ace Trainer Standing in the Grass,,No Item,,,Filterß×Á ß×Á,,,,,No Item,,,Chlorophyll,,,,,No Item,,,Technicianß×Á ß×Á,,,,,,,,,,,,,,,,,,,,,,,,,,
,,,"Rash (+SpA, -SpD)",,,,,,24 IV,,"Naive (+Spe, -SpD)",,,,,,24 IV,,"Calm (+SpD, -Atk)",,,,,,24 IV,,,,,,,,,,,,,,,,,,,,,,,,
,,,Double Slap,,,,15,85%,10PP,,Nature Power,,,,--,--,20PP,,Agility,,,,--,--,30PP,,,,,,,,,,,,,,,,,,,,,,,,
,,,Encore,,,,--,100%,5PP,,Razor Leaf,,,,55,95%,25PP,,Wing Attack,,,,60,100%,35PP,,,,,,,,,,,,,,,,,,,,,,,,
,,,Mimic,,,,--,--,10PP,,Fake Out,,,,40,100%,10PP,,Slash,,,,70,100%,20PP,,,,,,,,,,,,,,,,,,,,,,,,
,,(LOOKS UP AND DOWN),Psybeam,,,,65,100%,20PP,,Torment,,,,--,100%,15PP,,Night Slash,,,,70,100%,15PP,,,,,,,,,,,,,,,,,,,,,,,,
,,,,,,,,,,,,,,,,,,,,,,,,,,,,,,,,,,,,,,,,,,,,,,,,,
,,,,,,,,,,,,,,,,,,,,,,,,,,,,,,,,,,,,,,,,,,,,,,,,,
,,MT. CORONET ~ R216 ENTRY,,,,,,,,,,,,,,,,,,,,,,,,,,,,,,,,,,,,,,,,,,,,,,,
,,,,,,,,,,,,,,,,,,,,,,,,,,,,,,,,,,,,,,,,,,,,,,,,,
,,MT CORONET ~ B1F,,,,,,,,,,,,,,,,,,,,,,,,,,,,,,,,,,,,,,,,,,,,,,,
,,,,,,,,,,,,,,,,,,,,,,,,,,,,,,,,,,,,,,,,,,,,,,,,,
,,MT CORONET ~ R211 ENTRY,,,,,,,,,,,,,,,,,,,,,,,,,,,,,,,,,,,,,,,,,,,,,,,
,,,,,,,,,,,,,,,,,,,,,,,,,,,,,,,,,,,,,,,,,,,,,,,,,
,,ROUTE 211 ~ WEST,,,,,,,,,,,,,,,,,,,,,,,,,,,,,,,,,,,,,,,,,,,,,,,
,,,,,,,,,,,,,,,,,,,,,,,,,,,,,,,,,,,,,,,,,,,,,,,,,
,,ETERNA CITY,,,,,,,,,,,,,,,,,,,,,,,,,,,,,,,,,,,,,,,,,,,,,,,
,,,,,,,,,,,,,,,,,,,,,,,,,,,,,,,,,,,,,,,,,,,,,,,,,
,,ETERNA GYM,,,,,,,,,,,,,,,,,,,,,,,,,,,,,,,,,,,,,,,,,,,,,,,
,,,,,,,,,,,,,,,,,,,,,,,,,,,,,,,,,,,,,,,,,,,,,,,,,
,,,,,,,,,,,,,,,,,,,,,,,,,,,,,,,,,,,,,,,,,,,,,,,,,
,,,,#270 Lotad,,,,,Lv.22,,,#331 Cacnea,,,,,Lv.22,,,#102 Exeggcute,,,,,Lv.22,,,#285 Shroomish,,,,,Lv.22,,,,,,,,,,,,,,,,
,,,,,WATER,,,GRASS,,,,,GRASS,,,,,,,,GRASS,,,PSYCHIC,,,,,GRASS,,,,,,,,,,,,,,,,,,,,
,,LASS CAROLINE [324],HP,Atk,Def,SpA,SpD,Spe,Total,,HP,Atk,Def,SpA,SpD,Spe,Total,,HP,Atk,Def,SpA,SpD,Spe,Total,,HP,Atk,Def,SpA,SpD,Spe,Total,,,,,,,,,,,,,,,,
,,,40,30,30,40,50,30,220,,50,85,40,85,40,35,335,,60,40,80,60,45,40,325,,60,40,60,40,60,35,295,,,,,,,,,,,,,,,,
,,6 O'clock trainer,,No Item,,,Swift Swim,,,,,No Item,,,Water Absorb (!),,,,,No Item,,,Chlorophyll,,,,,No Item,,,Technician (!),,,,,,,,,,,,,,,,,,
,,Fights you when talked to,"Modest (+SpA, -Atk)",,,,,,24 IV,,"Brave (+Atk, -Spe)",,,,,,24 IV,,"Gentle (+SpD, -Def)",,,,,,24 IV,,"Careful (+SpD, -SpA)",,,,,,24 IV,,,,,,,,,,,,,,,,
,,Beating her allows you to fight Aroma Lady Jenna,Mega Drain,,,,40,100%,15PP,,Sand Attack,,,,--,100%,15PP,,Leech Seed,,,,--,90%,10PP,,Poison Powder,,,,--,75%,35PP,,,,,,,,,,,,,,,,
,,,Natural Gift,,,,--,100%,15PP,,Bullet Seed,,,,25ßáÄ,100%,30PP,,Stun Spore,,,,--,75%,30PP,,Stun Spore,,,,--,75%,30PP,,,,,,,,,,,,,,,,
,,,Bubble Beam,,,,75ßáÄ,100%,15PPßáÄ,,Feint Attack,,,,60,--,20PP,,Poison Powder,,,,--,75%,35PP,,Spore,,,,--,100%,15PP,,,,,,,,,,,,,,,,
,,(LOOKS LEFT),Giga Drain,,,,75ßáÄ,100%,10PP,,Ingrain,,,,--,--,20PP,,Sleep Powder,,,,--,75%,15PP,,Seed Bomb,,,,80,100%,15PP,,,,,,,,,,,,,,,,
,,,,,,,,,,,,,,,,,,,,,,,,,,,,,,,,,,,,,,,,,,,,,,,,,
,,,,,,,,,,,,,,,,,,,,,,,,,,,,,,,,,,,,,,,,,,,,,,,,,
,,,,,,,,,,,,,,,,,,,,,,,,,,,,,,,,,,,,,,,,,,,,,,,,,
,,,,#070 Weepinbell,,,,,Lv.23,,,#002 Ivysaur,,,,,Lv.23,,,#044 Gloom,,,,,Lv.23,,,,,,,,,,,,,,,,,,,,,,,,
,,,,,GRASS,,,POISON,,,,,GRASS,,,POISON,,,,,GRASS,,,POISON,,,,,,,,,,,,,,,,,,,,,,,,,
,,AROMA LADY JENNA [259],HP,Atk,Def,SpA,SpD,Spe,Total,,HP,Atk,Def,SpA,SpD,Spe,Total,,HP,Atk,Def,SpA,SpD,Spe,Total,,,,,,,,,,,,,,,,,,,,,,,,
,,,65,90,50,85,45,55,390,,60,62,63,80,80,60,405,,60,65,70,85,75,40,395,,,,,,,,,,,,,,,,,,,,,,,,
,,3 O'clock trainer,,No Item,,,Chlorophyll,,,,,No Item,,,Chlorophyll (!),,,,,No Item,,,Chlorophyll,,,,,,,,,,,,,,,,,,,,,,,,,,
,,Fights you when talked to,Serious (Neutral),,,,,,24 IV,,"Sassy (+SpD, -Spe)",,,,,,24 IV,,"Sassy (+SpD, -Spe)",,,,,,24 IV,,,,,,,,,,,,,,,,,,,,,,,,
,,Beating her allows you to fight Aroma Lady Angela,Razor Leaf,,,,55,95%,25PP,,Sleep Powder,,,,--,75%,15PP,,Mega Drain,,,,40,100%,15PP,,,,,,,,,,,,,,,,,,,,,,,,
,,,Sweet Scent,,,,--,100%,20PP,,Magical Leaf,,,,60,--,20PP,,Lucky Chant,,,,--,--,30PP,,,,,,,,,,,,,,,,,,,,,,,,
,,,Gastro Acid,,,,--,100%,10PP,,Sludge,,,,75ßáÄ,100%,15PPßáï,,Sludge,,,,75ßáÄ,100%,15PPßáï,,,,,,,,,,,,,,,,,,,,,,,,
,,(LOOKS UP),Leech Life,,,,80ßáÄ,100%,10PPßáï,,Take Down,,,,90,85%,20PP,,Moonlight,,,,--,--,5PP,,,,,,,,,,,,,,,,,,,,,,,,
,,,,,,,,,,,,,,,,,,,,,,,,,,,,,,,,,,,,,,,,,,,,,,,,,
,,,,,,,,,,,,,,,,,,,,,,,,,,,,,,,,,,,,,,,,,,,,,,,,,
,,,,,,,,,,,,,,,,,,,,,,,,,,,,,,,,,,,,,,,,,,,,,,,,,
,,,,#315 Roselia,,,,,Lv.23,,,#153 Bayleef,,,,,Lv.23,,,#188 Skiploom,,,,,Lv.23,,,,,,,,,,,,,,,,,,,,,,,,
,,,,,GRASS,,,POISON,,,,,GRASS,,,,,,,,GRASS,,,FLYING,,,,,,,,,,,,,,,,,,,,,,,,,
,,AROMA LADY ANGELA [260],HP,Atk,Def,SpA,SpD,Spe,Total,,HP,Atk,Def,SpA,SpD,Spe,Total,,HP,Atk,Def,SpA,SpD,Spe,Total,,,,,,,,,,,,,,,,,,,,,,,,
,,,50,60,45,100,80,65,400,,60,62,80,63,80,60,405,,55,45,50,65ßáÄ,65,80,360ßáÄ,,,,,,,,,,,,,,,,,,,,,,,,
,,9 O'clock trainer,,No Item,,,Poison Pointß×Á ß×Á,,,,,No Item,,,Serene Grace (!),,,,,No Item,,,Chlorophyll,,,,,,,,,,,,,,,,,,,,,,,,,,
,,Fights you when talked to,"Mild (+SpA, -Def)",,,,,,24 IV,,"Modest (+SpA, -Atk)",,,,,,24 IV,,Docile (Neutral),,,,,,24 IV,,,,,,,,,,,,,,,,,,,,,,,,
,,Beating her allows you to fight Gym Leader Gardenia,Sleep Powder,,,,--,75%,15PP,,Grass Whistle,,,,--,55%,15PP,,Sleep Powder,,,,--,75%,15PP,,,,,,,,,,,,,,,,,,,,,,,,
,,,Leech Seed,,,,--,90%,10PP,,Reflect,,,,--,--,20PP,,Leech Seed,,,,--,90%,10PP,,,,,,,,,,,,,,,,,,,,,,,,
,,,Magical Leaf,,,,60,--,20PP,,Light Screen,,,,--,--,30PP,,Cotton Spore,,,,--,100%ßáÄ,40PP,,,,,,,,,,,,,,,,,,,,,,,,
,,(LOOKS UP),Sludge,,,,75ßáÄ,100%,15PPßáï,,Draining Kiss (!),,,,75ßáÄ,100%,10PP,,Worry Seed,,,,--,100%,10PP,,,,,,,,,,,,,,,,,,,,,,,,
,,,,,,,,,,,,,,,,,,,,,,,,,,,,,,,,,,,,,,,,,,,,,,,,,
,,,,,,,,,,,,,,,,,,,,,,,,,,,,,,,,,,,,,,,,,,,,,,,,,
,,,,,,,,,,,,,,,,,,,,,,,,,,,,,,,,,,,,,,,,,,,,,,,,,
,,,,#182 Bellossom,,,,,Lv.25,,,#114 Tangela,,,,,Lv.25,,,#421 Cherrim,,,,,Lv.25,,,#388 Grotle,,,,,Lv.25,,,#286 Breloom,,,,,Lv.25,,,#407 Roserade,,,,,Lv.26
,,,,,GRASS,,,,,,,,GRASS,,,,,,,,GRASS,,,,,,,,GRASS,,,,,,,,GRASS,,,FIGHTING,,,,,GRASS,,,POISON,
,,GYM LEADER GARDENIA [315],HP,Atk,Def,SpA,SpD,Spe,Total,,HP,Atk,Def,SpA,SpD,Spe,Total,,HP,Atk,Def,SpA,SpD,Spe,Total,,HP,Atk,Def,SpA,SpD,Spe,Total,,HP,Atk,Def,SpA,SpD,Spe,Total,,HP,Atk,Def,SpA,SpD,Spe,Total
,,,75,80,95ßáÄ,90,100,50,490ßáÄ,,65,55,115,100,40,60,435,,70,45ßáï,70,107ßáÄ,83ßáÄ,90ßáÄ,465ßáÄ,,75,89,85,55,65,36,405,,60,130,80,60,60,70,460,,60,70,65ßáÄ,125,105,90,515ßáÄ
,,Once beaten she gives you the Forest Badge allowing you to use Cut outside of battle and TM86s Grass Knot,,Wide Lens,,,Chlorophyll,,,,,Coba Berry,,,Chlorophyll,,,,,Focus Sash,,,Flower Gift,,,,,Leftovers,,,Overgrow,,,,,Muscle Band,,,Technician (!),,,,,Sitrus Berry,,,Technician (!),,
,,,"Relaxed (+Def, -Spe)",,,,,,29 IV,,"Rash (+SpA, -SpD)",,,,,,30 IV,,"Hasty (+Spe, -Def)",,,,,,30 IV,,"Adamant (+Atk, -SpA)",,,,,,30 IV,,"Naughty (+Atk, -SpD)",,,,,,30 IV,,"Timid (+Spe, -Atk)",,,,,,30 IV
,,,Grass Knot,,,,--,100%,20PP,,Grass Knot,,,,--,100%,20PP,,Grass Knot,,,,--,100%,20PP,,Seed Bomb,,,,80,100%,15PP,,Bullet Seed,,,,25ßáÄ,100%,30PP,,Magical Leaf,,,,60,--,20PP
,,,Teeter Dance,,,,--,100%,20PP,,Shock Wave,,,,60,--,20PP,,Sunny Day,,,,--,--,5PP,,Protect,,,,--,--,10PP,,Mach Punch,,,,40,100%,30PP,,Sludge,,,,75ßáÄ,100%,15PPßáï
,,,Dazzling Gleam (!),,,,80,100%,10PP,,Ancient Power,,,,60,100%,5PP,,Weather Ball,,,,50,100%,10PP,,Leech Seed,,,,--,90%,10PP,,Thunder Punch,,,,75,100%,15PP,,Dazzling Gleam (!),,,,80,100%,10PP
,,can use : 2 SUPER POTIONS,Stun Spore,,,,--,75%,30PP,,Stun Spore,,,,--,75%,30PP,,Morning Sun,,,,--,--,5PP,,Bulldoze (!),,,,60,100%,20PP,,Spore,,,,--,100%,15PP,,Extrasensory,,,,80,100%,20PPßáï