,,MAYLENE SPLIT,,,,,LVL CAP : 39,,,,,,,,,,,,,,,,,,,,,,,,,,,,,,,,,,,,,,,,,,
,,,,,,,,,,,,,,,,,,,,,,,,,,,,,,,,,,,,,,,,,,,,,,,,,
,,,,,,,,,,,,,,,,,,,,,,,,,,,,,,,,,,,,,,,,,,,,,,,,,
,,,,#000 Pokemon,,,,,Lv.00,,Icon,#000 Pokemon,,,,,Lv.00,,Icon,#000 Pokemon,,,,,Lv.00,,Icon,#000 Pokemon,,,,,Lv.00,,Icon,#000 Pokemon,,,,,Lv.00,,Icon,#000 Pokemon,,,,,Lv.00
,,,,,TYPE I,,,TYPE II,,,,,TYPE I,,,TYPE II,,,,,NEW I,,,TYPE II,,,,,TYPE I,,,NEW II,,,,,TYPE I,,,TYPE II,,,,,TYPE I,,,TYPE II,
,,MandatoryOptional,HP,Atk,Def,SpA,SpD,Spe,Total,,HP,Atk,Def,SpA,SpD,Spe,Total,,HP,Atk,Def,SpA,SpD,Spe,Total,,HP,Atk,Def,SpA,SpD,Spe,Total,,HP,Atk,Def,SpA,SpD,Spe,Total,,HP,Atk,Def,SpA,SpD,Spe,Total
,,Conditions,Stats,,,,,,,,Stats,,,,,,,,Stats,,,,,,,,Stats,,,,,,,,Increased Statsб Ћ,,,,,,,,Decreased Statsб ‹,,,,,,
,,Situated,Icon,Held Item,,,Ability I,,,,Icon,Held Item,,,Ability I,,,,Icon,Held Item,,,Ability I,,,,Icon,Held Item,,,Ability I,,,,Icon,Held Item,,,Switched Abilityбћµ,,,,Icon,Held Item,,,New Ability (!),,
,,Use,"Nature (+Stat, -Stat)",,,,,,00 IV,,"Nature (+Stat, -Stat)",,,,,,00 IV,,"Nature (+Stat, -Stat)",,,,,,00 IV,,"Nature (+Stat, -Stat)",,,,,,00 IV,,"Nature (+Stat, -Stat)",,,,,,00 IV,,"Nature (+Stat, -Stat)",,,,,,00 IV
,,Move,New Attack 1 (!),,,Type,Pow,Acc,PP,,Attack 1,,,NEW,Pow,Acc,PP,,Attack 1,,,Type,Pow,Acc,PP,,Attack 1,,,Type,Pow,Acc,PP,,Attack 1,,,Type,Increased Statsб Ћ,,,,Attack 1,,,Type,Decreased Statsб ‹,,
,,Info,New Attack 2 (!),,,Type,Pow,Acc,PP,,Attack 2,,,NEW,Pow,Acc,PP,,Attack 2,,,Type,Pow,Acc,PP,,Attack 2,,,Type,Pow,Acc,PP,,Attack 2,,,Type,Increased Statsб Ћ,,,,Attack 2,,,Type,Decreased Statsб ‹,,
,,Gifts,New Attack 3 (!),,,Type,Pow,Acc,PP,,Attack 3,,,NEW,Pow,Acc,PP,,Attack 3,,,Type,Pow,Acc,PP,,Attack 3,,,Type,Pow,Acc,PP,,Attack 3,,,Type,Increased Statsб Ћ,,,,Attack 3,,,Type,Decreased Statsб ‹,,
,,Spinning,New Attack 4 (!),,,Type,Pow,Acc,PP,,Attack 4,,,NEW,Pow,Acc,PP,,Attack 4,,,Type,Pow,Acc,PP,,Attack 4,,,Type,Pow,Acc,PP,,Attack 4,,,Type,Increased Statsб Ћ,,,,Attack 4,,,Type,Decreased Statsб ‹,,
,,,,,,,,,,,,,,,,,,,,,,,,,,,,,,,,,,,,,,,,,,,,,,,,,
,,,,,,,,,,,,,,,,,,,,,,,,,,,,,,,,,,,,,,,,,,,,,,,,,
,,HEARTHOME CITY,,,,,,,,,,,,,,,,,,,,,,,,,,,,,,,,,,,,,,,,,,,,,,,
,,,,,,,,,,,,,,,,,,,,,,,,,,,,,,,,,,,,,,,,,,,,,,,,,
,,,,,,,,,,,,,,,,,,,,,,,,,,,,,,,,,,,,,,,,,,,,,,,,,
,,,,#397 Staravia,,,,,Lv.32,,,#214 Heracross,,,,,Lv.32,,,#143 Snorlax,,,,,Lv.32,,,#388 Grotle,,,,,Lv.33,,,,,,,,,,,,,,,,
,,,,,NORMAL,,,FLYING,,,,,BUG,,,FIGHTING,,,,,NORMAL,,,,,,,,GRASS,,,,,,,,,,,,,,,,,,,,
,,RIVAL BARRY [470],HP,Atk,Def,SpA,SpD,Spe,Total,,HP,Atk,Def,SpA,SpD,Spe,Total,,HP,Atk,Def,SpA,SpD,Spe,Total,,HP,Atk,Def,SpA,SpD,Spe,Total,,,,,,,,,,,,,,,,
,,(IF YOU CHOSE PIPLUP),55,75,50,40,40,80,340,,80,125,75,40,95,85,500,,160,110,65,65,110,30,540,,75,89,85,55,65,36,405,,,,,,,,,,,,,,,,
,,,,Muscle Band,,,Reckless (!),,,,,Coba Berry,,,Guts бћµ,,,,,Leftovers,,,Thick Fatбћµ бћµ,,,,,Sitrus Berry,,,Overgrow,,,,,,,,,,,,,,,,,,
,,Fights you when you walk through the gate between Route 209 and Hearthome City,"Naughty (+Atk, -SpD)",,,,,,30 IV,,"Mild (+SpA, -Def)",,,,,,30 IV,,"Rash (+SpA, -SpD)",,,,,,30 IV,,Nature,,,,,,IV,,,,,,,,,,,,,,,,
,,,Facade,,,,70,100%,20PP,,Bug Bite,,,,60,100%,20PP,,Body Slam,,,,85,100%,15PP,,Seed Bomb,,,,80,100%,15PP,,,,,,,,,,,,,,,,
,,,Aerial Ace,,,,60,--,20PP,,Brick Break,,,,75,100%,15PP,,Yawn,,,,--,--,10PP,,Crunch,,,,80,100%,15PP,,,,,,,,,,,,,,,,
,,Once you beat him a Maid from the Pokemon Mansion comes asking for help,Double Team,,,,--,--,15PP,,Aerial Ace,,,,60,--,20PP,,Amnesia,,,,--,--,20PP,,Leech Seed,,,,--,90%,10PP,,,,,,,,,,,,,,,,
,,,Endeavor,,,,--,100%,5PP,,Knock Off,,,,65б Ћ,100%,20PP,,Rock Slide,,,,75,90%,10PP,,Protect,,,,--,--,10PP,,,,,,,,,,,,,,,,
,,,,,,,,,,,,,,,,,,,,,,,,,,,,,,,,,,,,,,,,,,,,,,,,,
,,,,,,,,,,,,,,,,,,,,,,,,,,,,,,,,,,,,,,,,,,,,,,,,,
,,,,,,,,,,,,,,,,,,,,,,,,,,,,,,,,,,,,,,,,,,,,,,,,,
,,,,#397 Staravia,,,,,Lv.32,,,#214 Heracross,,,,,Lv.32,,,#143 Snorlax,,,,,Lv.32,,,#391 Monferno,,,,,Lv.33,,,,,,,,,,,,,,,,
,,,,,NORMAL,,,FLYING,,,,,BUG,,,FIGHTING,,,,,NORMAL,,,,,,,,FIRE,,,FIGHTING,,,,,,,,,,,,,,,,,
,,RIVAL BARRY [471],HP,Atk,Def,SpA,SpD,Spe,Total,,HP,Atk,Def,SpA,SpD,Spe,Total,,HP,Atk,Def,SpA,SpD,Spe,Total,,HP,Atk,Def,SpA,SpD,Spe,Total,,,,,,,,,,,,,,,,
,,(IF YOU CHOSE TURTWIG),55,75,50,40,40,80,340,,80,125,75,40,95,85,500,,160,110,65,65,110,30,540,,64,78,52,78,52,81,405,,,,,,,,,,,,,,,,
,,,,Muscle Band,,,Reckless (!),,,,,Coba Berry,,,Guts бћµ,,,,,Leftovers,,,Thick Fatбћµ бћµ,,,,,Sitrus Berry,,,Iron Fist (!),,,,,,,,,,,,,,,,,,
,,Fights you when you walk through the gate between Route 209 and Hearthome City,"Careful (+SpD, -SpA)",,,,,,30 IV,,"Mild (+SpA, -Def)",,,,,,30 IV,,"Naughty (+Atk, -SpD)",,,,,,30 IV,,Hardy (Neutral),,,,,,30 IV,,,,,,,,,,,,,,,,
,,,Facade,,,,70,100%,20PP,,Bug Bite,,,,60,100%,20PP,,Body Slam,,,,85,100%,15PP,,Flamethrower,,,,90б ‹,100%,15PP,,,,,,,,,,,,,,,,
,,,Aerial Ace,,,,60,--,20PP,,Brick Break,,,,75,100%,15PP,,Yawn,,,,--,--,10PP,,Low Kick,,,,--,100%,20PP,,,,,,,,,,,,,,,,
,,Once you beat him a Maid from the Pokemon Mansion comes asking for help,Double Team,,,,--,--,15PP,,Aerial Ace,,,,60,--,20PP,,Amnesia,,,,--,--,20PP,,Grass Knot,,,,--,100%,20PP,,,,,,,,,,,,,,,,
,,,Endeavor,,,,--,100%,5PP,,Knock Off,,,,65б Ћ,100%,20PP,,Rock Slide,,,,75,90%,10PP,,Fake Out,,,,40,100%,10PP,,,,,,,,,,,,,,,,
,,,,,,,,,,,,,,,,,,,,,,,,,,,,,,,,,,,,,,,,,,,,,,,,,
,,,,,,,,,,,,,,,,,,,,,,,,,,,,,,,,,,,,,,,,,,,,,,,,,
,,,,,,,,,,,,,,,,,,,,,,,,,,,,,,,,,,,,,,,,,,,,,,,,,
,,,,#397 Staravia,,,,,Lv.32,,,#214 Heracross,,,,,Lv.32,,,#143 Snorlax,,,,,Lv.32,,,#394 Prinplup,,,,,Lv.33,,,,,,,,,,,,,,,,
,,,,,NORMAL,,,FLYING,,,,,BUG,,,FIGHTING,,,,,NORMAL,,,,,,,,WATER,,,,,,,,,,,,,,,,,,,,
,,RIVAL BARRY [472],HP,Atk,Def,SpA,SpD,Spe,Total,,HP,Atk,Def,SpA,SpD,Spe,Total,,HP,Atk,Def,SpA,SpD,Spe,Total,,HP,Atk,Def,SpA,SpD,Spe,Total,,,,,,,,,,,,,,,,
,,(IF YOU CHOSE CHIMCHAR),55,75,50,40,40,80,340,,80,125,75,40,95,85,500,,160,110,65,65,110,30,540,,64,66,68,81,76,50,405,,,,,,,,,,,,,,,,
,,,,Muscle Band,,,Reckless (!),,,,,Coba Berry,,,Guts бћµ,,,,,Leftovers,,,Thick Fatбћµ бћµ,,,,,Sitrus Berry,,,Torrent,,,,,,,,,,,,,,,,,,
,,Fights you when you walk through the gate between Route 209 and Hearthome City,"Quiet (+SpA, -Spe)",,,,,,30 IV,,"Timid (+Spe, -Atk)",,,,,,30 IV,,"Naughty (+Atk, -SpD)",,,,,,30 IV,,"Naughty (+Atk, -SpD)",,,,,,30 IV,,,,,,,,,,,,,,,,
,,,Facade,,,,70,100%,20PP,,Bug Bite,,,,60,100%,20PP,,Body Slam,,,,85,100%,15PP,,Scald (!),,,,80,100%,15PP,,,,,,,,,,,,,,,,
,,,Aerial Ace,,,,60,--,20PP,,Brick Break,,,,75,100%,15PP,,Yawn,,,,--,--,10PP,,Icy Wind,,,,55,95%,15PP,,,,,,,,,,,,,,,,
,,Once you beat him a Maid from the Pokemon Mansion comes asking for help,Double Team,,,,--,--,15PP,,Aerial Ace,,,,60,--,20PP,,Amnesia,,,,--,--,20PP,,Grass Knot,,,,--,100%,20PP,,,,,,,,,,,,,,,,
,,,Endeavor,,,,--,100%,5PP,,Knock Off,,,,65б Ћ,100%,20PP,,Rock Slide,,,,75,90%,10PP,,Aerial Ace,,,,60,--,20PP,,,,,,,,,,,,,,,,
,,,,,,,,,,,,,,,,,,,,,,,,,,,,,,,,,,,,,,,,,,,,,,,,,
,,,,,,,,,,,,,,,,,,,,,,,,,,,,,,,,,,,,,,,,,,,,,,,,,
,,ROUTE 212 - NORTH,,,,,,,,,,,,,,,,,,,,,,,,,,,,,,,,,,,,,,,,,,,,,,,
,,,,,,,,,,,,,,,,,,,,,,,,,,,,,,,,,,,,,,,,,,,,,,,,,
,,,,,,,,,,,,,,,,,,,,,,,,,,,,,,,,,,,,,,,,,,,,,,,,,
,,,,#262 Mightyena,,,,,Lv.29,,,#024 Arbok,,,,,Lv.29,,,,,,,,,,,,,,,,,,,,,,,,,,,,,,,,
,,,,,DARK,,,,,,,,POISON,,,,,,,,,,,,,,,,,,,,,,,,,,,,,,,,,,,,
,,GALACTIC GRUNT [947],HP,Atk,Def,SpA,SpD,Spe,Total,,HP,Atk,Def,SpA,SpD,Spe,Total,,,,,,,,,,,,,,,,,,,,,,,,,,,,,,,,
,,,70,110б Ћ,70,60,60,95б Ћ,465б Ћ,,60,110б Ћ,70б Ћ,55б ‹,80б Ћ,80,455б Ћ,,,,,,,,,,,,,,,,,,,,,,,,,,,,,,,,
,,First Grunt on the route when coming from the north,,No Item,,,Intimidate,,,,,No Item,,,Intimidate,,,,,,,,,,,,,,,,,,,,,,,,,,,,,,,,,,
,,,"Timid (+Spe, -Atk)",,,,,,12 IV,,"Gentle (+SpD, -Def)",,,,,,12 IV,,,,,,,,,,,,,,,,,,,,,,,,,,,,,,,,
,,,Roar,,,,--,--,20PP,,Screech,,,,--,85%,40PP,,,,,,,,,,,,,,,,,,,,,,,,,,,,,,,,
,,,Swagger,,,,--,85%б ‹,15PP,,Swallow,,,,--,--,10PP,,,,,,,,,,,,,,,,,,,,,,,,,,,,,,,,
,,,Crunch,,,,80,100%,15PP,,Spit Up,,,,--,100%,10PP,,,,,,,,,,,,,,,,,,,,,,,,,,,,,,,,
,,(ROAMS AROUND),Scary Face,,,,--,100%б Ћ,10PP,,Stockpile,,,,--,--,20PP,,,,,,,,,,,,,,,,,,,,,,,,,,,,,,,,
,,,,,,,,,,,,,,,,,,,,,,,,,,,,,,,,,,,,,,,,,,,,,,,,,
,,,,,,,,,,,,,,,,,,,,,,,,,,,,,,,,,,,,,,,,,,,,,,,,,
,,,,,,,,,,,,,,,,,,,,,,,,,,,,,,,,,,,,,,,,,,,,,,,,,
,,,,#402 Kricketune,,,,,Lv.30,,,,,,,,,,,,,,,,,,,,,,,,,,,,,,,,,,,,,,,,
,,,,,BUG,,,,,,,,,,,,,,,,,,,,,,,,,,,,,,,,,,,,,,,,,,,,
,,GALACTIC GRUNT [949],HP,Atk,Def,SpA,SpD,Spe,Total,,,,,,,,,,,,,,,,,,,,,,,,,,,,,,,,,,,,,,,,
,,,80б Ћ,115б Ћ,70б Ћ,50б ‹,70б Ћ,65,450б Ћ,,,,,,,,,,,,,,,,,,,,,,,,,,,,,,,,,,,,,,,,
,,Second Grunt on the route when coming from the north,,No Item,,,Technician (!),,,,,,,,,,,,,,,,,,,,,,,,,,,,,,,,,,,,,,,,,,
,,,"Jolly (+Spe, -SpA)",,,,,,12 IV,,,,,,,,,,,,,,,,,,,,,,,,,,,,,,,,,,,,,,,,
,,,Focus Energy,,,,--,--,30PP,,,,,,,,,,,,,,,,,,,,,,,,,,,,,,,,,,,,,,,,
,,,Slash,,,,70,100%,20PP,,,,,,,,,,,,,,,,,,,,,,,,,,,,,,,,,,,,,,,,
,,,Night Slash,,,,70,100%,15PP,,,,,,,,,,,,,,,,,,,,,,,,,,,,,,,,,,,,,,,,
,,(ROAMS AROUND),X-Scissor,,,,80,100%,15PP,,,,,,,,,,,,,,,,,,,,,,,,,,,,,,,,,,,,,,,,
,,,,,,,,,,,,,,,,,,,,,,,,,,,,,,,,,,,,,,,,,,,,,,,,,
,,,,,,,,,,,,,,,,,,,,,,,,,,,,,,,,,,,,,,,,,,,,,,,,,
,,,,,,,,,,,,,,,,,,,,,,,,,,,,,,,,,,,,,,,,,,,,,,,,,
,,,,#431 Glameow,,,,,Lv.28,,,#109 Koffing,,,,,Lv.28,,,#269 Dustox,,,,,Lv.28,,,,,,,,,,,,,,,,,,,,,,,,
,,,,,NORMAL,,,,,,,,POISON,,,,,,,,BUG,,,POISON,,,,,,,,,,,,,,,,,,,,,,,,,
,,GALACTIC GRUNT [948],HP,Atk,Def,SpA,SpD,Spe,Total,,HP,Atk,Def,SpA,SpD,Spe,Total,,HP,Atk,Def,SpA,SpD,Spe,Total,,,,,,,,,,,,,,,,,,,,,,,,
,,,50б Ћ,65б Ћ,45б Ћ,45б Ћ,40б Ћ,90б Ћ,335б Ћ,,40,65,95,60,45,35,340,,60,50,75б Ћ,75б Ћ,115б Ћ,75б Ћ,450б Ћ,,,,,,,,,,,,,,,,,,,,,,,,
,,,,No Item,,,Limber,,,,,No Item,,,Levitate,,,,,No Item,,,Shield Dust,,,,,,,,,,,,,,,,,,,,,,,,,,
,,,"Jolly (+Spe, -SpA)",,,,,,12 IV,,"Mild (+SpA, -Def)",,,,,,12 IV,,"Brave (+Atk, -Spe)",,,,,,12 IV,,,,,,,,,,,,,,,,,,,,,,,,
,,,Charm,,,,--,100%,20PP,,Self-Destruct,,,,200,100%,5PP,,Psybeam,,,,65,100%,20PP,,,,,,,,,,,,,,,,,,,,,,,,
,,,Slash,,,,70,100%,20PP,,Haze,,,,--,--,30PP,,Signal Beam,,,,75,100%,15PP,,,,,,,,,,,,,,,,,,,,,,,,
,,,Assist,,,,--,--,20PP,,Gyro Ball,,,,--,100%,5PP,,Moonlight,,,,--,--,5PP,,,,,,,,,,,,,,,,,,,,,,,,
,,(ROAMS AROUND),Knock Off,,,,65б Ћ,100%,20PP,,Sludge Bomb,,,,90,100%,10PP,,Bug Buzz,,,,90,100%,10PP,,,,,,,,,,,,,,,,,,,,,,,,
,,,,,,,,,,,,,,,,,,,,,,,,,,,,,,,,,,,,,,,,,,,,,,,,,
,,,,,,,,,,,,,,,,,,,,,,,,,,,,,,,,,,,,,,,,,,,,,,,,,
,,,,,,,,,,,,,,,,,,,,,,,,,,,,,,,,,,,,,,,,,,,,,,,,,
,,,,#338 Solrock,,,,,Lv.29,,,#337 Lunatone,,,,,Lv.29,,,,,,,,,,,,,,,,,,,,,,,,,,,,,,,,
,,,,,ROCK,,,PSYCHIC,,,,,ROCK,,,PSYCHIC,,,,,,,,,,,,,,,,,,,,,,,,,,,,,,,,,
,,GALACTIC GRUNT [951],HP,Atk,Def,SpA,SpD,Spe,Total,,HP,Atk,Def,SpA,SpD,Spe,Total,,,,,,,,,,,,,,,,,,,,,,,,,,,,,,,,
,,,90б Ћ,100б Ћ,85,55,65,70,465б Ћ,,90б Ћ,55,65,100б Ћ,85,70,465б Ћ,,,,,,,,,,,,,,,,,,,,,,,,,,,,,,,,
,,The two Grunts are standing at the mansion's gate and will initiate a double battle when you get close to them.,,No Item,,,Levitate,,,,,No Item,,,Levitate,,,,,,,,,,,,,,,,,,,,,,,,,,,,,,,,,,
,,,"Hasty (+Spe, -Def)",,,,,,12 IV,,"Mild (+SpA, -Def)",,,,,,12 IV,,,,,,,,,,,,,,,,,,,,,,,,,,,,,,,,
,,,Rock Slide,,,,75,90%,10PP,,Rock Slide,,,,75,90%,10PP,,,,,,,,,,,,,,,,,,,,,,,,,,,,,,,,
,,,Embargo,,,,--,100%,15PP,,Embargo,,,,--,100%,15PP,,,,,,,,,,,,,,,,,,,,,,,,,,,,,,,,
,,Grunt on the left side of the double battle,Zen Headbutt,,,,80,90%,15PP,,Psychic,,,,90,100%,10PP,,,,,,,,,,,,,,,,,,,,,,,,,,,,,,,,
,,,Cosmic Power,,,,--,--,20PP,,Cosmic Power,,,,--,--,20PP,,,,,,,,,,,,,,,,,,,,,,,,,,,,,,,,
,,,,,,,,,,,,,,,,,,,,,,,,,,,,,,,,,,,,,,,,,,,,,,,,,
,,,,,,,,,,,,,,,,,,,,,,,,,,,,,,,,,,,,,,,,,,,,,,,,,
,,,,#337 Lunatone,,,,,Lv.29,,,#338 Solrock,,,,,Lv.29,,,,,,,,,,,,,,,,,,,,,,,,,,,,,,,,
,,,,,ROCK,,,PSYCHIC,,,,,ROCK,,,PSYCHIC,,,,,,,,,,,,,,,,,,,,,,,,,,,,,,,,,
,,GALACTIC GRUNT [950],HP,Atk,Def,SpA,SpD,Spe,Total,,HP,Atk,Def,SpA,SpD,Spe,Total,,,,,,,,,,,,,,,,,,,,,,,,,,,,,,,,
,,,90б Ћ,55,65,100б Ћ,85,70,465б Ћ,,90б Ћ,100б Ћ,85,55,65,70,465б Ћ,,,,,,,,,,,,,,,,,,,,,,,,,,,,,,,,
,,,,No Item,,,Levitate,,,,,No Item,,,Levitate,,,,,,,,,,,,,,,,,,,,,,,,,,,,,,,,,,
,,,"Lonely (+Atk, -Def)",,,,,,12 IV,,"Lonely (+Atk, -Def)",,,,,,12 IV,,,,,,,,,,,,,,,,,,,,,,,,,,,,,,,,
,,,Rock Slide,,,,75,90%,10PP,,Rock Slide,,,,75,90%,10PP,,,,,,,,,,,,,,,,,,,,,,,,,,,,,,,,
,,,Embargo,,,,--,100%,15PP,,Embargo,,,,--,100%,15PP,,,,,,,,,,,,,,,,,,,,,,,,,,,,,,,,
,,Grunt on the rignt side of the double battle,Psychic,,,,90,100%,10PP,,Zen Headbutt,,,,80,90%,15PP,,,,,,,,,,,,,,,,,,,,,,,,,,,,,,,,
,,,Cosmic Power,,,,--,--,20PP,,Cosmic Power,,,,--,--,20PP,,,,,,,,,,,,,,,,,,,,,,,,,,,,,,,,
,,,,,,,,,,,,,,,,,,,,,,,,,,,,,,,,,,,,,,,,,,,,,,,,,
,,,,,,,,,,,,,,,,,,,,,,,,,,,,,,,,,,,,,,,,,,,,,,,,,
,,POKГ‰MON MANSION - UNDER GALACTIC CONTROL,,,,,,,,,,,,,,,,,,,,,,,,,,,,,,,,,,,,,,,,,,,,,,,
,,,,,,,,,,,,,,,,,,,,,,,,,,,,,,,,,,,,,,,,,,,,,,,,,
,,,,,,,,,,,,,,,,,,,,,,,,,,,,,,,,,,,,,,,,,,,,,,,,,
,,,,#198 Murkrow,,,,,Lv.30,,,,,,,,,,,,,,,,,,,,,,,,,,,,,,,,,,,,,,,,
,,,,,DARK,,,FLYING,,,,,,,,,,,,,,,,,,,,,,,,,,,,,,,,,,,,,,,,,
,,GALACTIC GRUNT [957],HP,Atk,Def,SpA,SpD,Spe,Total,,,,,,,,,,,,,,,,,,,,,,,,,,,,,,,,,,,,,,,,
,,,60,85,42,85,42,91,405,,,,,,,,,,,,,,,,,,,,,,,,,,,,,,,,,,,,,,,,
,,Grunt guarding the first door of the left corridor (when walking right to left),,No Item,,,Super Luckбћµ бћµ,,,,,,,,,,,,,,,,,,,,,,,,,,,,,,,,,,,,,,,,,,
,,,"Calm (+SpD, -Atk)",,,,,,12 IV,,,,,,,,,,,,,,,,,,,,,,,,,,,,,,,,,,,,,,,,
,,,Feint Attack,,,,60,--,20PP,,,,,,,,,,,,,,,,,,,,,,,,,,,,,,,,,,,,,,,,
,,Lets a Happiny escape once defeated,Drill Peck,,,,80,100%,20PP,,,,,,,,,,,,,,,,,,,,,,,,,,,,,,,,,,,,,,,,
,,,Mean Look,,,,--,--,5PP,,,,,,,,,,,,,,,,,,,,,,,,,,,,,,,,,,,,,,,,
,,You can find Protein in the room's trash,Sucker Punch,,,,70б ‹,100%,5PP,,,,,,,,,,,,,,,,,,,,,,,,,,,,,,,,,,,,,,,,
,,,,,,,,,,,,,,,,,,,,,,,,,,,,,,,,,,,,,,,,,,,,,,,,,
,,,,,,,,,,,,,,,,,,,,,,,,,,,,,,,,,,,,,,,,,,,,,,,,,
,,,,,,,,,,,,,,,,,,,,,,,,,,,,,,,,,,,,,,,,,,,,,,,,,
,,,,#453 Croagunk,,,,,Lv.28,,,#336 Seviper,,,,,Lv.28,,,#012 Butterfree,,,,,Lv.28,,,,,,,,,,,,,,,,,,,,,,,,
,,,,,POISON,,,FIGHTING,,,,,POISON,,,DARKбћµ бћµ,,,,,BUG,,,FLYING,,,,,,,,,,,,,,,,,,,,,,,,,
,,GALACTIC GRUNT [956],HP,Atk,Def,SpA,SpD,Spe,Total,,HP,Atk,Def,SpA,SpD,Spe,Total,,HP,Atk,Def,SpA,SpD,Spe,Total,,,,,,,,,,,,,,,,,,,,,,,,
,,,48,61,40,61,40,50,300,,75б Ћ,115б Ћ,60,80б ‹,60,75б Ћ,465б Ћ,,60,45,45б ‹,110б Ћ,100б Ћ,90б Ћ,450б Ћ,,,,,,,,,,,,,,,,,,,,,,,,
,,Grunt guarding the second door of the left corridor (when walking right to left),,No Item,,,Dry Skinбћµ бћµ,,,,,No Item,,,Shed Skin,,,,,No Item,,,Tinted Lens (!),,,,,,,,,,,,,,,,,,,,,,,,,,
,,,Quirky (Neutral),,,,,,12 IV,,"Lonely (+Atk, -Def)",,,,,,12 IV,,"Impish (+Def, -SpA)",,,,,,12 IV,,,,,,,,,,,,,,,,,,,,,,,,
,,,Revenge,,,,60,100%,10PP,,Glare,,,,--,100%б Ћ,30PP,,Supersonic,,,,--,55%,20PP,,,,,,,,,,,,,,,,,,,,,,,,
,,Lets a Clefairy escape once defeated,Swagger,,,,--,85%б ‹,15PP,,Poison Tail,,,,90б Ћ,100%,15PPб ‹,,Air Slash,,,,75,95%,15PPб ‹,,,,,,,,,,,,,,,,,,,,,,,,
,,,Mud Bomb,,,,65,85%,10PP,,Night Slash,,,,70,100%,15PP,,Safeguard,,,,--,--,25PP,,,,,,,,,,,,,,,,,,,,,,,,
,,,Poison Jab,,,,80,100%,20PP,,Gastro Acid,,,,--,100%,10PP,,Bug Buzz,,,,90,100%,10PP,,,,,,,,,,,,,,,,,,,,,,,,
,,,,,,,,,,,,,,,,,,,,,,,,,,,,,,,,,,,,,,,,,,,,,,,,,
,,,,,,,,,,,,,,,,,,,,,,,,,,,,,,,,,,,,,,,,,,,,,,,,,
,,,,,,,,,,,,,,,,,,,,,,,,,,,,,,,,,,,,,,,,,,,,,,,,,
,,,,#015 Beedrill,,,,,Lv.29,,,#042 Golbat,,,,,Lv.29,,,,,,,,,,,,,,,,,,,,,,,,,,,,,,,,
,,,,,BUG,,,POISON,,,,,POISON,,,FLYING,,,,,,,,,,,,,,,,,,,,,,,,,,,,,,,,,
,,GALACTIC GRUNT [955],HP,Atk,Def,SpA,SpD,Spe,Total,,HP,Atk,Def,SpA,SpD,Spe,Total,,,,,,,,,,,,,,,,,,,,,,,,,,,,,,,,
,,,65,115б Ћ,40,40б ‹,95б Ћ,95б Ћ,450б Ћ,,75,80,70,65,75,90,455,,,,,,,,,,,,,,,,,,,,,,,,,,,,,,,,
,,Grunt guarding the third door of the left corridor (when walking right to left),,No Item,,,Adaptability (!),,,,,No Item,,,Inner Focus,,,,,,,,,,,,,,,,,,,,,,,,,,,,,,,,,,
,,,Bashful (Neutral),,,,,,12 IV,,"Jolly (+Spe, -SpA)",,,,,,12 IV,,,,,,,,,,,,,,,,,,,,,,,,,,,,,,,,
,,,Focus Energy,,,,--,--,30PP,,Mean Look,,,,--,--,5PP,,,,,,,,,,,,,,,,,,,,,,,,,,,,,,,,
,,Lets a Clefairy escape once defeated,Poison Jab,,,,80,100%,20PP,,Crunch,,,,80,100%,15PP,,,,,,,,,,,,,,,,,,,,,,,,,,,,,,,,
,,,Assurance,,,,60б Ћ,100%,10PP,,Leech Life,,,,80б Ћ,100%,10PPб ‹,,,,,,,,,,,,,,,,,,,,,,,,,,,,,,,,
,,,X-Scissor,,,,80,100%,15PP,,Swift,,,,60,--,20PP,,,,,,,,,,,,,,,,,,,,,,,,,,,,,,,,
,,,,,,,,,,,,,,,,,,,,,,,,,,,,,,,,,,,,,,,,,,,,,,,,,
,,,,,,,,,,,,,,,,,,,,,,,,,,,,,,,,,,,,,,,,,,,,,,,,,
,,,,,,,,,,,,,,,,,,,,,,,,,,,,,,,,,,,,,,,,,,,,,,,,,
,,,,#290 Nincada,,,,,Lv.30,,,,,,,,,,,,,,,,,,,,,,,,,,,,,,,,,,,,,,,,
,,,,,BUG,,,GROUND,,,,,,,,,,,,,,,,,,,,,,,,,,,,,,,,,,,,,,,,,
,,GALACTIC GRUNT [952],HP,Atk,Def,SpA,SpD,Spe,Total,,,,,,,,,,,,,,,,,,,,,,,,,,,,,,,,,,,,,,,,
,,,31,45,90,30,30,40,266,,,,,,,,,,,,,,,,,,,,,,,,,,,,,,,,,,,,,,,,
,,Grunt guarding the door at the end of the left corridor. Talking to him triggers a gauntlet. You have to defeat him and two other Grunts in 6 turns.,,No Item,,,Compoundeyes,,,,,,,,,,,,,,,,,,,,,,,,,,,,,,,,,,,,,,,,,,
,,,"Brave (+Atk, -Spe)",,,,,,12 IV,,,,,,,,,,,,,,,,,,,,,,,,,,,,,,,,,,,,,,,,
,,,Leech Life,,,,80б Ћ,100%,10PPб ‹,,,,,,,,,,,,,,,,,,,,,,,,,,,,,,,,,,,,,,,,
,,,Mind Reader,,,,--,--,5PP,,,,,,,,,,,,,,,,,,,,,,,,,,,,,,,,,,,,,,,,
,,,Metal Claw,,,,50,95%,35PP,,,,,,,,,,,,,,,,,,,,,,,,,,,,,,,,,,,,,,,,
,,,Dig,,,,80,100%,10PP,,,,,,,,,,,,,,,,,,,,,,,,,,,,,,,,,,,,,,,,
,,,,,,,,,,,,,,,,,,,,,,,,,,,,,,,,,,,,,,,,,,,,,,,,,
,,,,,,,,,,,,,,,,,,,,,,,,,,,,,,,,,,,,,,,,,,,,,,,,,
,,,,#291 Ninjask,,,,,Lv.30,,,,,,,,,,,,,,,,,,,,,,,,,,,,,,,,,,,,,,,,
,,,,,BUG,,,FLYING,,,,,,,,,,,,,,,,,,,,,,,,,,,,,,,,,,,,,,,,,
,,GALACTIC GRUNT [953],HP,Atk,Def,SpA,SpD,Spe,Total,,,,,,,,,,,,,,,,,,,,,,,,,,,,,,,,,,,,,,,,
,,,61,90,45,50,50,160,456,,,,,,,,,,,,,,,,,,,,,,,,,,,,,,,,,,,,,,,,
,,Second fight in the gauntlet,,Focus Sash,,,Speed Boost,,,,,,,,,,,,,,,,,,,,,,,,,,,,,,,,,,,,,,,,,,
,,,Quirky (Neutral),,,,,,12 IV,,,,,,,,,,,,,,,,,,,,,,,,,,,,,,,,,,,,,,,,
,,,Screech,,,,--,85%,40PP,,,,,,,,,,,,,,,,,,,,,,,,,,,,,,,,,,,,,,,,
,,,Slash,,,,70,100%,20PP,,,,,,,,,,,,,,,,,,,,,,,,,,,,,,,,,,,,,,,,
,,,Night Slash,,,,70,100%,15PP,,,,,,,,,,,,,,,,,,,,,,,,,,,,,,,,,,,,,,,,
,,,Aerial Ace,,,,60,--,20PP,,,,,,,,,,,,,,,,,,,,,,,,,,,,,,,,,,,,,,,,
,,,,,,,,,,,,,,,,,,,,,,,,,,,,,,,,,,,,,,,,,,,,,,,,,
,,,,,,,,,,,,,,,,,,,,,,,,,,,,,,,,,,,,,,,,,,,,,,,,,
,,,,#292 Shedinja,,,,,Lv.30,,,,,,,,,,,,,,,,,,,,,,,,,,,,,,,,,,,,,,,,
,,,,,BUG,,,GHOST,,,,,,,,,,,,,,,,,,,,,,,,,,,,,,,,,,,,,,,,,
,,GALACTIC GRUNT [954],HP,Atk,Def,SpA,SpD,Spe,Total,,,,,,,,,,,,,,,,,,,,,,,,,,,,,,,,,,,,,,,,
,,,1,90,45,30,30,40,236,,,,,,,,,,,,,,,,,,,,,,,,,,,,,,,,,,,,,,,,
,,Third fight in the gauntlet,,Focus Sash,,,Wonder Guard,,,,,,,,,,,,,,,,,,,,,,,,,,,,,,,,,,,,,,,,,,
,,,Docile (Neutral),,,,,,30 IV,,,,,,,,,,,,,,,,,,,,,,,,,,,,,,,,,,,,,,,,
,,,Leech Life,,,,80б Ћ,100%,10PPб ‹,,,,,,,,,,,,,,,,,,,,,,,,,,,,,,,,,,,,,,,,
,,,Mind Reader,,,,--,--,5PP,,,,,,,,,,,,,,,,,,,,,,,,,,,,,,,,,,,,,,,,
,,Once you defeated the gauntlet in 6 turns a Clefairy escapes,Shadow Sneak,,,,40,100%,30PP,,,,,,,,,,,,,,,,,,,,,,,,,,,,,,,,,,,,,,,,
,,,X-Scissor,,,,80,100%,15PP,,,,,,,,,,,,,,,,,,,,,,,,,,,,,,,,,,,,,,,,
,,,,,,,,,,,,,,,,,,,,,,,,,,,,,,,,,,,,,,,,,,,,,,,,,
,,,,,,,,,,,,,,,,,,,,,,,,,,,,,,,,,,,,,,,,,,,,,,,,,
,,,,,,,,,,,,,,,,,,,,,,,,,,,,,,,,,,,,,,,,,,,,,,,,,
,,,,#434 Stunky,,,,,Lv.28,,,#048 Venonat,,,,,Lv.28,,,#024 Arbok,,,,,Lv.28,,,,,,,,,,,,,,,,,,,,,,,,
,,,,,POISON,,,DARK,,,,,BUG,,,POISON,,,,,POISON,,,,,,,,,,,,,,,,,,,,,,,,,,,,
,,GALACTIC GRUNT [958],HP,Atk,Def,SpA,SpD,Spe,Total,,HP,Atk,Def,SpA,SpD,Spe,Total,,HP,Atk,Def,SpA,SpD,Spe,Total,,,,,,,,,,,,,,,,,,,,,,,,
,,,65б Ћ,65б Ћ,50б Ћ,40б ‹,40б ‹,75б Ћ,335б Ћ,,60,55,50,40,55,45,305,,60,110б Ћ,70б Ћ,55б ‹,80б Ћ,80,455б Ћ,,,,,,,,,,,,,,,,,,,,,,,,
,,Grunt guarding the door in the right corridor.,,No Item,,,Aftermathбћµ бћµ,,,,,No Item,,,Tinted Lensбћµбћµ бћµ,,,,,No Item,,,Intimidate,,,,,,,,,,,,,,,,,,,,,,,,,,
,,,Serious (Neutral),,,,,,12 IV,,"Jolly (+Spe, -SpA)",,,,,,12 IV,,"Lax (+Def, -SpD)",,,,,,12 IV,,,,,,,,,,,,,,,,,,,,,,,,
,,,Slash,,,,70,100%,20PP,,Psybeam,,,,65,100%,20PP,,Screech,,,,--,85%,40PP,,,,,,,,,,,,,,,,,,,,,,,,
,,Lets a Clefairy escape once defeated,Night Slash,,,,70,100%,15PP,,Poison Fang,,,,65б Ћ,95%б ‹,15PP,,Swallow,,,,--,--,10PP,,,,,,,,,,,,,,,,,,,,,,,,
,,,Feint,,,,30б ‹,100%,10PP,,Leech Life,,,,80б Ћ,100%,10PPб ‹,,Spit Up,,,,--,100%,10PP,,,,,,,,,,,,,,,,,,,,,,,,
,,You can find TM87s Swagger in the room,Toxic,,,,--,90%б Ћ,10PP,,Zen Headbutt,,,,80,90%,15PP,,Stockpile,,,,--,--,20PP,,,,,,,,,,,,,,,,,,,,,,,,
,,,,,,,,,,,,,,,,,,,,,,,,,,,,,,,,,,,,,,,,,,,,,,,,,
,,,,,,,,,,,,,,,,,,,,,,,,,,,,,,,,,,,,,,,,,,,,,,,,,
,,,,,,,,,,,,,,,,,,,,,,,,,,,,,,,,,,,,,,,,,,,,,,,,,
,,,,#040 Wigglytuff,,,,,Lv.33,,,#026 Raichu,,,,,Lv.33,,,#196 Espeon,,,,,Lv.34,,,,,,,,,,,,,,,,,,,,,,,,
,,,,,NORMAL,,,FAIRYбћµ бћµ,,,,,ELECTRIC,,,,,,,,PSYCHIC,,,,,,,,,,,,,,,,,,,,,,,,,,,,
,,GENTLEMAN BACKLOT [960],HP,Atk,Def,SpA,SpD,Spe,Total,,HP,Atk,Def,SpA,SpD,Spe,Total,,HP,Atk,Def,SpA,SpD,Spe,Total,,,,,,,,,,,,,,,,,,,,,,,,
,,Once you have defeated all the Grunts in the mansion come to the center of the building and talk to the mons surrounding the last Grunt. With the last Grunt disapearred and Happiny giving you a Lucky Egg the double battle with the Rival against Gentleman Backlot and Commander Saturn starts.,140,80б Ћ,55б Ћ,95б Ћ,60б Ћ,55б Ћ,485б Ћ,,60,95б Ћ,55,95б Ћ,80,110б Ћ,495б Ћ,,65,65,60,130,95,110,525,,,,,,,,,,,,,,,,,,,,,,,,
,,,,Zoom Lens,,,Cute Charm,,,,,Wise Glasses,,,Static,,,,,Sitrus Berry,,,Synchronize,,,,,,,,,,,,,,,,,,,,,,,,,,
,,,"Lonely (+Atk, -Def)",,,,,,31 IV,,"Impish (+Def, -SpA)",,,,,,31 IV,,"Adamant (+Atk, -SpA)",,,,,,31 IV,,,,,,,,,,,,,,,,,,,,,,,,
,,,Moonblast (!),,,,95,100%,15PP,,Fake Out,,,,40,100%,10PP,,Psychic,,,,90,100%,10PP,,,,,,,,,,,,,,,,,,,,,,,,
,,,Hyper Voice,,,,90,100%,10PP,,Thunderbolt,,,,90б ‹,100%,15PP,,Power Gem,,,,80б Ћ,100%,20PP,,,,,,,,,,,,,,,,,,,,,,,,
,,,Sing,,,,--,55%,15PP,,Grass Knot,,,,--,100%,20PP,,Dazzling Gleam (!),,,,80,100%,10PP,,,,,,,,,,,,,,,,,,,,,,,,
,,,Thunderbolt,,,,90б ‹,100%,15PP,,Teeter Dance,,,,--,100%,20PP,,Protect,,,,--,--,10PP,,,,,,,,,,,,,,,,,,,,,,,,
,,,,,,,,,,,,,,,,,,,,,,,,,,,,,,,,,,,,,,,,,,,,,,,,,
,,,,,,,,,,,,,,,,,,,,,,,,,,,,,,,,,,,,,,,,,,,,,,,,,
,,,,#437 Bronzong,,,,,Lv.33,,,#224 Octillery,,,,,Lv.33,,,#454 Toxicroak,,,,,Lv.34,,,,,,,,,,,,,,,,,,,,,,,,
,,,,,STEEL,,,PSYCHIC,,,,,WATER,,,,,,,,POISON,,,FIGHTING,,,,,,,,,,,,,,,,,,,,,,,,,
,,COMMANDER SATURN [959],HP,Atk,Def,SpA,SpD,Spe,Total,,HP,Atk,Def,SpA,SpD,Spe,Total,,HP,Atk,Def,SpA,SpD,Spe,Total,,,,,,,,,,,,,,,,,,,,,,,,
,,,67,89,116,79,116,33,500,,75,105,75,105,75,45,480,,83,106,65,86,65,85,490,,,,,,,,,,,,,,,,,,,,,,,,
,,Backlot is on the left side of the battle,,Leftovers,,,Levitate,,,,,Wise Glasses,,,Suction Cups,,,,,Muscle Band,,,Dry Skinбћµ бћµ,,,,,,,,,,,,,,,,,,,,,,,,,,
,,Saturn is on the right side of the battle,"Quiet (+SpA, -Spe)",,,,,,31 IV,,Serious (Neutral),,,,,,31 IV,,Serious (Neutral),,,,,,31 IV,,,,,,,,,,,,,,,,,,,,,,,,
,,Backlot can use : 4  FULL RESTORES,Hypnosis,,,,--,60%б ‹,20PP,,Octazooka,,,,65,85%,10PP,,Drain Punch,,,,75б Ћ,100%,10PPб Ћ,,,,,,,,,,,,,,,,,,,,,,,,
,,Once defeated you gain access to the Trophy Garden and can get a Manaphy egg,Gyro Ball,,,,--,100%,5PP,,Signal Beam,,,,75,100%,15PP,,Poison Jab,,,,80,100%,20PP,,,,,,,,,,,,,,,,,,,,,,,,
,,,Zen Headbutt,,,,80,90%,15PP,,Ice Beam,,,,90б ‹,100%,10PP,,Fake Out,,,,40,100%,10PP,,,,,,,,,,,,,,,,,,,,,,,,
,,,Confuse Ray,,,,--,100%,10PP,,Flamethrower,,,,90б ‹,100%,15PP,,Vacuum Wave,,,,40,100%,30PP,,,,,,,,,,,,,,,,,,,,,,,,
,,,,,,,,,,,,,,,,,,,,,,,,,,,,,,,,,,,,,,,,,,,,,,,,,
,,,,,,,,,,,,,,,,,,,,,,,,,,,,,,,,,,,,,,,,,,,,,,,,,
,,,,,,,,,,,,,,,,,,,,,,,,,,,,,,,,,,,,,,,,,,,,,,,,,
,,,,#397 Staravia,,,,,Lv.32,,,#214 Heracross,,,,,Lv.32,,,#143 Snorlax,,,,,Lv.32,,,#388 Grotle,,,,,Lv.33,,,,,,,,,,,,,,,,
,,,,,NORMAL,,,FLYING,,,,,BUG,,,FIGHTING,,,,,NORMAL,,,,,,,,GRASS,,,,,,,,,,,,,,,,,,,,
,,RIVAL BARRY [470],HP,Atk,Def,SpA,SpD,Spe,Total,,HP,Atk,Def,SpA,SpD,Spe,Total,,HP,Atk,Def,SpA,SpD,Spe,Total,,HP,Atk,Def,SpA,SpD,Spe,Total,,,,,,,,,,,,,,,,
,,(IF YOU CHOSE PIPLUP),55,75,50,40,40,80,340,,80,125,75,40,95,85,500,,160,110,65,65,110,30,540,,75,89,85,55,65,36,405,,,,,,,,,,,,,,,,
,,,,Muscle Band,,,Reckless (!),,,,,Coba Berry,,,Guts бћµ,,,,,Leftovers,,,Thick Fatбћµ бћµ,,,,,Sitrus Berry,,,Overgrow,,,,,,,,,,,,,,,,,,
,,Your partner in the double battle against Commander Saturn and Gentleman Backlot,"Naughty (+Atk, -SpD)",,,,,,30 IV,,"Mild (+SpA, -Def)",,,,,,30 IV,,"Rash (+SpA, -SpD)",,,,,,30 IV,,Nature,,,,,,IV,,,,,,,,,,,,,,,,
,,,Facade,,,,70,100%,20PP,,Bug Bite,,,,60,100%,20PP,,Body Slam,,,,85,100%,15PP,,Seed Bomb,,,,80,100%,15PP,,,,,,,,,,,,,,,,
,,,Aerial Ace,,,,60,--,20PP,,Brick Break,,,,75,100%,15PP,,Yawn,,,,--,--,10PP,,Crunch,,,,80,100%,15PP,,,,,,,,,,,,,,,,
,,,Double Team,,,,--,--,15PP,,Aerial Ace,,,,60,--,20PP,,Amnesia,,,,--,--,20PP,,Leech Seed,,,,--,90%,10PP,,,,,,,,,,,,,,,,
,,,Endeavor,,,,--,100%,5PP,,Knock Off,,,,65б Ћ,100%,20PP,,Rock Slide,,,,75,90%,10PP,,Protect,,,,--,--,10PP,,,,,,,,,,,,,,,,
,,,,,,,,,,,,,,,,,,,,,,,,,,,,,,,,,,,,,,,,,,,,,,,,,
,,,,,,,,,,,,,,,,,,,,,,,,,,,,,,,,,,,,,,,,,,,,,,,,,
,,,,#397 Staravia,,,,,Lv.32,,,#214 Heracross,,,,,Lv.32,,,#143 Snorlax,,,,,Lv.32,,,#391 Monferno,,,,,Lv.33,,,,,,,,,,,,,,,,
,,,,,NORMAL,,,FLYING,,,,,BUG,,,FIGHTING,,,,,NORMAL,,,,,,,,FIRE,,,FIGHTING,,,,,,,,,,,,,,,,,
,,RIVAL BARRY [471],HP,Atk,Def,SpA,SpD,Spe,Total,,HP,Atk,Def,SpA,SpD,Spe,Total,,HP,Atk,Def,SpA,SpD,Spe,Total,,HP,Atk,Def,SpA,SpD,Spe,Total,,,,,,,,,,,,,,,,
,,(IF YOU CHOSE TURTWIG),55,75,50,40,40,80,340,,80,125,75,40,95,85,500,,160,110,65,65,110,30,540,,64,78,52,78,52,81,405,,,,,,,,,,,,,,,,
,,,,Muscle Band,,,Reckless (!),,,,,Coba Berry,,,Guts бћµ,,,,,Leftovers,,,Thick Fatбћµ бћµ,,,,,Sitrus Berry,,,Iron Fist (!),,,,,,,,,,,,,,,,,,
,,Your partner in the double battle against Commander Saturn and Gentleman Backlot,"Careful (+SpD, -SpA)",,,,,,30 IV,,"Mild (+SpA, -Def)",,,,,,30 IV,,"Naughty (+Atk, -SpD)",,,,,,30 IV,,Hardy (Neutral),,,,,,30 IV,,,,,,,,,,,,,,,,
,,,Facade,,,,70,100%,20PP,,Bug Bite,,,,60,100%,20PP,,Body Slam,,,,85,100%,15PP,,Flamethrower,,,,90б ‹,100%,15PP,,,,,,,,,,,,,,,,
,,,Aerial Ace,,,,60,--,20PP,,Brick Break,,,,75,100%,15PP,,Yawn,,,,--,--,10PP,,Low Kick,,,,--,100%,20PP,,,,,,,,,,,,,,,,
,,,Double Team,,,,--,--,15PP,,Aerial Ace,,,,60,--,20PP,,Amnesia,,,,--,--,20PP,,Grass Knot,,,,--,100%,20PP,,,,,,,,,,,,,,,,
,,,Endeavor,,,,--,100%,5PP,,Knock Off,,,,65б Ћ,100%,20PP,,Rock Slide,,,,75,90%,10PP,,Fake Out,,,,40,100%,10PP,,,,,,,,,,,,,,,,
,,,,,,,,,,,,,,,,,,,,,,,,,,,,,,,,,,,,,,,,,,,,,,,,,
,,,,,,,,,,,,,,,,,,,,,,,,,,,,,,,,,,,,,,,,,,,,,,,,,
,,,,#397 Staravia,,,,,Lv.32,,,#214 Heracross,,,,,Lv.32,,,#143 Snorlax,,,,,Lv.32,,,#394 Prinplup,,,,,Lv.33,,,,,,,,,,,,,,,,
,,,,,NORMAL,,,FLYING,,,,,BUG,,,FIGHTING,,,,,NORMAL,,,,,,,,WATER,,,,,,,,,,,,,,,,,,,,
,,RIVAL BARRY [472],HP,Atk,Def,SpA,SpD,Spe,Total,,HP,Atk,Def,SpA,SpD,Spe,Total,,HP,Atk,Def,SpA,SpD,Spe,Total,,HP,Atk,Def,SpA,SpD,Spe,Total,,,,,,,,,,,,,,,,
,,(IF YOU CHOSE CHIMCHAR),55,75,50,40,40,80,340,,80,125,75,40,95,85,500,,160,110,65,65,110,30,540,,64,66,68,81,76,50,405,,,,,,,,,,,,,,,,
,,,,Muscle Band,,,Reckless (!),,,,,Coba Berry,,,Guts бћµ,,,,,Leftovers,,,Thick Fatбћµ бћµ,,,,,Sitrus Berry,,,Torrent,,,,,,,,,,,,,,,,,,
,,Your partner in the double battle against Commander Saturn and Gentleman Backlot,"Quiet (+SpA, -Spe)",,,,,,30 IV,,"Timid (+Spe, -Atk)",,,,,,30 IV,,"Naughty (+Atk, -SpD)",,,,,,30 IV,,"Naughty (+Atk, -SpD)",,,,,,30 IV,,,,,,,,,,,,,,,,
,,,Facade,,,,70,100%,20PP,,Bug Bite,,,,60,100%,20PP,,Body Slam,,,,85,100%,15PP,,Scald (!),,,,80,100%,15PP,,,,,,,,,,,,,,,,
,,,Aerial Ace,,,,60,--,20PP,,Brick Break,,,,75,100%,15PP,,Yawn,,,,--,--,10PP,,Icy Wind,,,,55,95%,15PP,,,,,,,,,,,,,,,,
,,,Double Team,,,,--,--,15PP,,Aerial Ace,,,,60,--,20PP,,Amnesia,,,,--,--,20PP,,Grass Knot,,,,--,100%,20PP,,,,,,,,,,,,,,,,
,,,Endeavor,,,,--,100%,5PP,,Knock Off,,,,65б Ћ,100%,20PP,,Rock Slide,,,,75,90%,10PP,,Aerial Ace,,,,60,--,20PP,,,,,,,,,,,,,,,,
,,,,,,,,,,,,,,,,,,,,,,,,,,,,,,,,,,,,,,,,,,,,,,,,,
,,,,,,,,,,,,,,,,,,,,,,,,,,,,,,,,,,,,,,,,,,,,,,,,,
,,POKГ‰MON MANSION,,,,,,,,,,,,,,,,,,,,,,,,,,,,,,,,,,,,,,,,,,,,,,,
,,,,,,,,,,,,,,,,,,,,,,,,,,,,,,,,,,,,,,,,,,,,,,,,,
,,,,,,,,,,,,,,,,,,,,,,,,,,,,,,,,,,,,,,,,,,,,,,,,,
,,,,#035 Clefairy,,,,,Lv.25,,,,,,,,,,,,,,,,,,,,,,,,,,,,,,,,,,,,,,,,
,,,,,FAIRYбћµ бћµ,,,,,,,,,,,,,,,,,,,,,,,,,,,,,,,,,,,,,,,,,,,,
,,MAID BELINDA [897],HP,Atk,Def,SpA,SpD,Spe,Total,,,,,,,,,,,,,,,,,,,,,,,,,,,,,,,,,,,,,,,,
,,,70,45,48,60,65,35,323,,,,,,,,,,,,,,,,,,,,,,,,,,,,,,,,,,,,,,,,
,,The 5-Maid Knockout Exact-Turn Attack Challenge !,,No Item,,,Cute Charm,,,,,,,,,,,,,,,,,,,,,,,,,,,,,,,,,,,,,,,,,,
,,,"Hasty (+Spe, -Def)",,,,,,0 IV,,,,,,,,,,,,,,,,,,,,,,,,,,,,,,,,,,,,,,,,
,,You can fight the maids at the end of the left corridor,Metronome,,,,--,--,10PP,,,,,,,,,,,,,,,,,,,,,,,,,,,,,,,,,,,,,,,,
,,,Minimize,,,,--,--,10PPб ‹,,,,,,,,,,,,,,,,,,,,,,,,,,,,,,,,,,,,,,,,
,,,Meteor Mash,,,,90б ‹,90%б Ћ,10PP,,,,,,,,,,,,,,,,,,,,,,,,,,,,,,,,,,,,,,,,
,,Her favorite color is blue,Endure,,,,--,--,10PP,,,,,,,,,,,,,,,,,,,,,,,,,,,,,,,,,,,,,,,,
,,,,,,,,,,,,,,,,,,,,,,,,,,,,,,,,,,,,,,,,,,,,,,,,,
,,,,,,,,,,,,,,,,,,,,,,,,,,,,,,,,,,,,,,,,,,,,,,,,,
,,,,#035 Clefairy,,,,,Lv.27,,,,,,,,,,,,,,,,,,,,,,,,,,,,,,,,,,,,,,,,
,,,,,FAIRYбћµ бћµ,,,,,,,,,,,,,,,,,,,,,,,,,,,,,,,,,,,,,,,,,,,,
,,MAID SOPHIE [898],HP,Atk,Def,SpA,SpD,Spe,Total,,,,,,,,,,,,,,,,,,,,,,,,,,,,,,,,,,,,,,,,
,,,70,45,48,60,65,35,323,,,,,,,,,,,,,,,,,,,,,,,,,,,,,,,,,,,,,,,,
,,The 5-Maid Knockout Exact-Turn Attack Challenge !,,No Item,,,Cute Charm,,,,,,,,,,,,,,,,,,,,,,,,,,,,,,,,,,,,,,,,,,
,,,"Timid (+Spe, -Atk)",,,,,,0 IV,,,,,,,,,,,,,,,,,,,,,,,,,,,,,,,,,,,,,,,,
,,,Metronome,,,,--,--,10PP,,,,,,,,,,,,,,,,,,,,,,,,,,,,,,,,,,,,,,,,
,,Her best color is green,Sing,,,,--,55%,15PP,,,,,,,,,,,,,,,,,,,,,,,,,,,,,,,,,,,,,,,,
,,,Meteor Mash,,,,90б ‹,90%б Ћ,10PP,,,,,,,,,,,,,,,,,,,,,,,,,,,,,,,,,,,,,,,,
,,,Endure,,,,--,--,10PP,,,,,,,,,,,,,,,,,,,,,,,,,,,,,,,,,,,,,,,,
,,,,,,,,,,,,,,,,,,,,,,,,,,,,,,,,,,,,,,,,,,,,,,,,,
,,,,,,,,,,,,,,,,,,,,,,,,,,,,,,,,,,,,,,,,,,,,,,,,,
,,,,#035 Clefairy,,,,,Lv.29,,,,,,,,,,,,,,,,,,,,,,,,,,,,,,,,,,,,,,,,
,,,,,FAIRYбћµ бћµ,,,,,,,,,,,,,,,,,,,,,,,,,,,,,,,,,,,,,,,,,,,,
,,MAID EMILY [899],HP,Atk,Def,SpA,SpD,Spe,Total,,,,,,,,,,,,,,,,,,,,,,,,,,,,,,,,,,,,,,,,
,,,70,45,48,60,65,35,323,,,,,,,,,,,,,,,,,,,,,,,,,,,,,,,,,,,,,,,,
,,The 5-Maid Knockout Exact-Turn Attack Challenge !,,No Item,,,Cute Charm,,,,,,,,,,,,,,,,,,,,,,,,,,,,,,,,,,,,,,,,,,
,,,"Lax (+Def, -SpD)",,,,,,0 IV,,,,,,,,,,,,,,,,,,,,,,,,,,,,,,,,,,,,,,,,
,,,Metronome,,,,--,--,10PP,,,,,,,,,,,,,,,,,,,,,,,,,,,,,,,,,,,,,,,,
,,Her lucky color is yellow,Encore,,,,--,100%,5PP,,,,,,,,,,,,,,,,,,,,,,,,,,,,,,,,,,,,,,,,
,,,Meteor Mash,,,,90б ‹,90%б Ћ,10PP,,,,,,,,,,,,,,,,,,,,,,,,,,,,,,,,,,,,,,,,
,,,Endure,,,,--,--,10PP,,,,,,,,,,,,,,,,,,,,,,,,,,,,,,,,,,,,,,,,
,,,,,,,,,,,,,,,,,,,,,,,,,,,,,,,,,,,,,,,,,,,,,,,,,
,,,,,,,,,,,,,,,,,,,,,,,,,,,,,,,,,,,,,,,,,,,,,,,,,
,,,,#035 Clefairy,,,,,Lv.31,,,,,,,,,,,,,,,,,,,,,,,,,,,,,,,,,,,,,,,,
,,,,,FAIRYбћµ бћµ,,,,,,,,,,,,,,,,,,,,,,,,,,,,,,,,,,,,,,,,,,,,
,,MAID ELENA [900],HP,Atk,Def,SpA,SpD,Spe,Total,,,,,,,,,,,,,,,,,,,,,,,,,,,,,,,,,,,,,,,,
,,,70,45,48,60,65,35,323,,,,,,,,,,,,,,,,,,,,,,,,,,,,,,,,,,,,,,,,
,,The 5-Maid Knockout Exact-Turn Attack Challenge !,,No Item,,,Cute Charm,,,,,,,,,,,,,,,,,,,,,,,,,,,,,,,,,,,,,,,,,,
,,,"Brave (+Atk, -Spe)",,,,,,0 IV,,,,,,,,,,,,,,,,,,,,,,,,,,,,,,,,,,,,,,,,
,,,Metronome,,,,--,--,10PP,,,,,,,,,,,,,,,,,,,,,,,,,,,,,,,,,,,,,,,,
,,The color she can't do without is pink,Swagger,,,,--,85%б ‹,15PP,,,,,,,,,,,,,,,,,,,,,,,,,,,,,,,,,,,,,,,,
,,,Meteor Mash,,,,90б ‹,90%б Ћ,10PP,,,,,,,,,,,,,,,,,,,,,,,,,,,,,,,,,,,,,,,,
,,,Endure,,,,--,--,10PP,,,,,,,,,,,,,,,,,,,,,,,,,,,,,,,,,,,,,,,,
,,,,,,,,,,,,,,,,,,,,,,,,,,,,,,,,,,,,,,,,,,,,,,,,,
,,,,,,,,,,,,,,,,,,,,,,,,,,,,,,,,,,,,,,,,,,,,,,,,,
,,,,#035 Clefairy,,,,,Lv.33,,,,,,,,,,,,,,,,,,,,,,,,,,,,,,,,,,,,,,,,
,,,,,FAIRYбћµ бћµ,,,,,,,,,,,,,,,,,,,,,,,,,,,,,,,,,,,,,,,,,,,,
,,MAID CLARE [901],HP,Atk,Def,SpA,SpD,Spe,Total,,,,,,,,,,,,,,,,,,,,,,,,,,,,,,,,,,,,,,,,
,,,70,45,48,60,65,35,323,,,,,,,,,,,,,,,,,,,,,,,,,,,,,,,,,,,,,,,,
,,The 5-Maid Knockout Exact-Turn Attack Challenge !,,No Item,,,Cute Charm,,,,,,,,,,,,,,,,,,,,,,,,,,,,,,,,,,,,,,,,,,
,,,"Lonely (+Atk, -Def)",,,,,,0 IV,,,,,,,,,,,,,,,,,,,,,,,,,,,,,,,,,,,,,,,,
,,,Metronome,,,,--,--,10PP,,,,,,,,,,,,,,,,,,,,,,,,,,,,,,,,,,,,,,,,
,,Her symbolic color is red,Bounce,,,,85,85%,5PP,,,,,,,,,,,,,,,,,,,,,,,,,,,,,,,,,,,,,,,,
,,,Meteor Mash,,,,90б ‹,90%б Ћ,10PP,,,,,,,,,,,,,,,,,,,,,,,,,,,,,,,,,,,,,,,,
,,If you've hit the turn target you can fight ...,Endure,,,,--,--,10PP,,,,,,,,,,,,,,,,,,,,,,,,,,,,,,,,,,,,,,,,
,,,,,,,,,,,,,,,,,,,,,,,,,,,,,,,,,,,,,,,,,,,,,,,,,
,,,,,,,,,,,,,,,,,,,,,,,,,,,,,,,,,,,,,,,,,,,,,,,,,
,,,,#242 Blissey,,,,,Lv.35,,,,,,,,,,,,,,,,,,,,,,,,,,,,,,,,,,,,,,,,
,,,,,NORMAL,,,,,,,,,,,,,,,,,,,,,,,,,,,,,,,,,,,,,,,,,,,,
,,LADY CELESTE [893],HP,Atk,Def,SpA,SpD,Spe,Total,,,,,,,,,,,,,,,,,,,,,,,,,,,,,,,,,,,,,,,,
,,,255,10,10,75,135,55,540,,,,,,,,,,,,,,,,,,,,,,,,,,,,,,,,,,,,,,,,
,,The final fight of the 5-Maid Knockout Exact-Turn Attack Challenge !,,Rare Candy,,,Serene Graceбћµ бћµ,,,,,,,,,,,,,,,,,,,,,,,,,,,,,,,,,,,,,,,,,,
,,,"Jolly (+Spe, -SpA)",,,,,,30 IV,,,,,,,,,,,,,,,,,,,,,,,,,,,,,,,,,,,,,,,,
,,,Fling,,,,--,100%,10PP,,,,,,,,,,,,,,,,,,,,,,,,,,,,,,,,,,,,,,,,
,,,Soft-Boiled,,,,--,--,10PP,,,,,,,,,,,,,,,,,,,,,,,,,,,,,,,,,,,,,,,,
,,,Egg Bomb,,,,100,75%,10PP,,,,,,,,,,,,,,,,,,,,,,,,,,,,,,,,,,,,,,,,
,,can use : 1 FULL RESTORE,Psychic,,,,90,100%,10PP,,,,,,,,,,,,,,,,,,,,,,,,,,,,,,,,,,,,,,,,
,,,,,,,,,,,,,,,,,,,,,,,,,,,,,,,,,,,,,,,,,,,,,,,,,
,,,,,,,,,,,,,,,,,,,,,,,,,,,,,,,,,,,,,,,,,,,,,,,,,
,,OUTSIDE THE POKГ‰MON MANSION,,,,,,,,,,,,,,,,,,,,,,,,,,,,,,,,,,,,,,,,,,,,,,,
,,,,,,,,,,,,,,,,,,,,,,,,,,,,,,,,,,,,,,,,,,,,,,,,,
,,,,,,,,,,,,,,,,,,,,,,,,,,,,,,,,,,,,,,,,,,,,,,,,,
,,,,#421 Cherrim,,,,,Lv.30,,,#189 Jumpluff,,,,,Lv.30,,,,,,,,,,,,,,,,,,,,,,,,,,,,,,,,
,,,,,GRASS,,,,,,,,GRASS,,,FLYING,,,,,,,,,,,,,,,,,,,,,,,,,,,,,,,,,
,,LADY MELISSA [83],HP,Atk,Def,SpA,SpD,Spe,Total,,HP,Atk,Def,SpA,SpD,Spe,Total,,,,,,,,,,,,,,,,,,,,,,,,,,,,,,,,
,,,70,45б ‹,70,107б Ћ,83б Ћ,90б Ћ,465б Ћ,,75,55,70,85б Ћ,95б Ћ,110,490б Ћ,,,,,,,,,,,,,,,,,,,,,,,,,,,,,,,,
,,Can be fought alone or with Rich Boy Jason,,No Item,,,Flower Gift,,,,,No Item,,,Chlorophyll,,,,,,,,,,,,,,,,,,,,,,,,,,,,,,,,,,
,,,Docile (Neutral),,,,,,12 IV,,"Gentle (+SpD, -Def)",,,,,,12 IV,,,,,,,,,,,,,,,,,,,,,,,,,,,,,,,,
,,,Sunny Day,,,,--,--,5PP,,Cotton Spore,,,,--,100%б Ћ,40PP,,,,,,,,,,,,,,,,,,,,,,,,,,,,,,,,
,,Her team is on the left in the double battle,Petal Dance,,,,120б Ћ,100%,10PPб ‹,,Worry Seed,,,,--,100%,10PP,,,,,,,,,,,,,,,,,,,,,,,,,,,,,,,,
,,,Giga Drain,,,,75б Ћ,100%,10PP,,Giga Drain,,,,75б Ћ,100%,10PP,,,,,,,,,,,,,,,,,,,,,,,,,,,,,,,,
,,can use : 1 FULL RESTORE,Take Down,,,,90,85%,20PP,,Air Slash,,,,75,95%,15PPб ‹,,,,,,,,,,,,,,,,,,,,,,,,,,,,,,,,
,,,,,,,,,,,,,,,,,,,,,,,,,,,,,,,,,,,,,,,,,,,,,,,,,
,,,,,,,,,,,,,,,,,,,,,,,,,,,,,,,,,,,,,,,,,,,,,,,,,
,,,,#394 Prinplup,,,,,Lv.30,,,#184 Azumarill,,,,,Lv.30,,,,,,,,,,,,,,,,,,,,,,,,,,,,,,,,
,,,,,WATER,,,,,,,,WATER,,,FAIRYбћµ бћµ,,,,,,,,,,,,,,,,,,,,,,,,,,,,,,,,,
,,RICH BOY JASON [82],HP,Atk,Def,SpA,SpD,Spe,Total,,HP,Atk,Def,SpA,SpD,Spe,Total,,,,,,,,,,,,,,,,,,,,,,,,,,,,,,,,
,,,64,66,68,81,76,50,405,,110б Ћ,50,80,80б Ћ,80,50,450б Ћ,,,,,,,,,,,,,,,,,,,,,,,,,,,,,,,,
,,Can be fought alone or with Lady Melissa,,No Item,,,Torrent,,,,,No Item,,,Huge Powerбћµ бћµ,,,,,,,,,,,,,,,,,,,,,,,,,,,,,,,,,,
,,,"Hasty (+Spe, -Def)",,,,,,12 IV,,"Impish (+Def, -SpA)",,,,,,12 IV,,,,,,,,,,,,,,,,,,,,,,,,,,,,,,,,
,,His team is on the right in the double battle,Bubble Beam,,,,75б Ћ,100%,15PPб Ћ,,Body Slam,,,,85,100%,15PP,,,,,,,,,,,,,,,,,,,,,,,,,,,,,,,,
,,,Icy Wind,,,,55,95%,15PP,,Helping Hand,,,,--,--,20PP,,,,,,,,,,,,,,,,,,,,,,,,,,,,,,,,
,,,Scald (!),,,,80,100%,15PP,,Aqua Tail,,,,90,90%,10PP,,,,,,,,,,,,,,,,,,,,,,,,,,,,,,,,
,,can use : 1 FULL RESTORE,Fury Attack,,,,15,85%,20PP,,Play Rough (!),,,,90,90%,10PP,,,,,,,,,,,,,,,,,,,,,,,,,,,,,,,,
,,,,,,,,,,,,,,,,,,,,,,,,,,,,,,,,,,,,,,,,,,,,,,,,,
,,,,,,,,,,,,,,,,,,,,,,,,,,,,,,,,,,,,,,,,,,,,,,,,,
,,,,,,,,,,,,,,,,,,,,,,,,,,,,,,,,,,,,,,,,,,,,,,,,,
,,,,#210 Granbull,,,,,Lv.31,,,,,,,,,,,,,,,,,,,,,,,,,,,,,,,,,,,,,,,,
,,,,,FAIRYбћµ бћµ,,,,,,,,,,,,,,,,,,,,,,,,,,,,,,,,,,,,,,,,,,,,
,,POLICEMAN CALEB [102],HP,Atk,Def,SpA,SpD,Spe,Total,,,,,,,,,,,,,,,,,,,,,,,,,,,,,,,,,,,,,,,,
,,,90,120,75,60,60,45,450,,,,,,,,,,,,,,,,,,,,,,,,,,,,,,,,,,,,,,,,
,,Can be fought at night,,No Item,,,Intimidate,,,,,,,,,,,,,,,,,,,,,,,,,,,,,,,,,,,,,,,,,,
,,,"Sassy (+SpD, -Spe)",,,,,,12 IV,,,,,,,,,,,,,,,,,,,,,,,,,,,,,,,,,,,,,,,,
,,,Roar,,,,--,--,20PP,,,,,,,,,,,,,,,,,,,,,,,,,,,,,,,,,,,,,,,,
,,,Rage,,,,20,100%,20PP,,,,,,,,,,,,,,,,,,,,,,,,,,,,,,,,,,,,,,,,
,,,Play Rough (!),,,,90,90%,10PP,,,,,,,,,,,,,,,,,,,,,,,,,,,,,,,,,,,,,,,,
,,(WALKS BACK AND FORTH),Crunch,,,,80,100%,15PP,,,,,,,,,,,,,,,,,,,,,,,,,,,,,,,,,,,,,,,,
,,,,,,,,,,,,,,,,,,,,,,,,,,,,,,,,,,,,,,,,,,,,,,,,,
,,,,,,,,,,,,,,,,,,,,,,,,,,,,,,,,,,,,,,,,,,,,,,,,,
,,ROUTE 212 - NORTH,,,,,,,,,,,,,,,,,,,,,,,,,,,,,,,,,,,,,,,,,,,,,,,
,,,,,,,,,,,,,,,,,,,,,,,,,,,,,,,,,,,,,,,,,,,,,,,,,
,,,,,,,,,,,,,,,,,,,,,,,,,,,,,,,,,,,,,,,,,,,,,,,,,
,,,,#301 Delcatty,,,,,Lv.31,,,,,,,,,,,,,,,,,,,,,,,,,,,,,,,,,,,,,,,,
,,,,,NORMAL,,,,,,,,,,,,,,,,,,,,,,,,,,,,,,,,,,,,,,,,,,,,
,,SOCIALITE REINA [85],HP,Atk,Def,SpA,SpD,Spe,Total,,,,,,,,,,,,,,,,,,,,,,,,,,,,,,,,,,,,,,,,
,,,70,95б Ћ,65,85б Ћ,55,95б Ћ,465б Ћ,,,,,,,,,,,,,,,,,,,,,,,,,,,,,,,,,,,,,,,,
,,Can be fought alone or with Gentleman Jeremy,,No Item,,,Cute Charm,,,,,,,,,,,,,,,,,,,,,,,,,,,,,,,,,,,,,,,,,,
,,,Hardy (Neutral),,,,,,12 IV,,,,,,,,,,,,,,,,,,,,,,,,,,,,,,,,,,,,,,,,
,,,Fake Out,,,,40,100%,10PP,,,,,,,,,,,,,,,,,,,,,,,,,,,,,,,,,,,,,,,,
,,Her team is on the left in the double battle,Sing,,,,--,55%,15PP,,,,,,,,,,,,,,,,,,,,,,,,,,,,,,,,,,,,,,,,
,,can use : 1 FULL RESTORE,Attract,,,,--,100%,15PP,,,,,,,,,,,,,,,,,,,,,,,,,,,,,,,,,,,,,,,,
,,(SPINNING),Double Slap,,,,15,85%,10PP,,,,,,,,,,,,,,,,,,,,,,,,,,,,,,,,,,,,,,,,
,,,,,,,,,,,,,,,,,,,,,,,,,,,,,,,,,,,,,,,,,,,,,,,,,
,,,,,,,,,,,,,,,,,,,,,,,,,,,,,,,,,,,,,,,,,,,,,,,,,
,,,,#441 Chatot,,,,,Lv.31,,,,,,,,,,,,,,,,,,,,,,,,,,,,,,,,,,,,,,,,
,,,,,NORMAL,,,FLYING,,,,,,,,,,,,,,,,,,,,,,,,,,,,,,,,,,,,,,,,,
,,GENTLEMAN JEREMY [84],HP,Atk,Def,SpA,SpD,Spe,Total,,,,,,,,,,,,,,,,,,,,,,,,,,,,,,,,,,,,,,,,
,,,75б ‹,45б ‹,55б Ћ,110б Ћ,55б Ћ,110б Ћ,450б Ћ,,,,,,,,,,,,,,,,,,,,,,,,,,,,,,,,,,,,,,,,
,,Can be fought alone or with Socialite Reina,,No Item,,,Soundproof (!),,,,,,,,,,,,,,,,,,,,,,,,,,,,,,,,,,,,,,,,,,
,,,"Quiet (+SpA, -Spe)",,,,,,12 IV,,,,,,,,,,,,,,,,,,,,,,,,,,,,,,,,,,,,,,,,
,,,Taunt,,,,--,100%,20PP,,,,,,,,,,,,,,,,,,,,,,,,,,,,,,,,,,,,,,,,
,,His team is on the right in the double battle,Uproar,,,,90б Ћ,100%,10PP,,,,,,,,,,,,,,,,,,,,,,,,,,,,,,,,,,,,,,,,
,,can use : 1 FULL RESTORE,Mimic,,,,--,--,10PP,,,,,,,,,,,,,,,,,,,,,,,,,,,,,,,,,,,,,,,,
,,(SPINNING),Chatter,,,,90б Ћ,100%,15PPб Ћ,,,,,,,,,,,,,,,,,,,,,,,,,,,,,,,,,,,,,,,,
,,,,,,,,,,,,,,,,,,,,,,,,,,,,,,,,,,,,,,,,,,,,,,,,,
,,,,,,,,,,,,,,,,,,,,,,,,,,,,,,,,,,,,,,,,,,,,,,,,,
,,,,,,,,,,,,,,,,,,,,,,,,,,,,,,,,,,,,,,,,,,,,,,,,,
,,,,#059 Arcanine,,,,,Lv.31,,,,,,,,,,,,,,,,,,,,,,,,,,,,,,,,,,,,,,,,
,,,,,FIRE,,,,,,,,,,,,,,,,,,,,,,,,,,,,,,,,,,,,,,,,,,,,
,,POLICEMAN DYLAN [90],HP,Atk,Def,SpA,SpD,Spe,Total,,,,,,,,,,,,,,,,,,,,,,,,,,,,,,,,,,,,,,,,
,,,90,110,80,100,80,95,555,,,,,,,,,,,,,,,,,,,,,,,,,,,,,,,,,,,,,,,,
,,Can be fought at night,,No Item,,,Intimidate,,,,,,,,,,,,,,,,,,,,,,,,,,,,,,,,,,,,,,,,,,
,,,Hardy (Neutral),,,,,,12 IV,,,,,,,,,,,,,,,,,,,,,,,,,,,,,,,,,,,,,,,,
,,,Bite,,,,60,100%,25PP,,,,,,,,,,,,,,,,,,,,,,,,,,,,,,,,,,,,,,,,
,,,Roar,,,,--,--,20PP,,,,,,,,,,,,,,,,,,,,,,,,,,,,,,,,,,,,,,,,
,,"(WALKS BACK AND FORTH, LOOKS AROUND)",Odor Sleuth,,,,--,--,40PP,,,,,,,,,,,,,,,,,,,,,,,,,,,,,,,,,,,,,,,,
,,,Fire Fang,,,,65,95%,15PP,,,,,,,,,,,,,,,,,,,,,,,,,,,,,,,,,,,,,,,,
,,,,,,,,,,,,,,,,,,,,,,,,,,,,,,,,,,,,,,,,,,,,,,,,,
,,,,,,,,,,,,,,,,,,,,,,,,,,,,,,,,,,,,,,,,,,,,,,,,,
,,,,,,,,,,,,,,,,,,,,,,,,,,,,,,,,,,,,,,,,,,,,,,,,,
,,,,#068 Machamp,,,,,Lv.31,,,,,,,,,,,,,,,,,,,,,,,,,,,,,,,,,,,,,,,,
,,,,,FIGHTING,,,,,,,,,,,,,,,,,,,,,,,,,,,,,,,,,,,,,,,,,,,,
,,POLICEMAN ALEX [89],HP,Atk,Def,SpA,SpD,Spe,Total,,,,,,,,,,,,,,,,,,,,,,,,,,,,,,,,,,,,,,,,
,,,90,130,80,65,85,55,505,,,,,,,,,,,,,,,,,,,,,,,,,,,,,,,,,,,,,,,,
,,Can be fought at night,,No Item,,,Guts,,,,,,,,,,,,,,,,,,,,,,,,,,,,,,,,,,,,,,,,,,
,,,"Adamant (+Atk, -SpA)",,,,,,12 IV,,,,,,,,,,,,,,,,,,,,,,,,,,,,,,,,,,,,,,,,
,,,Knock Off,,,,65б Ћ,100%,20PP,,,,,,,,,,,,,,,,,,,,,,,,,,,,,,,,,,,,,,,,
,,,Vital Throw,,,,70,--,10PP,,,,,,,,,,,,,,,,,,,,,,,,,,,,,,,,,,,,,,,,
,,,Wake-Up Slap,,,,70б Ћ,100%,10PP,,,,,,,,,,,,,,,,,,,,,,,,,,,,,,,,,,,,,,,,
,,(WALKS BACK AND FORTH),Payback,,,,50,100%,10PP,,,,,,,,,,,,,,,,,,,,,,,,,,,,,,,,,,,,,,,,
,,,,,,,,,,,,,,,,,,,,,,,,,,,,,,,,,,,,,,,,,,,,,,,,,
,,,,,,,,,,,,,,,,,,,,,,,,,,,,,,,,,,,,,,,,,,,,,,,,,
,,,,,,,,,,,,,,,,,,,,,,,,,,,,,,,,,,,,,,,,,,,,,,,,,
,,,,#164 Noctowl,,,,,Lv.31,,,,,,,,,,,,,,,,,,,,,,,,,,,,,,,,,,,,,,,,
,,,,,PSYCHICбћµ бћµ,,,FLYING,,,,,,,,,,,,,,,,,,,,,,,,,,,,,,,,,,,,,,,,,
,,POLICEMAN BOBBY [88],HP,Atk,Def,SpA,SpD,Spe,Total,,,,,,,,,,,,,,,,,,,,,,,,,,,,,,,,,,,,,,,,
,,,100,40б ‹,40б ‹,106б Ћ,116б Ћ,60б ‹,462б Ћ,,,,,,,,,,,,,,,,,,,,,,,,,,,,,,,,,,,,,,,,
,,Can be fought at night,,No Item,,,Tinted Lens (!),,,,,,,,,,,,,,,,,,,,,,,,,,,,,,,,,,,,,,,,,,
,,,"Lax (+Def, -SpD)",,,,,,12 IV,,,,,,,,,,,,,,,,,,,,,,,,,,,,,,,,,,,,,,,,
,,,Extrasensory,,,,80,100%,20PPб ‹,,,,,,,,,,,,,,,,,,,,,,,,,,,,,,,,,,,,,,,,
,,,Psycho Shift,,,,--,100%б Ћ,10PP,,,,,,,,,,,,,,,,,,,,,,,,,,,,,,,,,,,,,,,,
,,,Air Slash,,,,75,95%,15PPб ‹,,,,,,,,,,,,,,,,,,,,,,,,,,,,,,,,,,,,,,,,
,,(LOOKS DOWN AND RIGHT),Reflect,,,,--,--,20PP,,,,,,,,,,,,,,,,,,,,,,,,,,,,,,,,,,,,,,,,
,,,,,,,,,,,,,,,,,,,,,,,,,,,,,,,,,,,,,,,,,,,,,,,,,
,,,,,,,,,,,,,,,,,,,,,,,,,,,,,,,,,,,,,,,,,,,,,,,,,
,,HEARTHOME CITY,,,,,,,,,,,,,,,,,,,,,,,,,,,,,,,,,,,,,,,,,,,,,,,
,,,,,,,,,,,,,,,,,,,,,,,,,,,,,,,,,,,,,,,,,,,,,,,,,
,,ROUTE 209,,,,,,,,,,,,,,,,,,,,,,,,,,,,,,,,,,,,,,,,,,,,,,,
,,,,,,,,,,,,,,,,,,,,,,,,,,,,,,,,,,,,,,,,,,,,,,,,,
,,,,,,,,,,,,,,,,,,,,,,,,,,,,,,,,,,,,,,,,,,,,,,,,,
,,,,#085 Dodrio,,,,,Lv.31,,,,,,,,,,,,,,,,,,,,,,,,,,,,,,,,,,,,,,,,
,,,,,NORMAL,,,FLYING,,,,,,,,,,,,,,,,,,,,,,,,,,,,,,,,,,,,,,,,,
,,JOGGER RICHARD [49],HP,Atk,Def,SpA,SpD,Spe,Total,,,,,,,,,,,,,,,,,,,,,,,,,,,,,,,,,,,,,,,,
,,,60,110,70,60,60,110б Ћ,470б Ћ,,,,,,,,,,,,,,,,,,,,,,,,,,,,,,,,,,,,,,,,
,,Can be fought in the morning,,No Item,,,Tangled Feet (!),,,,,,,,,,,,,,,,,,,,,,,,,,,,,,,,,,,,,,,,,,
,,,"Calm (+SpD, -Atk)",,,,,,12 IV,,,,,,,,,,,,,,,,,,,,,,,,,,,,,,,,,,,,,,,,
,,,Jump Kick,,,,100б Ћ,95%,10PPб ‹,,,,,,,,,,,,,,,,,,,,,,,,,,,,,,,,,,,,,,,,
,,,Uproar,,,,90б Ћ,100%,10PP,,,,,,,,,,,,,,,,,,,,,,,,,,,,,,,,,,,,,,,,
,,,Drill Peck,,,,80,100%,20PP,,,,,,,,,,,,,,,,,,,,,,,,,,,,,,,,,,,,,,,,
,,(JOGS AROUND),Tri Attack,,,,80,100%,10PP,,,,,,,,,,,,,,,,,,,,,,,,,,,,,,,,,,,,,,,,
,,,,,,,,,,,,,,,,,,,,,,,,,,,,,,,,,,,,,,,,,,,,,,,,,
,,,,,,,,,,,,,,,,,,,,,,,,,,,,,,,,,,,,,,,,,,,,,,,,,
,,,,,,,,,,,,,,,,,,,,,,,,,,,,,,,,,,,,,,,,,,,,,,,,,
,,,,#134 Vaporeon,,,,,Lv.30,,,#136 Flareon,,,,,Lv.30,,,,,,,,,,,,,,,,,,,,,,,,,,,,,,,,
,,,,,WATER,,,,,,,,FIRE,,,,,,,,,,,,,,,,,,,,,,,,,,,,,,,,,,,,
,,TWINS EMA пј† LIL [294],HP,Atk,Def,SpA,SpD,Spe,Total,,HP,Atk,Def,SpA,SpD,Spe,Total,,,,,,,,,,,,,,,,,,,,,,,,,,,,,,,,
,,DOUBLE BATTLE,130,65,60,110,95,65,525,,110б Ћ,130,60,65б ‹,65б ‹,95б Ћ,525,,,,,,,,,,,,,,,,,,,,,,,,,,,,,,,,
,,Only Twins on the route,,No Item,,,Water Absorb,,,,,No Item,,,Flash Fire,,,,,,,,,,,,,,,,,,,,,,,,,,,,,,,,,,
,,,"Modest (+SpA, -Atk)",,,,,,12 IV,,"Calm (+SpD, -Atk)",,,,,,12 IV,,,,,,,,,,,,,,,,,,,,,,,,,,,,,,,,
,,,Aurora Beam,,,,75б Ћ,100%,15PPб ‹,,Fire Spin,,,,35б Ћ,85%б Ћ,15PP,,,,,,,,,,,,,,,,,,,,,,,,,,,,,,,,
,,,Aqua Ring,,,,--,--,20PP,,Flame Wheel,,,,75б Ћ,100%,15PPб ‹,,,,,,,,,,,,,,,,,,,,,,,,,,,,,,,,
,,,Scald (!),,,,80,100%,15PP,,Lava Plume,,,,80,100%,15PP,,,,,,,,,,,,,,,,,,,,,,,,,,,,,,,,
,,,Extrasensory,,,,80,100%,20PPб ‹,,Play Rough (!),,,,90,90%,10PP,,,,,,,,,,,,,,,,,,,,,,,,,,,,,,,,
,,,,,,,,,,,,,,,,,,,,,,,,,,,,,,,,,,,,,,,,,,,,,,,,,
,,,,,,,,,,,,,,,,,,,,,,,,,,,,,,,,,,,,,,,,,,,,,,,,,
,,,,,,,,,,,,,,,,,,,,,,,,,,,,,,,,,,,,,,,,,,,,,,,,,
,,,,#172 Pichu,,,,,Lv.28,,,#025 Pikachu,,,,,Lv.26,,,#026 Raichu,,,,,Lv.26,,,,,,,,,,,,,,,,,,,,,,,,
,,,,,ELECTRIC,,,,,,,,ELECTRIC,,,,,,,,ELECTRIC,,,,,,,,,,,,,,,,,,,,,,,,,,,,
,,POKГ‰ KID DANIELLE [53],HP,Atk,Def,SpA,SpD,Spe,Total,,HP,Atk,Def,SpA,SpD,Spe,Total,,HP,Atk,Def,SpA,SpD,Spe,Total,,,,,,,,,,,,,,,,,,,,,,,,
,,,20,40,15,35,35,60,205,,35,55,40б Ћ,50,50б Ћ,90,320б Ћ,,60,95б Ћ,55,95б Ћ,80,110б Ћ,495б Ћ,,,,,,,,,,,,,,,,,,,,,,,,
,,Only PokГ© Kid on the route,,No Item,,,Static,,,,,No Item,,,Static,,,,,No Item,,,Static,,,,,,,,,,,,,,,,,,,,,,,,,,
,,,"Brave (+Atk, -Spe)",,,,,,12 IV,,"Calm (+SpD, -Atk)",,,,,,12 IV,,Bashful (Neutral),,,,,,12 IV,,,,,,,,,,,,,,,,,,,,,,,,
,,,Sweet Kiss,,,,--,75%,10PP,,Double Team,,,,--,--,15PP,,Thunder Shock,,,,40,100%,30PP,,,,,,,,,,,,,,,,,,,,,,,,
,,,Thunder Wave,,,,--,90%б Ћ,20PP,,Slam,,,,80,75%,20PP,,Tail Whip,,,,--,100%,30PP,,,,,,,,,,,,,,,,,,,,,,,,
,,,Nasty Plot,,,,--,--,20PP,,Thunderbolt,,,,90б ‹,100%,15PP,,Quick Attack,,,,40,100%,30PP,,,,,,,,,,,,,,,,,,,,,,,,
,,,Disarming Voice (!),,,,50б Ћ,--,15PP,,Agility,,,,--,--,30PP,,Thunderbolt,,,,90б ‹,100%,15PP,,,,,,,,,,,,,,,,,,,,,,,,
,,,,,,,,,,,,,,,,,,,,,,,,,,,,,,,,,,,,,,,,,,,,,,,,,
,,,,,,,,,,,,,,,,,,,,,,,,,,,,,,,,,,,,,,,,,,,,,,,,,
,,,,,,,,,,,,,,,,,,,,,,,,,,,,,,,,,,,,,,,,,,,,,,,,,
,,,,#236 Tyrogue,,,,,Lv.26,,,#433 Chingling,,,,,Lv.26,,,#438 Bonsly,,,,,Lv.26,,,#240 Magby,,,,,Lv.26,,,#239 Elekid,,,,,Lv.26,,,#439 Mime Jr.,,,,,Lv.26
,,,,,FIGHTING,,,,,,,,PSYCHIC,,,,,,,,ROCK,,,,,,,,FIRE,,,,,,,,ELECTRIC,,,,,,,,PSYCHIC,,,FAIRYбћµ бћµ,
,,PKMN BREEDER ALBERT [46],HP,Atk,Def,SpA,SpD,Spe,Total,,HP,Atk,Def,SpA,SpD,Spe,Total,,HP,Atk,Def,SpA,SpD,Spe,Total,,HP,Atk,Def,SpA,SpD,Spe,Total,,HP,Atk,Def,SpA,SpD,Spe,Total,,HP,Atk,Def,SpA,SpD,Spe,Total
,,,35,35,35,35,35,35,210,,45,30,50,80б Ћ,60б Ћ,45,310б Ћ,,60б Ћ,85б Ћ,95,10,55б Ћ,10,315б Ћ,,45,75,37,70,55,83,365,,45,63,37,65,55,95,360,,20,15б ‹,45,80б Ћ,90,65б Ћ,315б Ћ
,,,,No Item,,,Steadfast бћµ,,,,,No Item,,,Levitate,,,,,No Item,,,Rock Headбћµ бћµ,,,,,No Item,,,Flame Body,,,,,No Item,,,Static,,,,,No Item,,,Filterбћµ бћµ,,
,,,"Lax (+Def, -SpD)",,,,,,12 IV,,"Brave (+Atk, -Spe)",,,,,,12 IV,,Bashful (Neutral),,,,,,12 IV,,"Adamant (+Atk, -SpA)",,,,,,12 IV,,Serious (Neutral),,,,,,12 IV,,"Modest (+SpA, -Atk)",,,,,,12 IV
,,,Fake Out,,,,40,100%,10PP,,Yawn,,,,--,--,10PP,,Rock Tomb,,,,60б Ћ,80%,15PPб Ћ,,Will-O-Wisp,,,,--,85%б Ћ,15PP,,Thunder Wave,,,,--,90%б Ћ,20PP,,Mimic,,,,--,--,10PP
,,,Low Kick,,,,--,100%,20PP,,Extrasensory,,,,80,100%,20PPб ‹,,Mimic,,,,--,--,10PP,,Fire Punch,,,,75,100%,15PP,,Thunder Punch,,,,75,100%,15PP,,Psybeam,,,,65,100%,20PP
,,,Mach Punch,,,,40,100%,30PP,,Take Down,,,,90,85%,20PP,,Feint Attack,,,,60,--,20PP,,Confuse Ray,,,,--,100%,10PP,,Light Screen,,,,--,--,30PP,,Light Screen,,,,--,--,30PP
,,(SPINNING),Rapid Spin,,,,20,100%,40PP,,Uproar,,,,90б Ћ,100%,10PP,,Rollout,,,,30,90%,20PP,,Brick Break,,,,75,100%,15PP,,Brick Break,,,,75,100%,15PP,,Reflect,,,,--,--,20PP
,,,,,,,,,,,,,,,,,,,,,,,,,,,,,,,,,,,,,,,,,,,,,,,,,
,,,,,,,,,,,,,,,,,,,,,,,,,,,,,,,,,,,,,,,,,,,,,,,,,
,,,,,,,,,,,,,,,,,,,,,,,,,,,,,,,,,,,,,,,,,,,,,,,,,
,,,,#298 Azurill,,,,,Lv.26,,,#175 Togepi,,,,,Lv.26,,,#173 Cleffa,,,,,Lv.26,,,#174 Igglybuff,,,,,Lv.26,,,#238 Smoochum,,,,,Lv.26,,,#406 Budew,,,,,Lv.26
,,,,,NORMAL,,,FAIRYбћµ бћµ,,,,,FAIRYбћµ бћµ,,,,,,,,FAIRYбћµ бћµ,,,,,,,,NORMAL,,,FAIRYбћµ бћµ,,,,,ICE,,,PSYCHIC,,,,,GRASS,,,POISON,
,,PKMN BREEDER JENNIFER [47],HP,Atk,Def,SpA,SpD,Spe,Total,,HP,Atk,Def,SpA,SpD,Spe,Total,,HP,Atk,Def,SpA,SpD,Spe,Total,,HP,Atk,Def,SpA,SpD,Spe,Total,,HP,Atk,Def,SpA,SpD,Spe,Total,,HP,Atk,Def,SpA,SpD,Spe,Total
,,,50,20,40,40б Ћ,40,20,210б Ћ,,35,20,65,40,65,20,245,,50,25,28,45,55,15,218,,90,30,15,40,20,15,210,,45,30,15,95б Ћ,65,65,315б Ћ,,40,30,35,50,70,55,280
,,,,No Item,,,Huge Power бћµ,,,,,No Item,,,Serene Graceбћµ бћµ,,,,,No Item,,,Cute Charm,,,,,No Item,,,Cute Charm,,,,,No Item,,,Hydration (!),,,,,No Item,,,Poison Pointбћµ бћµ,,
,,,"Relaxed (+Def, -Spe)",,,,,,12 IV,,"Lonely (+Atk, -Def)",,,,,,12 IV,,Bashful (Neutral),,,,,,12 IV,,Quirky (Neutral),,,,,,24 IV,,"Brave (+Atk, -Spe)",,,,,,24 IV,,"Jolly (+Spe, -SpA)",,,,,,24 IV
,,,Sing,,,,--,55%,15PP,,Wish,,,,--,--,10PP,,Sing,,,,--,55%,15PP,,Pound,,,,40,100%,35PP,,Icy Wind,,,,55,95%,15PP,,Stun Spore,,,,--,75%,30PP
,,,Helping Hand,,,,--,--,20PP,,Safeguard,,,,--,--,25PP,,Copycat,,,,--,--,20PP,,Sweet Kiss,,,,--,75%,10PP,,Mean Look,,,,--,--,5PP,,Sleep Powder,,,,--,75%,15PP
,,,Slam,,,,80,75%,20PP,,Ancient Power,,,,60,100%,5PP,,Magical Leaf,,,,60,--,20PP,,Copycat,,,,--,--,20PP,,Extrasensory,,,,80,100%,20PPб ‹,,Worry Seed,,,,--,100%,10PP
,,(SPINNING),Bounce,,,,85,85%,5PP,,Soft-Boiled,,,,--,--,10PP,,Draining Kiss (!),,,,75б Ћ,100%,10PP,,Draining Kiss (!),,,,75б Ћ,100%,10PP,,Fake Tears,,,,--,100%,20PP,,Extrasensory,,,,80,100%,20PPб ‹
,,,,,,,,,,,,,,,,,,,,,,,,,,,,,,,,,,,,,,,,,,,,,,,,,
,,,,,,,,,,,,,,,,,,,,,,,,,,,,,,,,,,,,,,,,,,,,,,,,,
,,,,,,,,,,,,,,,,,,,,,,,,,,,,,,,,,,,,,,,,,,,,,,,,,
,,,,#022 Fearow,,,,,Lv.31,,,,,,,,,,,,,,,,,,,,,,,,,,,,,,,,,,,,,,,,
,,,,,NORMAL,,,FLYING,,,,,,,,,,,,,,,,,,,,,,,,,,,,,,,,,,,,,,,,,
,,JOGGER RAUL [308],HP,Atk,Def,SpA,SpD,Spe,Total,,,,,,,,,,,,,,,,,,,,,,,,,,,,,,,,,,,,,,,,
,,,65,110б Ћ,65,61,61,100,462б Ћ,,,,,,,,,,,,,,,,,,,,,,,,,,,,,,,,,,,,,,,,
,,Can be fought in the morning,,No Item,,,Keen Eye,,,,,,,,,,,,,,,,,,,,,,,,,,,,,,,,,,,,,,,,,,
,,,"Brave (+Atk, -Spe)",,,,,,12 IV,,,,,,,,,,,,,,,,,,,,,,,,,,,,,,,,,,,,,,,,
,,,Facade,,,,70,100%,20PP,,,,,,,,,,,,,,,,,,,,,,,,,,,,,,,,,,,,,,,,
,,,Assurance,,,,60б Ћ,100%,10PP,,,,,,,,,,,,,,,,,,,,,,,,,,,,,,,,,,,,,,,,
,,,Drill Peck,,,,80,100%,20PP,,,,,,,,,,,,,,,,,,,,,,,,,,,,,,,,,,,,,,,,
,,(JOGS AROUND),Agility,,,,--,--,30PP,,,,,,,,,,,,,,,,,,,,,,,,,,,,,,,,,,,,,,,,
,,,,,,,,,,,,,,,,,,,,,,,,,,,,,,,,,,,,,,,,,,,,,,,,,
,,,,,,,,,,,,,,,,,,,,,,,,,,,,,,,,,,,,,,,,,,,,,,,,,
,,,,,,,,,,,,,,,,,,,,,,,,,,,,,,,,,,,,,,,,,,,,,,,,,
,,,,#077 Ponyta,,,,,Lv.30,,,#400 Bibarel,,,,,Lv.30,,,,,,,,,,,,,,,,,,,,,,,,,,,,,,,,
,,,,,FIRE,,,,,,,,NORMAL,,,WATER,,,,,,,,,,,,,,,,,,,,,,,,,,,,,,,,,
,,COWGIRL SHELLEY [48],HP,Atk,Def,SpA,SpD,Spe,Total,,HP,Atk,Def,SpA,SpD,Spe,Total,,,,,,,,,,,,,,,,,,,,,,,,,,,,,,,,
,,,50,85,55,65,65,90,410,,94б Ћ,100б Ћ,65б Ћ,55,65б Ћ,71,450б Ћ,,,,,,,,,,,,,,,,,,,,,,,,,,,,,,,,
,,,,No Item,,,Flame Body (!),,,,,No Item,,,Simple,,,,,,,,,,,,,,,,,,,,,,,,,,,,,,,,,,
,,,"Lax (+Def, -SpD)",,,,,,12 IV,,"Jolly (+Spe, -SpA)",,,,,,12 IV,,,,,,,,,,,,,,,,,,,,,,,,,,,,,,,,
,,,Take Down,,,,90,85%,20PP,,Yawn,,,,--,--,10PP,,,,,,,,,,,,,,,,,,,,,,,,,,,,,,,,
,,,Fire Spin,,,,35б Ћ,85%б Ћ,15PP,,Crunch,,,,80,100%,15PP,,,,,,,,,,,,,,,,,,,,,,,,,,,,,,,,
,,,Agility,,,,--,--,30PP,,Aqua Tail,,,,90,90%,10PP,,,,,,,,,,,,,,,,,,,,,,,,,,,,,,,,
,,(SPINNING),Hypnosis,,,,--,60%б ‹,20PP,,Take Down,,,,90,85%,20PP,,,,,,,,,,,,,,,,,,,,,,,,,,,,,,,,
,,,,,,,,,,,,,,,,,,,,,,,,,,,,,,,,,,,,,,,,,,,,,,,,,
,,,,,,,,,,,,,,,,,,,,,,,,,,,,,,,,,,,,,,,,,,,,,,,,,
,,,,,,,,,,,,,,,,,,,,,,,,,,,,,,,,,,,,,,,,,,,,,,,,,
,,,,#314 Illumise,,,,,Lv.30,,,#313 Volbeat,,,,,Lv.30,,,,,,,,,,,,,,,,,,,,,,,,,,,,,,,,
,,,,,BUG,,,FAIRYбћµ бћµ,,,,,BUG,,,ELECTRICбћµ бћµ,,,,,,,,,,,,,,,,,,,,,,,,,,,,,,,,,
,,YOUNG COUPLE TY пј† SUE [55],HP,Atk,Def,SpA,SpD,Spe,Total,,HP,Atk,Def,SpA,SpD,Spe,Total,,,,,,,,,,,,,,,,,,,,,,,,,,,,,,,,
,,DOUBLE BATTLE,65,33б ‹,85б Ћ,97б Ћ,85б Ћ,100б Ћ,465б Ћ,,65,33б ‹,75б Ћ,107б Ћ,85б Ћ,100б Ћ,465б Ћ,,,,,,,,,,,,,,,,,,,,,,,,,,,,,,,,
,,,,No Item,,,Tinted Lensбћµ бћµ,,,,,No Item,,,Swarmбћµ бћµ,,,,,,,,,,,,,,,,,,,,,,,,,,,,,,,,,,
,,,"Careful (+SpD, -SpA)",,,,,,12 IV,,Serious (Neutral),,,,,,12 IV,,,,,,,,,,,,,,,,,,,,,,,,,,,,,,,,
,,,Moonlight,,,,--,--,5PP,,Moonlight,,,,--,--,5PP,,,,,,,,,,,,,,,,,,,,,,,,,,,,,,,,
,,,Encore,,,,--,100%,5PP,,Signal Beam,,,,75,100%,15PP,,,,,,,,,,,,,,,,,,,,,,,,,,,,,,,,
,,,Wish,,,,--,--,10PP,,Tail Glow,,,,--,--,20PP,,,,,,,,,,,,,,,,,,,,,,,,,,,,,,,,
,,(WALKING IN A CIRCLE),Flatter,,,,--,100%,15PP,,Protect,,,,--,--,10PP,,,,,,,,,,,,,,,,,,,,,,,,,,,,,,,,
,,,,,,,,,,,,,,,,,,,,,,,,,,,,,,,,,,,,,,,,,,,,,,,,,
,,,,,,,,,,,,,,,,,,,,,,,,,,,,,,,,,,,,,,,,,,,,,,,,,
,,LOST TOWER,,,,,,,,,,,,,,,,,,,,,,,,,,,,,,,,,,,,,,,,,,,,,,,
,,,,,,,,,,,,,,,,,,,,,,,,,,,,,,,,,,,,,,,,,,,,,,,,,
,,LOST TOWER - FIRST FLOOR,,,,,,,,,,,,,,,,,,,,,,,,,,,,,,,,,,,,,,,,,,,,,,,
,,,,,,,,,,,,,,,,,,,,,,,,,,,,,,,,,,,,,,,,,,,,,,,,,
,,,,,,,,,,,,,,,,,,,,,,,,,,,,,,,,,,,,,,,,,,,,,,,,,
,,,,#422 Shellos,,,,,Lv.31,,,#339 Barboach,,,,,Lv.31,,,#414 Mothim,,,,,Lv.31,,,,,,,,,,,,,,,,,,,,,,,,
,,,,,WATER,,,,,,,,WATER,,,GROUND,,,,,BUG,,,FLYING,,,,,,,,,,,,,,,,,,,,,,,,,
,,YOUNGSTER OLIVER [532],HP,Atk,Def,SpA,SpD,Spe,Total,,HP,Atk,Def,SpA,SpD,Spe,Total,,HP,Atk,Def,SpA,SpD,Spe,Total,,,,,,,,,,,,,,,,,,,,,,,,
,,,76,48,48,57,62,34,325,,50,48,43,46,41,60,288,,70,70б ‹,50,110б Ћ,50,100б Ћ,450б Ћ,,,,,,,,,,,,,,,,,,,,,,,,
,,Blocks access to an Oval Stone,,No Item,,,Sticky Hold,,,,,No Item,,,Oblivious,,,,,No Item,,,Tinted Lens (!),,,,,,,,,,,,,,,,,,,,,,,,,,
,,,"Naive (+Spe, -SpD)",,,,,,12 IV,,Quirky (Neutral),,,,,,12 IV,,"Jolly (+Spe, -SpA)",,,,,,12 IV,,,,,,,,,,,,,,,,,,,,,,,,
,,,Whirlpool,,,,35б Ћ,85%б Ћ,15PP,,Snore,,,,50б Ћ,100%,15PP,,Gust,,,,40,100%,35PP,,,,,,,,,,,,,,,,,,,,,,,,
,,,Rain Dance,,,,--,--,5PP,,Aqua Tail,,,,90,90%,10PP,,Confusion,,,,50,100%,25PP,,,,,,,,,,,,,,,,,,,,,,,,
,,,Earth Power,,,,90,100%,10PP,,Earth Power,,,,90,100%,10PP,,Bug Buzz,,,,90,100%,10PP,,,,,,,,,,,,,,,,,,,,,,,,
,,,Muddy Water,,,,90б ‹,85%,10PP,,Muddy Water,,,,90б ‹,85%,10PP,,Poison Powder,,,,--,75%,35PP,,,,,,,,,,,,,,,,,,,,,,,,
,,,,,,,,,,,,,,,,,,,,,,,,,,,,,,,,,,,,,,,,,,,,,,,,,
,,,,,,,,,,,,,,,,,,,,,,,,,,,,,,,,,,,,,,,,,,,,,,,,,
,,LOST TOWER - SECOND FLOOR,,,,,,,,,,,,,,,,,,,,,,,,,,,,,,,,,,,,,,,,,,,,,,,
,,,,,,,,,,,,,,,,,,,,,,,,,,,,,,,,,,,,,,,,,,,,,,,,,
,,,,,,,,,,,,,,,,,,,,,,,,,,,,,,,,,,,,,,,,,,,,,,,,,
,,,,#173 Cleffa,,,,,Lv.33,,,,,,,,,,,,,,,,,,,,,,,,,,,,,,,,,,,,,,,,
,,,,,FAIRYбћµ бћµ,,,,,,,,,,,,,,,,,,,,,,,,,,,,,,,,,,,,,,,,,,,,
,,ROUGHNECK KIRBY [529],HP,Atk,Def,SpA,SpD,Spe,Total,,,,,,,,,,,,,,,,,,,,,,,,,,,,,,,,,,,,,,,,
,,,50,25,28,45,55,15,218,,,,,,,,,,,,,,,,,,,,,,,,,,,,,,,,,,,,,,,,
,,Blocks access to a Revive,,No Item,,,Cute Charm,,,,,,,,,,,,,,,,,,,,,,,,,,,,,,,,,,,,,,,,,,
,,,"Jolly (+Spe, -SpA)",,,,,,12 IV,,,,,,,,,,,,,,,,,,,,,,,,,,,,,,,,,,,,,,,,
,,,Sing,,,,--,55%,15PP,,,,,,,,,,,,,,,,,,,,,,,,,,,,,,,,,,,,,,,,
,,,Copycat,,,,--,--,20PP,,,,,,,,,,,,,,,,,,,,,,,,,,,,,,,,,,,,,,,,
,,,Magical Leaf,,,,60,--,20PP,,,,,,,,,,,,,,,,,,,,,,,,,,,,,,,,,,,,,,,,
,,(LOOKS UP AND LEFT),Draining Kiss (!),,,,75б Ћ,100%,10PP,,,,,,,,,,,,,,,,,,,,,,,,,,,,,,,,,,,,,,,,
,,,,,,,,,,,,,,,,,,,,,,,,,,,,,,,,,,,,,,,,,,,,,,,,,
,,,,,,,,,,,,,,,,,,,,,,,,,,,,,,,,,,,,,,,,,,,,,,,,,
,,,,,,,,,,,,,,,,,,,,,,,,,,,,,,,,,,,,,,,,,,,,,,,,,
,,,,#311 Plusle,,,,,Lv.31,,,#312 Minun,,,,,Lv.31,,,#417 Pachirisu,,,,,Lv.31,,,,,,,,,,,,,,,,,,,,,,,,
,,,,,ELECTRIC,,,,,,,,ELECTRIC,,,,,,,,ELECTRIC,,,,,,,,,,,,,,,,,,,,,,,,,,,,
,,POKГ‰ FAN LEONARD [530],HP,Atk,Def,SpA,SpD,Spe,Total,,HP,Atk,Def,SpA,SpD,Spe,Total,,HP,Atk,Def,SpA,SpD,Spe,Total,,,,,,,,,,,,,,,,,,,,,,,,
,,,60,50,50б Ћ,95б Ћ,85б Ћ,110б Ћ,450б Ћ,,60,50б Ћ,50,85б Ћ,95б Ћ,110б Ћ,450б Ћ,,60,45,80б Ћ,80б Ћ,90,95,450б Ћ,,,,,,,,,,,,,,,,,,,,,,,,
,,can use : 1 FULL HEAL,,Sitrus Berry,,,Plus,,,,,Sitrus Berry,,,Minus,,,,,Sitrus Berry,,,Volt Absorb (!),,,,,,,,,,,,,,,,,,,,,,,,,,
,,1 SUPER POTION,Hardy (Neutral),,,,,,12 IV,,"Sassy (+SpD, -Spe)",,,,,,12 IV,,Docile (Neutral),,,,,,12 IV,,,,,,,,,,,,,,,,,,,,,,,,
,,,Charge,,,,--,--,20PP,,Charge,,,,--,--,20PP,,Swift,,,,60,--,20PP,,,,,,,,,,,,,,,,,,,,,,,,
,,,Discharge,,,,80,100%,15PP,,Discharge,,,,80,100%,15PP,,Discharge,,,,80,100%,15PP,,,,,,,,,,,,,,,,,,,,,,,,
,,,Copycat,,,,--,--,20PP,,Copycat,,,,--,--,20PP,,Uproar,,,,90б Ћ,100%,10PP,,,,,,,,,,,,,,,,,,,,,,,,
,,,Charm,,,,--,100%,20PP,,Fake Tears,,,,--,100%,20PP,,Sweet Kiss,,,,--,75%,10PP,,,,,,,,,,,,,,,,,,,,,,,,
,,,,,,,,,,,,,,,,,,,,,,,,,,,,,,,,,,,,,,,,,,,,,,,,,
,,,,,,,,,,,,,,,,,,,,,,,,,,,,,,,,,,,,,,,,,,,,,,,,,
,,LOST TOWER - THIRD FLOOR,,,,,,,,,,,,,,,,,,,,,,,,,,,,,,,,,,,,,,,,,,,,,,,
,,,,,,,,,,,,,,,,,,,,,,,,,,,,,,,,,,,,,,,,,,,,,,,,,
,,,,,,,,,,,,,,,,,,,,,,,,,,,,,,,,,,,,,,,,,,,,,,,,,
,,,,#035 Clefairy,,,,,Lv.30,,,#320 Wailmer,,,,,Lv.30,,,#438 Bonsly,,,,,Lv.30,,,#300 Skitty,,,,,Lv.30,,,,,,,,,,,,,,,,
,,,,,FAIRYбћµ бћµ,,,,,,,,WATER,,,,,,,,ROCK,,,,,,,,NORMAL,,,,,,,,,,,,,,,,,,,,
,,POKГ‰ FAN REBEKAH [531],HP,Atk,Def,SpA,SpD,Spe,Total,,HP,Atk,Def,SpA,SpD,Spe,Total,,HP,Atk,Def,SpA,SpD,Spe,Total,,HP,Atk,Def,SpA,SpD,Spe,Total,,,,,,,,,,,,,,,,
,,,70,45,48,60,65,35,323,,130,70,35,70,35,60,400,,60б Ћ,85б Ћ,95,10,55б Ћ,10,315б Ћ,,50,50б Ћ,50б Ћ,40б Ћ,40б Ћ,60б Ћ,290б Ћ,,,,,,,,,,,,,,,,
,,can use : 1 FULL HEAL,,Sitrus Berry,,,Cute Charm,,,,,Sitrus Berry,,,Water Veil,,,,,Sitrus Berry,,,Rock Headбћµ бћµ,,,,,Sitrus Berry,,,Cute Charm,,,,,,,,,,,,,,,,,,
,,1 SUPER POTION,"Brave (+Atk, -Spe)",,,,,,12 IV,,"Rash (+SpA, -SpD)",,,,,,12 IV,,"Modest (+SpA, -Atk)",,,,,,12 IV,,"Modest (+SpA, -Atk)",,,,,,12 IV,,,,,,,,,,,,,,,,
,,,Metronome,,,,--,--,10PP,,Whirlpool,,,,35б Ћ,85%б Ћ,15PP,,Feint Attack,,,,60,--,20PP,,Wake-Up Slap,,,,70б Ћ,100%,10PP,,,,,,,,,,,,,,,,
,,,Cosmic Power,,,,--,--,20PP,,Mist,,,,--,--,30PP,,Rollout,,,,30,90%,20PP,,Zen Headbutt,,,,80,90%,15PP,,,,,,,,,,,,,,,,
,,,Lucky Chant,,,,--,--,30PP,,Dive,,,,80,100%,10PP,,Rock Slide,,,,75,90%,10PP,,Sucker Punch,,,,70б ‹,100%,5PP,,,,,,,,,,,,,,,,
,,(LOOKS DOWN AND RIGHT),Moonblast (!),,,,95,100%,15PP,,Rest,,,,--,--,10PP,,Block,,,,--,--,5PP,,Charm,,,,--,100%,20PP,,,,,,,,,,,,,,,,
,,,,,,,,,,,,,,,,,,,,,,,,,,,,,,,,,,,,,,,,,,,,,,,,,
,,,,,,,,,,,,,,,,,,,,,,,,,,,,,,,,,,,,,,,,,,,,,,,,,
,,,,,,,,,,,,,,,,,,,,,,,,,,,,,,,,,,,,,,,,,,,,,,,,,
,,,,#077 Ponyta,,,,,Lv.33,,,#180 Flaaffy,,,,,Lv.33,,,,,,,,,,,,,,,,,,,,,,,,,,,,,,,,
,,,,,FIRE,,,,,,,,ELECTRIC,,,,,,,,,,,,,,,,,,,,,,,,,,,,,,,,,,,,
,,BELLE & PA BETH & BOB [533],HP,Atk,Def,SpA,SpD,Spe,Total,,HP,Atk,Def,SpA,SpD,Spe,Total,,,,,,,,,,,,,,,,,,,,,,,,,,,,,,,,
,,DOUBLE BATTLE,50,85,55,65,65,90,410,,70,55,55,80,60,45,365,,,,,,,,,,,,,,,,,,,,,,,,,,,,,,,,
,,,,No Item,,,Flame Body (!),,,,,No Item,,,Static,,,,,,,,,,,,,,,,,,,,,,,,,,,,,,,,,,
,,,"Jolly (+Spe, -SpA)",,,,,,12 IV,,"Modest (+SpA, -Atk)",,,,,,12 IV,,,,,,,,,,,,,,,,,,,,,,,,,,,,,,,,
,,,Fire Spin,,,,35б Ћ,85%б Ћ,15PP,,Confuse Ray,,,,--,100%,10PP,,,,,,,,,,,,,,,,,,,,,,,,,,,,,,,,
,,,Agility,,,,--,--,30PP,,Take Down,,,,90,85%,20PP,,,,,,,,,,,,,,,,,,,,,,,,,,,,,,,,
,,,Hypnosis,,,,--,60%б ‹,20PP,,Discharge,,,,80,100%,15PP,,,,,,,,,,,,,,,,,,,,,,,,,,,,,,,,
,,,Low Kick,,,,--,100%,20PP,,Power Gem,,,,80б Ћ,100%,20PP,,,,,,,,,,,,,,,,,,,,,,,,,,,,,,,,
,,,,,,,,,,,,,,,,,,,,,,,,,,,,,,,,,,,,,,,,,,,,,,,,,
,,,,,,,,,,,,,,,,,,,,,,,,,,,,,,,,,,,,,,,,,,,,,,,,,
,,,,,,,,,,,,,,,,,,,,,,,,,,,,,,,,,,,,,,,,,,,,,,,,,
,,,,#198 Murkrow,,,,,Lv.33,,,#200 Misdreavus,,,,,Lv.33,,,,,,,,,,,,,,,,,,,,,,,,,,,,,,,,
,,,,,DARK,,,FLYING,,,,,GHOST,,,FAIRYбћµ бћµ,,,,,,,,,,,,,,,,,,,,,,,,,,,,,,,,,
,,YNG COUPLE MIKE & NAT [534],HP,Atk,Def,SpA,SpD,Spe,Total,,HP,Atk,Def,SpA,SpD,Spe,Total,,,,,,,,,,,,,,,,,,,,,,,,,,,,,,,,
,,DOUBLE BATTLE,60,85,42,85,42,91,405,,60,60,60,85,85,85,435,,,,,,,,,,,,,,,,,,,,,,,,,,,,,,,,
,,,,No Item,,,Super Luckбћµ бћµ,,,,,No Item,,,Levitate,,,,,,,,,,,,,,,,,,,,,,,,,,,,,,,,,,
,,,"Adamant (+Atk, -SpA)",,,,,,12 IV,,"Rash (+SpA, -SpD)",,,,,,12 IV,,,,,,,,,,,,,,,,,,,,,,,,,,,,,,,,
,,,Drill Peck,,,,80,100%,20PP,,Payback,,,,50,100%,10PP,,,,,,,,,,,,,,,,,,,,,,,,,,,,,,,,
,,,Mean Look,,,,--,--,5PP,,Mean Look,,,,--,--,5PP,,,,,,,,,,,,,,,,,,,,,,,,,,,,,,,,
,,,Sucker Punch,,,,70б ‹,100%,5PP,,Perish Song,,,,--,--,5PP,,,,,,,,,,,,,,,,,,,,,,,,,,,,,,,,
,,,Tailwind,,,,--,--,15PPб ‹,,Power Gem,,,,80б Ћ,100%,20PP,,,,,,,,,,,,,,,,,,,,,,,,,,,,,,,,
,,,,,,,,,,,,,,,,,,,,,,,,,,,,,,,,,,,,,,,,,,,,,,,,,
,,,,,,,,,,,,,,,,,,,,,,,,,,,,,,,,,,,,,,,,,,,,,,,,,
,,SOLACEON TOWN,,,,,,,,,,,,,,,,,,,,,,,,,,,,,,,,,,,,,,,,,,,,,,,
,,,,,,,,,,,,,,,,,,,,,,,,,,,,,,,,,,,,,,,,,,,,,,,,,
,,SOLACEON TOWN POKEMON CENTER,,,,,,,,,,,,,,,,,,,,,,,,,,,,,,,,,,,,,,,,,,,,,,,
,,,,,,,,,,,,,,,,,,,,,,,,,,,,,,,,,,,,,,,,,,,,,,,,,
,,,,,,,,,,,,,,,,,,,,,,,,,,,,,,,,,,,,,,,,,,,,,,,,,
,,,,#172 Pichu,,,,,Lv.30,,,#025 Pikachu,,,,,Lv.30,,,#025 Pikachu,,,,,Lv.30,,,,,,,,,,,,,,,,,,,,,,,,
,,,,,ELECTRIC,,,,,,,,ELECTRIC,,,,,,,,ELECTRIC,,,,,,,,,,,,,,,,,,,,,,,,,,,,
,,POKГ‰ KID ARIEL [889],HP,Atk,Def,SpA,SpD,Spe,Total,,HP,Atk,Def,SpA,SpD,Spe,Total,,HP,Atk,Def,SpA,SpD,Spe,Total,,,,,,,,,,,,,,,,,,,,,,,,
,,,20,40,15,35,35,60,205,,35,55,40б Ћ,50,50б Ћ,90,320б Ћ,,35,55,40б Ћ,50,50б Ћ,90,320б Ћ,,,,,,,,,,,,,,,,,,,,,,,,
,,Only fought when talked to,,No Item,,,Static,,,,,No Item,,,Static,,,,,No Item,,,Static,,,,,,,,,,,,,,,,,,,,,,,,,,
,,,"Gentle (+SpD, -Def)",,,,,,12 IV,,"Quiet (+SpA, -Spe)",,,,,,12 IV,,"Quiet (+SpA, -Spe)",,,,,,12 IV,,,,,,,,,,,,,,,,,,,,,,,,
,,,Sweet Kiss,,,,--,75%,10PP,,Double Team,,,,--,--,15PP,,Double Team,,,,--,--,15PP,,,,,,,,,,,,,,,,,,,,,,,,
,,,Thunder Wave,,,,--,90%б Ћ,20PP,,Slam,,,,80,75%,20PP,,Slam,,,,80,75%,20PP,,,,,,,,,,,,,,,,,,,,,,,,
,,,Nasty Plot,,,,--,--,20PP,,Thunderbolt,,,,90б ‹,100%,15PP,,Thunderbolt,,,,90б ‹,100%,15PP,,,,,,,,,,,,,,,,,,,,,,,,
,,,Disarming Voice (!),,,,50б Ћ,--,15PP,,Agility,,,,--,--,30PP,,Agility,,,,--,--,30PP,,,,,,,,,,,,,,,,,,,,,,,,
,,,,,,,,,,,,,,,,,,,,,,,,,,,,,,,,,,,,,,,,,,,,,,,,,
,,,,,,,,,,,,,,,,,,,,,,,,,,,,,,,,,,,,,,,,,,,,,,,,,
,,SOLACEON RUINS,,,,,,,,,,,,,,,,,,,,,,,,,,,,,,,,,,,,,,,,,,,,,,,
,,,,,,,,,,,,,,,,,,,,,,,,,,,,,,,,,,,,,,,,,,,,,,,,,
,,,,,,,,,,,,,,,,,,,,,,,,,,,,,,,,,,,,,,,,,,,,,,,,,
,,,,#436 Bronzor,,,,,Lv.31,,,#075 Graveler,,,,,Lv.31,,,#028 Sandslash,,,,,Lv.31,,,,,,,,,,,,,,,,,,,,,,,,
,,,,,STEEL,,,PSYCHIC,,,,,ROCK,,,GROUND,,,,,GROUND,,,,,,,,,,,,,,,,,,,,,,,,,,,,
,,RUIN MANIAC KARL [553],HP,Atk,Def,SpA,SpD,Spe,Total,,HP,Atk,Def,SpA,SpD,Spe,Total,,HP,Atk,Def,SpA,SpD,Spe,Total,,,,,,,,,,,,,,,,,,,,,,,,
,,,57,24,86,24,86,23,300,,55,95,115,45,45,35,390,,75,100,110,45,55,65,450,,,,,,,,,,,,,,,,,,,,,,,,
,,"Do not worry about the Hiker in the ruins, he does not fight you",,No Item,,,Levitate,,,,,No Item,,,Rock Head,,,,,No Item,,,Sand Veil,,,,,,,,,,,,,,,,,,,,,,,,,,
,,,Quirky (Neutral),,,,,,12 IV,,"Quiet (+SpA, -Spe)",,,,,,12 IV,,"Quiet (+SpA, -Spe)",,,,,,12 IV,,,,,,,,,,,,,,,,,,,,,,,,
,,,Gyro Ball,,,,--,100%,5PP,,Self-Destruct,,,,200,100%,5PP,,Crush Claw,,,,75,95%,10PP,,,,,,,,,,,,,,,,,,,,,,,,
,,,Iron Defense,,,,--,--,15PP,,Gyro Ball,,,,--,100%,5PP,,Night Slash,,,,70,100%,15PP,,,,,,,,,,,,,,,,,,,,,,,,
,,,Zen Headbutt,,,,80,90%,15PP,,Rock Slide,,,,75,90%,10PP,,Slash,,,,70,100%,20PP,,,,,,,,,,,,,,,,,,,,,,,,
,,,Safeguard,,,,--,--,25PP,,Stealth Rock,,,,--,--,20PP,,Dig,,,,80,100%,10PP,,,,,,,,,,,,,,,,,,,,,,,,
,,,,,,,,,,,,,,,,,,,,,,,,,,,,,,,,,,,,,,,,,,,,,,,,,
,,,,,,,,,,,,,,,,,,,,,,,,,,,,,,,,,,,,,,,,,,,,,,,,,
,,SOLACEON TOWN,,,,,,,,,,,,,,,,,,,,,,,,,,,,,,,,,,,,,,,,,,,,,,,
,,,,,,,,,,,,,,,,,,,,,,,,,,,,,,,,,,,,,,,,,,,,,,,,,
,,ROUTE 210 ~ SOUTH,,,,,,,,,,,,,,,,,,,,,,,,,,,,,,,,,,,,,,,,,,,,,,,
,,,,,,,,,,,,,,,,,,,,,,,,,,,,,,,,,,,,,,,,,,,,,,,,,
,,,,,,,,,,,,,,,,,,,,,,,,,,,,,,,,,,,,,,,,,,,,,,,,,
,,,,#078 Rapidash,,,,,Lv.33,,,,,,,,,,,,,,,,,,,,,,,,,,,,,,,,,,,,,,,,
,,,,,FIRE,,,,,,,,,,,,,,,,,,,,,,,,,,,,,,,,,,,,,,,,,,,,
,,RANCHER MARCO [292],HP,Atk,Def,SpA,SpD,Spe,Total,,,,,,,,,,,,,,,,,,,,,,,,,,,,,,,,,,,,,,,,
,,,65,100,70,80,80,105,500,,,,,,,,,,,,,,,,,,,,,,,,,,,,,,,,,,,,,,,,
,,Rancher standing in the highgrass close to Solaceon Town,,No Item,,,Flame Body (!),,,,,,,,,,,,,,,,,,,,,,,,,,,,,,,,,,,,,,,,,,
,,,"Hasty (+Spe, -Def)",,,,,,12 IV,,,,,,,,,,,,,,,,,,,,,,,,,,,,,,,,,,,,,,,,
,,,Fire Spin,,,,35б Ћ,85%б Ћ,15PP,,,,,,,,,,,,,,,,,,,,,,,,,,,,,,,,,,,,,,,,
,,,Agility,,,,--,--,30PP,,,,,,,,,,,,,,,,,,,,,,,,,,,,,,,,,,,,,,,,
,,,Hypnosis,,,,--,60%б ‹,20PP,,,,,,,,,,,,,,,,,,,,,,,,,,,,,,,,,,,,,,,,
,,,Low Kick,,,,--,100%,20PP,,,,,,,,,,,,,,,,,,,,,,,,,,,,,,,,,,,,,,,,
,,,,,,,,,,,,,,,,,,,,,,,,,,,,,,,,,,,,,,,,,,,,,,,,,
,,,,,,,,,,,,,,,,,,,,,,,,,,,,,,,,,,,,,,,,,,,,,,,,,
,,,,,,,,,,,,,,,,,,,,,,,,,,,,,,,,,,,,,,,,,,,,,,,,,
,,,,#101 Electrode,,,,,Lv.33,,,,,,,,,,,,,,,,,,,,,,,,,,,,,,,,,,,,,,,,
,,,,,ELECTRIC,,,,,,,,,,,,,,,,,,,,,,,,,,,,,,,,,,,,,,,,,,,,
,,JOGGER WYATT [306],HP,Atk,Def,SpA,SpD,Spe,Total,,,,,,,,,,,,,,,,,,,,,,,,,,,,,,,,,,,,,,,,
,,,60,50,70,80,80,150б Ћ,490б Ћ,,,,,,,,,,,,,,,,,,,,,,,,,,,,,,,,,,,,,,,,
,,Can be fought in the morning,,No Item,,,Soundproof,,,,,,,,,,,,,,,,,,,,,,,,,,,,,,,,,,,,,,,,,,
,,,"Relaxed (+Def, -Spe)",,,,,,12 IV,,,,,,,,,,,,,,,,,,,,,,,,,,,,,,,,,,,,,,,,
,,,Swift,,,,60,--,20PP,,,,,,,,,,,,,,,,,,,,,,,,,,,,,,,,,,,,,,,,
,,,Self-Destruct,,,,200,100%,5PP,,,,,,,,,,,,,,,,,,,,,,,,,,,,,,,,,,,,,,,,
,,,Discharge,,,,80,100%,15PP,,,,,,,,,,,,,,,,,,,,,,,,,,,,,,,,,,,,,,,,
,,(JOGS AROUND),Light Screen,,,,--,--,30PP,,,,,,,,,,,,,,,,,,,,,,,,,,,,,,,,,,,,,,,,
,,,,,,,,,,,,,,,,,,,,,,,,,,,,,,,,,,,,,,,,,,,,,,,,,
,,,,,,,,,,,,,,,,,,,,,,,,,,,,,,,,,,,,,,,,,,,,,,,,,
,,,,,,,,,,,,,,,,,,,,,,,,,,,,,,,,,,,,,,,,,,,,,,,,,
,,,,#128 Tauros,,,,,Lv.33,,,#241 Miltank,,,,,Lv.33,,,,,,,,,,,,,,,,,,,,,,,,,,,,,,,,
,,,,,NORMAL,,,,,,,,NORMAL,,,,,,,,,,,,,,,,,,,,,,,,,,,,,,,,,,,,
,,BELLE & PA AVA & MATT [290],HP,Atk,Def,SpA,SpD,Spe,Total,,HP,Atk,Def,SpA,SpD,Spe,Total,,,,,,,,,,,,,,,,,,,,,,,,,,,,,,,,
,,DOUBLE BATTLE,75,100,95,40,70,110,490,,95,80,105,40,70,100,490,,,,,,,,,,,,,,,,,,,,,,,,,,,,,,,,
,,,,No Item,,,Intimidate,,,,,No Item,,,Thick Fat,,,,,,,,,,,,,,,,,,,,,,,,,,,,,,,,,,
,,,"Naive (+Spe, -SpD)",,,,,,12 IV,,"Brave (+Atk, -Spe)",,,,,,12 IV,,,,,,,,,,,,,,,,,,,,,,,,,,,,,,,,
,,,Payback,,,,50,100%,10PP,,Rollout,,,,30,90%,20PP,,,,,,,,,,,,,,,,,,,,,,,,,,,,,,,,
,,,Take Down,,,,90,85%,20PP,,Body Slam,,,,85,100%,15PP,,,,,,,,,,,,,,,,,,,,,,,,,,,,,,,,
,,,Zen Headbutt,,,,80,90%,15PP,,Zen Headbutt,,,,80,90%,15PP,,,,,,,,,,,,,,,,,,,,,,,,,,,,,,,,
,,,Body Slam,,,,85,100%,15PP,,Wake-Up Slap,,,,70б Ћ,100%,10PP,,,,,,,,,,,,,,,,,,,,,,,,,,,,,,,,
,,,,,,,,,,,,,,,,,,,,,,,,,,,,,,,,,,,,,,,,,,,,,,,,,
,,,,,,,,,,,,,,,,,,,,,,,,,,,,,,,,,,,,,,,,,,,,,,,,,
,,,,,,,,,,,,,,,,,,,,,,,,,,,,,,,,,,,,,,,,,,,,,,,,,
,,,,#162 Furret,,,,,Lv.32,,,#264 Linoone,,,,,Lv.32,,,,,,,,,,,,,,,,,,,,,,,,,,,,,,,,
,,,,,NORMAL,,,,,,,,NORMAL,,,,,,,,,,,,,,,,,,,,,,,,,,,,,,,,,,,,
,,TWINS TERI пј† TIA [65],HP,Atk,Def,SpA,SpD,Spe,Total,,HP,Atk,Def,SpA,SpD,Spe,Total,,,,,,,,,,,,,,,,,,,,,,,,,,,,,,,,
,,DOUBLE BATTLE,95б Ћ,85б Ћ,65б Ћ,45,55,105б Ћ,450б Ћ,,85б Ћ,85б Ћ,60б ‹,50,60б ‹,110б Ћ,450б Ћ,,,,,,,,,,,,,,,,,,,,,,,,,,,,,,,,
,,,,No Item,,,Scrappy (!),,,,,No Item,,,Pickup,,,,,,,,,,,,,,,,,,,,,,,,,,,,,,,,,,
,,,"Mild (+SpA, -Def)",,,,,,12 IV,,"Adamant (+Atk, -SpA)",,,,,,12 IV,,,,,,,,,,,,,,,,,,,,,,,,,,,,,,,,
,,,Rest,,,,--,--,10PP,,Mud Sport,,,,--,--,15PP,,,,,,,,,,,,,,,,,,,,,,,,,,,,,,,,
,,,Flame Wheel,,,,75б Ћ,100%,15PPб ‹,,Slash,,,,70,100%,20PP,,,,,,,,,,,,,,,,,,,,,,,,,,,,,,,,
,,,Zen Headbutt,,,,80,90%,15PP,,Take Down,,,,90,85%,20PP,,,,,,,,,,,,,,,,,,,,,,,,,,,,,,,,
,,,Amnesia,,,,--,--,20PP,,Rest,,,,--,--,10PP,,,,,,,,,,,,,,,,,,,,,,,,,,,,,,,,
,,,,,,,,,,,,,,,,,,,,,,,,,,,,,,,,,,,,,,,,,,,,,,,,,
,,,,,,,,,,,,,,,,,,,,,,,,,,,,,,,,,,,,,,,,,,,,,,,,,
,,,,,,,,,,,,,,,,,,,,,,,,,,,,,,,,,,,,,,,,,,,,,,,,,
,,,,#447 Riolu,,,,,Lv.31,,,#433 Chingling,,,,,Lv.31,,,#446 Munchlax,,,,,Lv.31,,,,,,,,,,,,,,,,,,,,,,,,
,,,,,FIGHTING,,,,,,,,PSYCHIC,,,,,,,,NORMAL,,,,,,,,,,,,,,,,,,,,,,,,,,,,
,,PKMN BREEDER KAHLIL [56],HP,Atk,Def,SpA,SpD,Spe,Total,,HP,Atk,Def,SpA,SpD,Spe,Total,,HP,Atk,Def,SpA,SpD,Spe,Total,,,,,,,,,,,,,,,,,,,,,,,,
,,,40,70,40,35,40,60,285,,45,30,50,80б Ћ,60б Ћ,45,310б Ћ,,135,85,40,40,85,5,390,,,,,,,,,,,,,,,,,,,,,,,,
,,,,No Item,,,Steadfast,,,,,No Item,,,Levitate,,,,,No Item,,,Thick Fatбћµ бћµ,,,,,,,,,,,,,,,,,,,,,,,,,,
,,,"Bold (+Def, -Atk)",,,,,,12 IV,,"Timid (+Spe, -Atk)",,,,,,12 IV,,"Bold (+Def, -Atk)",,,,,,12 IV,,,,,,,,,,,,,,,,,,,,,,,,
,,,Reversal,,,,--,100%,15PP,,Yawn,,,,--,--,10PP,,Body Slam,,,,85,100%,15PP,,,,,,,,,,,,,,,,,,,,,,,,
,,,Crunch,,,,80,100%,15PP,,Extrasensory,,,,80,100%,20PPб ‹,,Stockpile,,,,--,--,20PP,,,,,,,,,,,,,,,,,,,,,,,,
,,,Nasty Plot,,,,--,--,20PP,,Take Down,,,,90,85%,20PP,,Swallow,,,,--,--,10PP,,,,,,,,,,,,,,,,,,,,,,,,
,,There is a Life Orb right past him,Cross Chop,,,,100,80%,5PP,,Uproar,,,,90б Ћ,100%,10PP,,Rollout,,,,30,90%,20PP,,,,,,,,,,,,,,,,,,,,,,,,
,,,,,,,,,,,,,,,,,,,,,,,,,,,,,,,,,,,,,,,,,,,,,,,,,
,,,,,,,,,,,,,,,,,,,,,,,,,,,,,,,,,,,,,,,,,,,,,,,,,
,,,,,,,,,,,,,,,,,,,,,,,,,,,,,,,,,,,,,,,,,,,,,,,,,
,,,,#458 Mantyke,,,,,Lv.31,,,#440 Happiny,,,,,Lv.31,,,#360 Wynaut,,,,,Lv.31,,,,,,,,,,,,,,,,,,,,,,,,
,,,,,WATER,,,FLYING,,,,,NORMAL,,,,,,,,PSYCHIC,,,,,,,,,,,,,,,,,,,,,,,,,,,,
,,PKMN BREEDER AMBER [57],HP,Atk,Def,SpA,SpD,Spe,Total,,HP,Atk,Def,SpA,SpD,Spe,Total,,HP,Atk,Def,SpA,SpD,Spe,Total,,,,,,,,,,,,,,,,,,,,,,,,
,,,45,20,50,60,120,50,345,,100,5,5,15,65,30,220,,95,23,48,23,48,23,260,,,,,,,,,,,,,,,,,,,,,,,,
,,,,No Item,,,Swift Swim,,,,,No Item,,,Serene Graceбћµ бћµ,,,,,No Item,,,Shadow Tag,,,,,,,,,,,,,,,,,,,,,,,,,,
,,,"Calm (+SpD, -Atk)",,,,,,12 IV,,"Gentle (+SpD, -Def)",,,,,,12 IV,,"Modest (+SpA, -Atk)",,,,,,12 IV,,,,,,,,,,,,,,,,,,,,,,,,
,,,Signal Beam,,,,75,100%,15PP,,Uproar,,,,90б Ћ,100%,10PP,,Counter,,,,--,100%,20PP,,,,,,,,,,,,,,,,,,,,,,,,
,,,Take Down,,,,90,85%,20PP,,Copycat,,,,--,--,20PP,,Mirror Coat,,,,--,100%,20PP,,,,,,,,,,,,,,,,,,,,,,,,
,,,Agility,,,,--,--,30PP,,Refresh,,,,--,--,20PP,,Safeguard,,,,--,--,25PP,,,,,,,,,,,,,,,,,,,,,,,,
,,(LOOKS DOWN AND LEFT),Air Slash,,,,75,95%,15PPб ‹,,Sweet Kiss,,,,--,75%,10PP,,Destiny Bond,,,,--,--,5PP,,,,,,,,,,,,,,,,,,,,,,,,
,,,,,,,,,,,,,,,,,,,,,,,,,,,,,,,,,,,,,,,,,,,,,,,,,
,,,,,,,,,,,,,,,,,,,,,,,,,,,,,,,,,,,,,,,,,,,,,,,,,
,,ROUTE 210 ~  CAFГ‰ CABIN,,,,,,,,,,,,,,,,,,,,,,,,,,,,,,,,,,,,,,,,,,,,,,,
,,,,,,,,,,,,,,,,,,,,,,,,,,,,,,,,,,,,,,,,,,,,,,,,,
,,,,,,,,,,,,,,,,,,,,,,,,,,,,,,,,,,,,,,,,,,,,,,,,,
,,,,#147 Dratini,,,,,Lv.31,,,#148 Dragonair,,,,,Lv.33,,,,,,,,,,,,,,,,,,,,,,,,,,,,,,,,
,,,,,DRAGON,,,,,,,,DRAGON,,,,,,,,,,,,,,,,,,,,,,,,,,,,,,,,,,,,
,,COLLECTOR FERNANDO [275],HP,Atk,Def,SpA,SpD,Spe,Total,,HP,Atk,Def,SpA,SpD,Spe,Total,,,,,,,,,,,,,,,,,,,,,,,,,,,,,,,,
,,,41,64,45,50,50,50,300,,61,84,65,70,70,70,420,,,,,,,,,,,,,,,,,,,,,,,,,,,,,,,,
,,Collector on the left side of the table,,No Item,,,Marvel Scale (!),,,,,No Item,,,Marvel Scale (!),,,,,,,,,,,,,,,,,,,,,,,,,,,,,,,,,,
,,,"Naughty (+Atk, -SpD)",,,,,,12 IV,,"Quiet (+SpA, -Spe)",,,,,,12 IV,,,,,,,,,,,,,,,,,,,,,,,,,,,,,,,,
,,,Agility,,,,--,--,30PP,,Agility,,,,--,--,30PP,,,,,,,,,,,,,,,,,,,,,,,,,,,,,,,,
,,,Dragon Pulse,,,,85б ‹,100%,10PP,,Dragon Pulse,,,,85б ‹,100%,10PP,,,,,,,,,,,,,,,,,,,,,,,,,,,,,,,,
,,,Aqua Tail,,,,90,90%,10PP,,Aqua Tail,,,,90,90%,10PP,,,,,,,,,,,,,,,,,,,,,,,,,,,,,,,,
,,,Safeguard,,,,--,--,25PP,,Safeguard,,,,--,--,25PP,,,,,,,,,,,,,,,,,,,,,,,,,,,,,,,,
,,,,,,,,,,,,,,,,,,,,,,,,,,,,,,,,,,,,,,,,,,,,,,,,,
,,,,,,,,,,,,,,,,,,,,,,,,,,,,,,,,,,,,,,,,,,,,,,,,,
,,,,,,,,,,,,,,,,,,,,,,,,,,,,,,,,,,,,,,,,,,,,,,,,,
,,,,#371 Bagon,,,,,Lv.31,,,#372 Shelgon,,,,,Lv.33,,,,,,,,,,,,,,,,,,,,,,,,,,,,,,,,
,,,,,DRAGON,,,,,,,,DRAGON,,,,,,,,,,,,,,,,,,,,,,,,,,,,,,,,,,,,
,,COLLECTOR EDWIN [276],HP,Atk,Def,SpA,SpD,Spe,Total,,HP,Atk,Def,SpA,SpD,Spe,Total,,,,,,,,,,,,,,,,,,,,,,,,,,,,,,,,
,,,45,75,60,40,30,50,300,,65,95,100,60,50,50,420,,,,,,,,,,,,,,,,,,,,,,,,,,,,,,,,
,,Collector on the right side of the table,,No Item,,,Rock Head,,,,,No Item,,,Rock Head,,,,,,,,,,,,,,,,,,,,,,,,,,,,,,,,,,
,,,"Quiet (+SpA, -Spe)",,,,,,12 IV,,"Brave (+Atk, -Spe)",,,,,,12 IV,,,,,,,,,,,,,,,,,,,,,,,,,,,,,,,,
,,,Dragon Claw,,,,80,100%,15PP,,Crunch,,,,80,100%,15PP,,,,,,,,,,,,,,,,,,,,,,,,,,,,,,,,
,,,Crunch,,,,80,100%,15PP,,Zen Headbutt,,,,80,90%,15PP,,,,,,,,,,,,,,,,,,,,,,,,,,,,,,,,
,,,Zen Headbutt,,,,80,90%,15PP,,Protect,,,,--,--,10PP,,,,,,,,,,,,,,,,,,,,,,,,,,,,,,,,
,,,Scary Face,,,,--,100%б Ћ,10PP,,Scary Face,,,,--,100%б Ћ,10PP,,,,,,,,,,,,,,,,,,,,,,,,,,,,,,,,
,,,,,,,,,,,,,,,,,,,,,,,,,,,,,,,,,,,,,,,,,,,,,,,,,
,,,,,,,,,,,,,,,,,,,,,,,,,,,,,,,,,,,,,,,,,,,,,,,,,
,,,,,,,,,,,,,,,,,,,,,,,,,,,,,,,,,,,,,,,,,,,,,,,,,
,,,,#036 Clefable,,,,,Lv.33,,,,,,,,,,,,,,,,,,,,,,,,,,,,,,,,,,,,,,,,
,,,,,FAIRYбћµ бћµ,,,,,,,,,,,,,,,,,,,,,,,,,,,,,,,,,,,,,,,,,,,,
,,WAITRESS KATI [366],HP,Atk,Def,SpA,SpD,Spe,Total,,,,,,,,,,,,,,,,,,,,,,,,,,,,,,,,,,,,,,,,
,,,95,70,73,95б Ћ,90,60,483б Ћ,,,,,,,,,,,,,,,,,,,,,,,,,,,,,,,,,,,,,,,,
,,She's the waitress against the back wall,,No Item,,,Cute Charm,,,,,,,,,,,,,,,,,,,,,,,,,,,,,,,,,,,,,,,,,,
,,,"Calm (+SpD, -Atk)",,,,,,12 IV,,,,,,,,,,,,,,,,,,,,,,,,,,,,,,,,,,,,,,,,
,,,Sing,,,,--,55%,15PP,,,,,,,,,,,,,,,,,,,,,,,,,,,,,,,,,,,,,,,,
,,,Double Slap,,,,15,85%,10PP,,,,,,,,,,,,,,,,,,,,,,,,,,,,,,,,,,,,,,,,
,,,Minimize,,,,--,--,10PPб ‹,,,,,,,,,,,,,,,,,,,,,,,,,,,,,,,,,,,,,,,,
,,,Metronome,,,,--,--,10PP,,,,,,,,,,,,,,,,,,,,,,,,,,,,,,,,,,,,,,,,
,,,,,,,,,,,,,,,,,,,,,,,,,,,,,,,,,,,,,,,,,,,,,,,,,
,,,,,,,,,,,,,,,,,,,,,,,,,,,,,,,,,,,,,,,,,,,,,,,,,
,,ROUTE 215,,,,,,,,,,,,,,,,,,,,,,,,,,,,,,,,,,,,,,,,,,,,,,,
,,,,,,,,,,,,,,,,,,,,,,,,,,,,,,,,,,,,,,,,,,,,,,,,,
,,,,,,,,,,,,,,,,,,,,,,,,,,,,,,,,,,,,,,,,,,,,,,,,,
,,,,#105 Marowak,,,,,Lv.33,,,#409 Rampardos,,,,,Lv.33,,,,,,,,,,,,,,,,,,,,,,,,,,,,,,,,
,,,,,GROUND,,,,,,,,ROCK,,,,,,,,,,,,,,,,,,,,,,,,,,,,,,,,,,,,
,,RUIN MANIAC CALVIN [304],HP,Atk,Def,SpA,SpD,Spe,Total,,HP,Atk,Def,SpA,SpD,Spe,Total,,,,,,,,,,,,,,,,,,,,,,,,,,,,,,,,
,,,60,80,110,50,80,45,425,,97,165,60,65,50,58,495,,,,,,,,,,,,,,,,,,,,,,,,,,,,,,,,
,,,,No Item,,,Rock Head,,,,,No Item,,,Rock Head (!),,,,,,,,,,,,,,,,,,,,,,,,,,,,,,,,,,
,,,"Lax (+Def, -SpD)",,,,,,12 IV,,"Adamant (+Atk, -SpA)",,,,,,12 IV,,,,,,,,,,,,,,,,,,,,,,,,,,,,,,,,
,,,Knock Off,,,,65б Ћ,100%,20PP,,Ancient Power,,,,60,100%,5PP,,,,,,,,,,,,,,,,,,,,,,,,,,,,,,,,
,,,Swords Dance,,,,--,--,20PPб Ћ,,Zen Headbutt,,,,80,90%,15PP,,,,,,,,,,,,,,,,,,,,,,,,,,,,,,,,
,,,Bone Rush,,,,25,90%б Ћ,10PP,,Endeavor,,,,--,100%,5PP,,,,,,,,,,,,,,,,,,,,,,,,,,,,,,,,
,,,Thrash,,,,120б Ћ,100%,10PPб ‹,,Screech,,,,--,85%,40PP,,,,,,,,,,,,,,,,,,,,,,,,,,,,,,,,
,,,,,,,,,,,,,,,,,,,,,,,,,,,,,,,,,,,,,,,,,,,,,,,,,
,,,,,,,,,,,,,,,,,,,,,,,,,,,,,,,,,,,,,,,,,,,,,,,,,
,,,,,,,,,,,,,,,,,,,,,,,,,,,,,,,,,,,,,,,,,,,,,,,,,
,,,,#405 Luxray,,,,,Lv.34,,,,,,,,,,,,,,,,,,,,,,,,,,,,,,,,,,,,,,,,
,,,,,ELECTRIC,,,DARKбћµ бћµ,,,,,,,,,,,,,,,,,,,,,,,,,,,,,,,,,,,,,,,,,
,,JOGGER CRAIG,HP,Atk,Def,SpA,SpD,Spe,Total,,,,,,,,,,,,,,,,,,,,,,,,,,,,,,,,,,,,,,,,
,,,80,120,79,95,79,70,523,,,,,,,,,,,,,,,,,,,,,,,,,,,,,,,,,,,,,,,,
,,Can be fought in the morning,,No Item,,,Intimidateбћµ бћµ,,,,,,,,,,,,,,,,,,,,,,,,,,,,,,,,,,,,,,,,,,
,,,Serious (Neutral),,,,,,12 IV,,,,,,,,,,,,,,,,,,,,,,,,,,,,,,,,,,,,,,,,
,,,Ice Fang,,,,65,95%,15PP,,,,,,,,,,,,,,,,,,,,,,,,,,,,,,,,,,,,,,,,
,,,Fire Fang,,,,65,95%,15PP,,,,,,,,,,,,,,,,,,,,,,,,,,,,,,,,,,,,,,,,
,,Jogs around a Max Ether,Roar,,,,--,--,20PP,,,,,,,,,,,,,,,,,,,,,,,,,,,,,,,,,,,,,,,,
,,(JOGS IN A CIRCLE),Crunch,,,,80,100%,15PP,,,,,,,,,,,,,,,,,,,,,,,,,,,,,,,,,,,,,,,,
,,,,,,,,,,,,,,,,,,,,,,,,,,,,,,,,,,,,,,,,,,,,,,,,,
,,,,,,,,,,,,,,,,,,,,,,,,,,,,,,,,,,,,,,,,,,,,,,,,,
,,,,,,,,,,,,,,,,,,,,,,,,,,,,,,,,,,,,,,,,,,,,,,,,,
,,,,#256 Combusken,,,,,Lv.34,,,#106 Hitmonlee,,,,,Lv.34,,,,,,,,,,,,,,,,,,,,,,,,,,,,,,,,
,,,,,FIRE,,,FIGHTING,,,,,FIGHTING,,,,,,,,,,,,,,,,,,,,,,,,,,,,,,,,,,,,
,,BLACK BELT DEREK [128],HP,Atk,Def,SpA,SpD,Spe,Total,,HP,Atk,Def,SpA,SpD,Spe,Total,,,,,,,,,,,,,,,,,,,,,,,,,,,,,,,,
,,,60,85,60,85,60,55,405,,50,120,53,35,110,87,455,,,,,,,,,,,,,,,,,,,,,,,,,,,,,,,,
,,Black Belt under the bridge,,No Item,,,Speed Boost (!),,,,,No Item,,,Reckless бћµ,,,,,,,,,,,,,,,,,,,,,,,,,,,,,,,,,,
,,,Quirky (Neutral),,,,,,24 IV,,"Relaxed (+Def, -Spe)",,,,,,24 IV,,,,,,,,,,,,,,,,,,,,,,,,,,,,,,,,
,,,Fire Punch,,,,75,100%,15PP,,Jump Kick,,,,100б Ћ,95%,10PPб ‹,,,,,,,,,,,,,,,,,,,,,,,,,,,,,,,,
,,,Focus Energy,,,,--,--,30PP,,High Jump Kick,,,,130б Ћ,90%,10PPб ‹,,,,,,,,,,,,,,,,,,,,,,,,,,,,,,,,
,,,Sky Uppercut,,,,85,90%,15PP,,Feint,,,,30б ‹,100%,10PP,,,,,,,,,,,,,,,,,,,,,,,,,,,,,,,,
,,(LOOKS LEFT AND RIGHT),Flamethrower,,,,90б ‹,100%,15PP,,Endure,,,,--,--,10PP,,,,,,,,,,,,,,,,,,,,,,,,,,,,,,,,
,,,,,,,,,,,,,,,,,,,,,,,,,,,,,,,,,,,,,,,,,,,,,,,,,
,,,,,,,,,,,,,,,,,,,,,,,,,,,,,,,,,,,,,,,,,,,,,,,,,
,,,,,,,,,,,,,,,,,,,,,,,,,,,,,,,,,,,,,,,,,,,,,,,,,
,,,,#057 Primeape,,,,,Lv.34,,,#107 Hitmonchan,,,,,Lv.34,,,,,,,,,,,,,,,,,,,,,,,,,,,,,,,,
,,,,,FIGHTING,,,,,,,,FIGHTING,,,,,,,,,,,,,,,,,,,,,,,,,,,,,,,,,,,,
,,BLACK BELT GREGORY [127],HP,Atk,Def,SpA,SpD,Spe,Total,,HP,Atk,Def,SpA,SpD,Spe,Total,,,,,,,,,,,,,,,,,,,,,,,,,,,,,,,,
,,,65,105,60,60,70,95,455,,50,105,79,35,110,76,455,,,,,,,,,,,,,,,,,,,,,,,,,,,,,,,,
,,When you choose to not walk under the bridge you fight this Black Belt,,No Item,,,Vital Spirit,,,,,No Item,,,Iron Fistбћµ бћµ,,,,,,,,,,,,,,,,,,,,,,,,,,,,,,,,,,
,,,"Quiet (+SpA, -Spe)",,,,,,24 IV,,"Relaxed (+Def, -Spe)",,,,,,24 IV,,,,,,,,,,,,,,,,,,,,,,,,,,,,,,,,
,,,Assurance,,,,60б Ћ,100%,10PP,,Ice Punch,,,,75,100%,15PP,,,,,,,,,,,,,,,,,,,,,,,,,,,,,,,,
,,He guards the Black Glasses,Rage,,,,20,100%,20PP,,Fire Punch,,,,75,100%,15PP,,,,,,,,,,,,,,,,,,,,,,,,,,,,,,,,
,,,Punishment,,,,--,100%,5PP,,Feint,,,,30б ‹,100%,10PP,,,,,,,,,,,,,,,,,,,,,,,,,,,,,,,,
,,,Night Slash,,,,70,100%,15PP,,Detect,,,,--,--,5PP,,,,,,,,,,,,,,,,,,,,,,,,,,,,,,,,
,,,,,,,,,,,,,,,,,,,,,,,,,,,,,,,,,,,,,,,,,,,,,,,,,
,,,,,,,,,,,,,,,,,,,,,,,,,,,,,,,,,,,,,,,,,,,,,,,,,
,,,,,,,,,,,,,,,,,,,,,,,,,,,,,,,,,,,,,,,,,,,,,,,,,
,,,,#067 Machoke,,,,,Lv.34,,,#237 Hitmontop,,,,,Lv.34,,,,,,,,,,,,,,,,,,,,,,,,,,,,,,,,
,,,,,FIGHTING,,,,,,,,FIGHTING,,,,,,,,,,,,,,,,,,,,,,,,,,,,,,,,,,,,
,,BLACK BELT NATHANIEL [129],HP,Atk,Def,SpA,SpD,Spe,Total,,HP,Atk,Def,SpA,SpD,Spe,Total,,,,,,,,,,,,,,,,,,,,,,,,,,,,,,,,
,,,80,100,70,50,60,45,405,,50,95,95,35,110,70,455,,,,,,,,,,,,,,,,,,,,,,,,,,,,,,,,
,,Black Belt behind the tree,,No Item,,,Guts,,,,,No Item,,,Technician бћµ,,,,,,,,,,,,,,,,,,,,,,,,,,,,,,,,,,
,,,"Naughty (+Atk, -SpD)",,,,,,24 IV,,"Rash (+SpA, -SpD)",,,,,,24 IV,,,,,,,,,,,,,,,,,,,,,,,,,,,,,,,,
,,,Vital Throw,,,,70,--,10PP,,Quick Attack,,,,40,100%,30PP,,,,,,,,,,,,,,,,,,,,,,,,,,,,,,,,
,,,Wake-Up Slap,,,,70б Ћ,100%,10PP,,Triple Kick,,,,10,90%,10PP,,,,,,,,,,,,,,,,,,,,,,,,,,,,,,,,
,,,Payback,,,,50,100%,10PP,,Feint,,,,30б ‹,100%,10PP,,,,,,,,,,,,,,,,,,,,,,,,,,,,,,,,
,,,Counter,,,,--,100%,20PP,,Detect,,,,--,--,5PP,,,,,,,,,,,,,,,,,,,,,,,,,,,,,,,,
,,,,,,,,,,,,,,,,,,,,,,,,,,,,,,,,,,,,,,,,,,,,,,,,,
,,,,,,,,,,,,,,,,,,,,,,,,,,,,,,,,,,,,,,,,,,,,,,,,,
,,,,,,,,,,,,,,,,,,,,,,,,,,,,,,,,,,,,,,,,,,,,,,,,,
,,,,#398 Staraptor,,,,,Lv.34,,,,,,,,,,,,,,,,,,,,,,,,,,,,,,,,,,,,,,,,
,,,,,NORMAL,,,FLYING,,,,,,,,,,,,,,,,,,,,,,,,,,,,,,,,,,,,,,,,,
,,JOGGER SCOTT [130],HP,Atk,Def,SpA,SpD,Spe,Total,,,,,,,,,,,,,,,,,,,,,,,,,,,,,,,,,,,,,,,,
,,,85,120,70,50,60б Ћ,100,485б Ћ,,,,,,,,,,,,,,,,,,,,,,,,,,,,,,,,,,,,,,,,
,,,,No Item,,,Reckless (!),,,,,,,,,,,,,,,,,,,,,,,,,,,,,,,,,,,,,,,,,,
,,,"Brave (+Atk, -Spe)",,,,,,12 IV,,,,,,,,,,,,,,,,,,,,,,,,,,,,,,,,,,,,,,,,
,,,Facade,,,,70,100%,20PP,,,,,,,,,,,,,,,,,,,,,,,,,,,,,,,,,,,,,,,,
,,,Endeavor,,,,--,100%,5PP,,,,,,,,,,,,,,,,,,,,,,,,,,,,,,,,,,,,,,,,
,,,Whirlwind,,,,--,100%,20PP,,,,,,,,,,,,,,,,,,,,,,,,,,,,,,,,,,,,,,,,
,,(JOGS),Close Combat,,,,120,100%,5PP,,,,,,,,,,,,,,,,,,,,,,,,,,,,,,,,,,,,,,,,
,,,,,,,,,,,,,,,,,,,,,,,,,,,,,,,,,,,,,,,,,,,,,,,,,
,,,,,,,,,,,,,,,,,,,,,,,,,,,,,,,,,,,,,,,,,,,,,,,,,
,,,,,,,,,,,,,,,,,,,,,,,,,,,,,,,,,,,,,,,,,,,,,,,,,
,,,,#108 Lickitung,,,,,Lv.35,,,#282 Gardevoir,,,,,Lv.35,,,#407 Roserade,,,,,Lv.35,,,,,,,,,,,,,,,,,,,,,,,,
,,,,,NORMAL,,,,,,,,PSYCHIC,,,FAIRYбћµ бћµ,,,,,GRASS,,,POISON,,,,,,,,,,,,,,,,,,,,,,,,,
,,ACE TRAINER MAYA [287],HP,Atk,Def,SpA,SpD,Spe,Total,,HP,Atk,Def,SpA,SpD,Spe,Total,,HP,Atk,Def,SpA,SpD,Spe,Total,,,,,,,,,,,,,,,,,,,,,,,,
,,,90,55,75,60,75,30,385,,68,65,65,125,115,80,518,,60,70,65б Ћ,125,105,90,515б Ћ,,,,,,,,,,,,,,,,,,,,,,,,
,,Can be fought alone or with Ace Trainer Dennis in a double battle,,No Item,,,Own Tempo,,,,,No Item,,,Synchronize,,,,,No Item,,,Technician (!),,,,,,,,,,,,,,,,,,,,,,,,,,
,,,Quirky (Neutral),,,,,,31 IV,,"Adamant (+Atk, -SpA)",,,,,,31 IV,,"Calm (+SpD, -Atk)",,,,,,31 IV,,,,,,,,,,,,,,,,,,,,,,,,
,,,Body Slam,,,,85,100%,15PP,,Psychic,,,,90,100%,10PP,,Giga Drain,,,,75б Ћ,100%,10PP,,,,,,,,,,,,,,,,,,,,,,,,
,,,Zen Headbutt,,,,80,90%,15PP,,Magical Leaf,,,,60,--,20PP,,Sludge Bomb,,,,90,100%,10PP,,,,,,,,,,,,,,,,,,,,,,,,
,,,Knock Off,,,,65б Ћ,100%,20PP,,Shadow Ball,,,,80,100%,15PP,,Weather Ball,,,,50,100%,10PP,,,,,,,,,,,,,,,,,,,,,,,,
,,,Aqua Tail,,,,90,90%,10PP,,Dazzling Gleam (!),,,,80,100%,10PP,,Stun Spore,,,,--,75%,30PP,,,,,,,,,,,,,,,,,,,,,,,,
,,,,,,,,,,,,,,,,,,,,,,,,,,,,,,,,,,,,,,,,,,,,,,,,,
,,,,,,,,,,,,,,,,,,,,,,,,,,,,,,,,,,,,,,,,,,,,,,,,,
,,,,#207 Gligar,,,,,Lv.35,,,#130 Gyarados,,,,,Lv.35,,,#426 Drifblim,,,,,Lv.35,,,,,,,,,,,,,,,,,,,,,,,,
,,,,,GROUND,,,FLYING,,,,,WATER,,,FLYING,,,,,GHOST,,,FLYING,,,,,,,,,,,,,,,,,,,,,,,,,
,,ACE TRAINER DENNIS [278],HP,Atk,Def,SpA,SpD,Spe,Total,,HP,Atk,Def,SpA,SpD,Spe,Total,,HP,Atk,Def,SpA,SpD,Spe,Total,,,,,,,,,,,,,,,,,,,,,,,,
,,,65,75,105,35,65,85,430,,95,125,79,60,100,81,540,,150,80,44,90,54,80,498,,,,,,,,,,,,,,,,,,,,,,,,
,,Can be fought alone or with Ace Trainer Maya in a double battle,,No Item,,,Immunity (!),,,,,No Item,,,Intimidate,,,,,No Item,,,Unburdenбћµ бћµ,,,,,,,,,,,,,,,,,,,,,,,,,,
,,,"Quiet (+SpA, -Spe)",,,,,,31 IV,,"Naive (+Spe, -SpD)",,,,,,31 IV,,"Gentle (+SpD, -Def)",,,,,,31 IV,,,,,,,,,,,,,,,,,,,,,,,,
,,,Wing Attack,,,,60,100%,35PP,,Aqua Tail,,,,90,90%,10PP,,Shadow Ball,,,,80,100%,15PP,,,,,,,,,,,,,,,,,,,,,,,,
,,,Protect,,,,--,--,10PP,,Crunch,,,,80,100%,15PP,,Air Slash,,,,75,95%,15PPб ‹,,,,,,,,,,,,,,,,,,,,,,,,
,,,X-Scissor,,,,80,100%,15PP,,Ice Fang,,,,65,95%,15PP,,Destiny Bond,,,,--,--,5PP,,,,,,,,,,,,,,,,,,,,,,,,
,,,Brick Break,,,,75,100%,15PP,,Bounce,,,,85,85%,5PP,,Amnesia,,,,--,--,20PP,,,,,,,,,,,,,,,,,,,,,,,,
,,,,,,,,,,,,,,,,,,,,,,,,,,,,,,,,,,,,,,,,,,,,,,,,,
,,,,,,,,,,,,,,,,,,,,,,,,,,,,,,,,,,,,,,,,,,,,,,,,,
,,VEILSTONE CITY,,,,,,,,,,,,,,,,,,,,,,,,,,,,,,,,,,,,,,,,,,,,,,,
,,,,,,,,,,,,,,,,,,,,,,,,,,,,,,,,,,,,,,,,,,,,,,,,,
,,VEILSTONE CITY POKEMON CENTER,,,,,,,,,,,,,,,,,,,,,,,,,,,,,,,,,,,,,,,,,,,,,,,
,,,,,,,,,,,,,,,,,,,,,,,,,,,,,,,,,,,,,,,,,,,,,,,,,
,,,,,,,,,,,,,,,,,,,,,,,,,,,,,,,,,,,,,,,,,,,,,,,,,
,,,,#148 Dragonair,,,,,Lv.35,,,#372 Shelgon,,,,,Lv.35,,,#329 Vibrava,,,,,Lv.35,,,#230 Kingdra,,,,,Lv.36,,,,,,,,,,,,,,,,
,,,,,DRAGON,,,,,,,,DRAGON,,,,,,,,BUGбћµ бћµ,,,DRAGON,,,,,WATER,,,DRAGON,,,,,,,,,,,,,,,,,
,,DRAGON TAMER NILS [935],HP,Atk,Def,SpA,SpD,Spe,Total,,HP,Atk,Def,SpA,SpD,Spe,Total,,HP,Atk,Def,SpA,SpD,Spe,Total,,HP,Atk,Def,SpA,SpD,Spe,Total,,,,,,,,,,,,,,,,
,,,61,84,65,70,70,70,420,,65,95,100,60,50,50,420,,60б Ћ,80б Ћ,55б Ћ,90б Ћ,55б Ћ,70,410б Ћ,,75,95,95,95,95,85,540,,,,,,,,,,,,,,,,
,,,,No Item,,,Marvel Scale (!),,,,,No Item,,,Rock Head,,,,,No Item,,,Compoundeyes (!),,,,,No Item,,,Swift Swim,,,,,,,,,,,,,,,,,,
,,,"Naughty (+Atk, -SpD)",,,,,,30 IV,,"Rash (+SpA, -SpD)",,,,,,30 IV,,"Careful (+SpD, -SpA)",,,,,,30 IV,,"Brave (+Atk, -Spe)",,,,,,30 IV,,,,,,,,,,,,,,,,
,,,Dragon Pulse,,,,85б ‹,100%,10PP,,Zen Headbutt,,,,80,90%,15PP,,Signal Beam,,,,75,100%,15PP,,Muddy Water,,,,90б ‹,85%,10PP,,,,,,,,,,,,,,,,
,,,Aqua Tail,,,,90,90%,10PP,,Dragon Claw,,,,80,100%,15PP,,Earth Power,,,,90,100%,10PP,,Dragon Pulse,,,,85б ‹,100%,10PP,,,,,,,,,,,,,,,,
,,Gives you a Dragon Scale once defeated,Thunderbolt,,,,90б ‹,100%,15PP,,Crunch,,,,80,100%,15PP,,Dragon Breath,,,,60,100%,20PP,,Aurora Beam,,,,75б Ћ,100%,15PPб ‹,,,,,,,,,,,,,,,,
,,,Agility,,,,--,--,30PP,,Scary Face,,,,--,100%б Ћ,10PP,,Rock Slide,,,,75,90%,10PP,,Yawn,,,,--,--,10PP,,,,,,,,,,,,,,,,
,,,,,,,,,,,,,,,,,,,,,,,,,,,,,,,,,,,,,,,,,,,,,,,,,
,,,,,,,,,,,,,,,,,,,,,,,,,,,,,,,,,,,,,,,,,,,,,,,,,
,,,,,,,,,,,,,,,,,,,,,,,,,,,,,,,,,,,,,,,,,,,,,,,,,
,,,,#082 Magneton,,,,,Lv.30,,,#281 Kirlia,,,,,Lv.30,,,,,,,,,,,,,,,,,,,,,,,,,,,,,,,,
,,,,,ELECTRIC,,,STEEL,,,,,PSYCHIC,,,FAIRYбћµ бћµ,,,,,,,,,,,,,,,,,,,,,,,,,,,,,,,,,
,,INTERVWRS ROXYпј†OLI [883],HP,Atk,Def,SpA,SpD,Spe,Total,,HP,Atk,Def,SpA,SpD,Spe,Total,,,,,,,,,,,,,,,,,,,,,,,,,,,,,,,,
,,DOUBLE BATTLE,50,60,95,120,70,70,465,,38,35,35,95б Ћ,85б Ћ,50,338б Ћ,,,,,,,,,,,,,,,,,,,,,,,,,,,,,,,,
,,,,No Item,,,Magnet Pull,,,,,No Item,,,Synchronize,,,,,,,,,,,,,,,,,,,,,,,,,,,,,,,,,,
,,,Hardy (Neutral),,,,,,12 IV,,"Lax (+Def, -SpD)",,,,,,12 IV,,,,,,,,,,,,,,,,,,,,,,,,,,,,,,,,
,,,Mirror Shot,,,,65,85%,10PP,,Draining Kiss (!),,,,75б Ћ,100%,10PP,,,,,,,,,,,,,,,,,,,,,,,,,,,,,,,,
,,,Metal Sound,,,,--,85%,40PP,,Magical Leaf,,,,60,--,20PP,,,,,,,,,,,,,,,,,,,,,,,,,,,,,,,,
,,,Discharge,,,,80,100%,15PP,,Hypnosis,,,,--,60%б ‹,20PP,,,,,,,,,,,,,,,,,,,,,,,,,,,,,,,,
,,,Tri Attack,,,,80,100%,10PP,,Psychic,,,,90,100%,10PP,,,,,,,,,,,,,,,,,,,,,,,,,,,,,,,,
,,,,,,,,,,,,,,,,,,,,,,,,,,,,,,,,,,,,,,,,,,,,,,,,,
,,,,,,,,,,,,,,,,,,,,,,,,,,,,,,,,,,,,,,,,,,,,,,,,,
,,VEILSTONE CITY GYM,,,,,,,,,,,,,,,,,,,,,,,,,,,,,,,,,,,,,,,,,,,,,,,
,,,,,,,,,,,,,,,,,,,,,,,,,,,,,,,,,,,,,,,,,,,,,,,,,
,,,,,,,,,,,,,,,,,,,,,,,,,,,,,,,,,,,,,,,,,,,,,,,,,
,,,,#066 Machop,,,,,Lv.33,,,#307 Meditite,,,,,Lv.33,,,#453 Croagunk,,,,,Lv.33,,,#056 Mankey,,,,,Lv.33,,,#296 Makuhita,,,,,Lv.33,,,,,,,,
,,,,,FIGHTING,,,,,,,,FIGHTING,,,PSYCHIC,,,,,POISON,,,FIGHTING,,,,,FIGHTING,,,,,,,,FIGHTING,,,,,,,,,,,,
,,BLACK BELT COLBY [309],HP,Atk,Def,SpA,SpD,Spe,Total,,HP,Atk,Def,SpA,SpD,Spe,Total,,HP,Atk,Def,SpA,SpD,Spe,Total,,HP,Atk,Def,SpA,SpD,Spe,Total,,HP,Atk,Def,SpA,SpD,Spe,Total,,,,,,,,
,,,70,80,50,35,35,35,305,,30,40,55,60б Ћ,55,60,300б Ћ,,48,61,40,61,40,50,300,,40,80,35,35,45,70,305,,72,60,30,20,30,25,237,,,,,,,,
,,Bottom right Black Belt.,,No Item,,,Guts,,,,,No Item,,,Pure Power,,,,,No Item,,,Dry Skinбћµ бћµ,,,,,No Item,,,Vital Spirit,,,,,No Item,,,Thick Fat,,,,,,,,,,
,,Standing on a boxing ring,"Brave (+Atk, -Spe)",,,,,,24 IV,,Serious (Neutral),,,,,,24 IV,,"Adamant (+Atk, -SpA)",,,,,,24 IV,,"Calm (+SpD, -Atk)",,,,,,24 IV,,"Naughty (+Atk, -SpD)",,,,,,24 IV,,,,,,,,
,,,Vital Throw,,,,70,--,10PP,,Psycho Cut,,,,70,100%,20PP,,Swagger,,,,--,85%б ‹,15PP,,Cross Chop,,,,100,80%,5PP,,Wake-Up Slap,,,,70б Ћ,100%,10PP,,,,,,,,
,,,Wake-Up Slap,,,,70б Ћ,100%,10PP,,Calm Mind,,,,--,--,20PP,,Mud Bomb,,,,65,85%,10PP,,Assurance,,,,60б Ћ,100%,10PP,,Revenge,,,,60,100%,10PP,,,,,,,,
,,,Payback,,,,50,100%,10PP,,Mind Reader,,,,--,--,5PP,,Poison Jab,,,,80,100%,20PP,,Punishment,,,,--,100%,5PP,,Seismic Toss,,,,--,100%,20PP,,,,,,,,
,,(LOOKING AROUND),Counter,,,,--,100%,20PP,,High Jump Kick,,,,130б Ћ,90%,10PPб ‹,,Drain Punch,,,,75б Ћ,100%,10PPб Ћ,,Night Slash,,,,70,100%,15PP,,Cross Chop,,,,100,80%,5PP,,,,,,,,
,,,,,,,,,,,,,,,,,,,,,,,,,,,,,,,,,,,,,,,,,,,,,,,,,
,,,,,,,,,,,,,,,,,,,,,,,,,,,,,,,,,,,,,,,,,,,,,,,,,
,,,,,,,,,,,,,,,,,,,,,,,,,,,,,,,,,,,,,,,,,,,,,,,,,
,,,,#057 Primeape,,,,,Lv.35,,,#297 Hariyama,,,,,Lv.35,,,#286 Breloom,,,,,Lv.35,,,,,,,,,,,,,,,,,,,,,,,,
,,,,,FIGHTING,,,,,,,,FIGHTING,,,,,,,,GRASS,,,FIGHTING,,,,,,,,,,,,,,,,,,,,,,,,,
,,BLACK BELT DARREN [310],HP,Atk,Def,SpA,SpD,Spe,Total,,HP,Atk,Def,SpA,SpD,Spe,Total,,HP,Atk,Def,SpA,SpD,Spe,Total,,,,,,,,,,,,,,,,,,,,,,,,
,,,65,105,60,60,70,95,455,,144,120,60,40,60,50,474,,60,130,80,60,60,70,460,,,,,,,,,,,,,,,,,,,,,,,,
,,Top right Black Belt.,,No Item,,,Vital Spirit,,,,,No Item,,,Thick Fat,,,,,No Item,,,Technician (!),,,,,,,,,,,,,,,,,,,,,,,,,,
,,Standing on a boxing ring,Quirky (Neutral),,,,,,24 IV,,"Impish (+Def, -SpA)",,,,,,24 IV,,"Mild (+SpA, -Def)",,,,,,24 IV,,,,,,,,,,,,,,,,,,,,,,,,
,,,Cross Chop,,,,100,80%,5PP,,Revenge,,,,60,100%,10PP,,Spore,,,,--,100%,15PP,,,,,,,,,,,,,,,,,,,,,,,,
,,,Night Slash,,,,70,100%,15PP,,Knock Off,,,,65б Ћ,100%,20PP,,Bullet Seed,,,,25б Ћ,100%,30PP,,,,,,,,,,,,,,,,,,,,,,,,
,,,Focus Energy,,,,--,--,30PP,,Bullet Punch,,,,40,100%,30PP,,Drain Punch,,,,75б Ћ,100%,10PPб Ћ,,,,,,,,,,,,,,,,,,,,,,,,
,,(LOOKING AROUND),Swagger,,,,--,85%б ‹,15PP,,Fake Out,,,,40,100%,10PP,,Mach Punch,,,,40,100%,30PP,,,,,,,,,,,,,,,,,,,,,,,,
,,,,,,,,,,,,,,,,,,,,,,,,,,,,,,,,,,,,,,,,,,,,,,,,,
,,,,,,,,,,,,,,,,,,,,,,,,,,,,,,,,,,,,,,,,,,,,,,,,,
,,,,,,,,,,,,,,,,,,,,,,,,,,,,,,,,,,,,,,,,,,,,,,,,,
,,,,#107 Hitmonchan,,,,,Lv.35,,,#106 Hitmonlee,,,,,Lv.35,,,#237 Hitmontop,,,,,Lv.35,,,,,,,,,,,,,,,,,,,,,,,,
,,,,,FIGHTING,,,,,,,,FIGHTING,,,,,,,,FIGHTING,,,,,,,,,,,,,,,,,,,,,,,,,,,,
,,BLACK BELT RAFAEL [311],HP,Atk,Def,SpA,SpD,Spe,Total,,HP,Atk,Def,SpA,SpD,Spe,Total,,HP,Atk,Def,SpA,SpD,Spe,Total,,,,,,,,,,,,,,,,,,,,,,,,
,,,50,105,79,35,110,76,455,,50,120,53,35,110,87,455,,50,95,95,35,110,70,455,,,,,,,,,,,,,,,,,,,,,,,,
,,Black Belt standing next to the stairs of the boxing ring,,No Item,,,Iron Fistбћµ бћµ,,,,,No Item,,,Reckless бћµ,,,,,No Item,,,Technician бћµ,,,,,,,,,,,,,,,,,,,,,,,,,,
,,,Bashful (Neutral),,,,,,24 IV,,"Naive (+Spe, -SpD)",,,,,,24 IV,,Docile (Neutral),,,,,,24 IV,,,,,,,,,,,,,,,,,,,,,,,,
,,,Close Combat,,,,120,100%,5PP,,High Jump Kick,,,,130б Ћ,90%,10PPб ‹,,Close Combat,,,,120,100%,5PP,,,,,,,,,,,,,,,,,,,,,,,,
,,,Thunder Punch,,,,75,100%,15PP,,Focus Energy,,,,--,--,30PP,,Quick Attack,,,,40,100%,30PP,,,,,,,,,,,,,,,,,,,,,,,,
,,,Ice Punch,,,,75,100%,15PP,,Fake Out,,,,40,100%,10PP,,Fake Out,,,,40,100%,10PP,,,,,,,,,,,,,,,,,,,,,,,,
,,,Fire Punch,,,,75,100%,15PP,,Mach Punch,,,,40,100%,30PP,,Focus Energy,,,,--,--,30PP,,,,,,,,,,,,,,,,,,,,,,,,
,,,,,,,,,,,,,,,,,,,,,,,,,,,,,,,,,,,,,,,,,,,,,,,,,
,,,,,,,,,,,,,,,,,,,,,,,,,,,,,,,,,,,,,,,,,,,,,,,,,
,,,,,,,,,,,,,,,,,,,,,,,,,,,,,,,,,,,,,,,,,,,,,,,,,
,,,,#214 Heracross,,,,,Lv.36,,,#062 Poliwrath,,,,,Lv.36,,,,,,,,,,,,,,,,,,,,,,,,,,,,,,,,
,,,,,BUG,,,FIGHTING,,,,,WATER,,,FIGHTING,,,,,,,,,,,,,,,,,,,,,,,,,,,,,,,,,
,,BLACK BELT JEFFERY [312],HP,Atk,Def,SpA,SpD,Spe,Total,,HP,Atk,Def,SpA,SpD,Spe,Total,,,,,,,,,,,,,,,,,,,,,,,,,,,,,,,,
,,,80,125,75,40,95,85,500,,90,95б Ћ,95,70,90,70,510б Ћ,,,,,,,,,,,,,,,,,,,,,,,,,,,,,,,,
,,Last Black Belt of the gym. He's standing in the top left corner,,No Item,,,Guts бћµ,,,,,No Item,,,Water Absorb,,,,,,,,,,,,,,,,,,,,,,,,,,,,,,,,,,
,,,"Relaxed (+Def, -Spe)",,,,,,24 IV,,"Mild (+SpA, -Def)",,,,,,24 IV,,,,,,,,,,,,,,,,,,,,,,,,,,,,,,,,
,,,Bug Bite,,,,60,100%,20PP,,Hypnosis,,,,--,60%б ‹,20PP,,,,,,,,,,,,,,,,,,,,,,,,,,,,,,,,
,,,Brick Break,,,,75,100%,15PP,,Waterfall,,,,80,100%,15PP,,,,,,,,,,,,,,,,,,,,,,,,,,,,,,,,
,,,Aerial Ace,,,,60,--,20PP,,Wake-Up Slap,,,,70б Ћ,100%,10PP,,,,,,,,,,,,,,,,,,,,,,,,,,,,,,,,
,,(LOOKS DOWN AND LEFT),Knock Off,,,,65б Ћ,100%,20PP,,Vacuum Wave,,,,40,100%,30PP,,,,,,,,,,,,,,,,,,,,,,,,,,,,,,,,
,,,,,,,,,,,,,,,,,,,,,,,,,,,,,,,,,,,,,,,,,,,,,,,,,
,,,,,,,,,,,,,,,,,,,,,,,,,,,,,,,,,,,,,,,,,,,,,,,,,
,,,,,,,,,,,,,,,,,,,,,,,,,,,,,,,,,,,,,,,,,,,,,,,,,
,,,,#308 Medicham,,,,,Lv.38,,,#068 Machamp,,,,,Lv.38,,,#392 Infernape,,,,,Lv.38,,,#454 Toxicroak,,,,,Lv.38,,,#475 Gallade,,,,,Lv.38,,,#448 Lucario,,,,,Lv.39
,,,,,FIGHTING,,,PSYCHIC,,,,,FIGHTING,,,,,,,,FIRE,,,FIGHTING,,,,,POISON,,,FIGHTING,,,,,PSYCHIC,,,FIGHTING,,,,,FIGHTING,,,STEEL,
,,GYM LEADER MAYLENE [317],HP,Atk,Def,SpA,SpD,Spe,Total,,HP,Atk,Def,SpA,SpD,Spe,Total,,HP,Atk,Def,SpA,SpD,Spe,Total,,HP,Atk,Def,SpA,SpD,Spe,Total,,HP,Atk,Def,SpA,SpD,Spe,Total,,HP,Atk,Def,SpA,SpD,Spe,Total
,,,60,60,80б Ћ,80б Ћ,80б Ћ,90б Ћ,450б Ћ,,90,130,80,65,85,55,505,,76,104,71,104,71,109б Ћ,535б Ћ,,83,106,65,86,65,85,490,,68,125,65,65,115,80,518,,70,110,70,115,70,90,525
,,can use : 2 HYPER POTIONS,,Sitrus Berry,,,Pure Power,,,,,Toxic Orb,,,Guts,,,,,Life Orb,,,Iron Fist (!),,,,,Big Root,,,Dry Skinбћµ бћµ,,,,,Light Clay,,,Steadfast,,,,,Focus Sash,,,Adaptability (!),,
,,,"Naive (+Spe, -SpD)",,,,,,30 IV,,"Relaxed (+Def, -Spe)",,,,,,30 IV,,"Hasty (+Spe, -Def)",,,,,,30 IV,,"Lonely (+Atk, -Def)",,,,,,30 IV,,"Brave (+Atk, -Spe)",,,,,,30 IV,,"Timid (+Spe, -Atk)",,,,,,29 IV
,,,High Jump Kick,,,,130б Ћ,90%,10PPб ‹,,Close Combat,,,,120,100%,5PP,,Close Combat,,,,120,100%,5PP,,Drain Punch,,,,75б Ћ,100%,10PPб Ћ,,Drain Punch,,,,75б Ћ,100%,10PPб Ћ,,Aura Sphere,,,,80б ‹,--,20PP
,,,Zen Headbutt,,,,80,90%,15PP,,Payback,,,,50,100%,10PP,,Rock Slide,,,,75,90%,10PP,,Poison Jab,,,,80,100%,20PP,,Zen Headbutt,,,,80,90%,15PP,,Flash Cannon,,,,80,100%,10PP
,,,Ice Punch,,,,75,100%,15PP,,Thunder Punch,,,,75,100%,15PP,,Fire Punch,,,,75,100%,15PP,,Ice Punch,,,,75,100%,15PP,,Light Screen,,,,--,--,30PP,,Dark Pulse,,,,80,100%,15PP
,,Gifts TM60s Drain Punch when beaten,Fake Out,,,,40,100%,10PP,,Protect,,,,--,--,10PP,,Mach Punch,,,,40,100%,30PP,,Sucker Punch,,,,70б ‹,100%,5PP,,Reflect,,,,--,--,20PP,,Agility,,,,--,--,30PP