,,ROARK SPLIT,,,,,LVL CAP : 16,,,,,,,,,,,,,,,,,,,,,,,,,,,,,,,,,,,,,,,,,,
,,,,,,,,,,,,,,,,,,,,,,,,,,,,,,,,,,,,,,,,,,,,,,,,,
,,,,,,,,,,,,,,,,,,,,,,,,,,,,,,,,,,,,,,,,,,,,,,,,,
,,,,#000 Pokemon,,,,,Lv.00,,Icon,#000 Pokemon,,,,,Lv.00,,Icon,#000 Pokemon,,,,,Lv.00,,Icon,#000 Pokemon,,,,,Lv.00,,Icon,#000 Pokemon,,,,,Lv.00,,Icon,#000 Pokemon,,,,,Lv.00
,,,,,TYPE I,,,TYPE II,,,,,TYPE I,,,TYPE II,,,,,NEW I,,,TYPE II,,,,,TYPE I,,,NEW II,,,,,TYPE I,,,TYPE II,,,,,TYPE I,,,TYPE II,
,,MandatoryOptional,HP,Atk,Def,SpA,SpD,Spe,Total,,HP,Atk,Def,SpA,SpD,Spe,Total,,HP,Atk,Def,SpA,SpD,Spe,Total,,HP,Atk,Def,SpA,SpD,Spe,Total,,HP,Atk,Def,SpA,SpD,Spe,Total,,HP,Atk,Def,SpA,SpD,Spe,Total
,,Conditions,Stats,,,,,,,,Stats,,,,,,,,Stats,,,,,,,,Stats,,,,,,,,Increased Stats᠎,,,,,,,,Decreased Stats᠋,,,,,,
,,Situated,Icon,Held Item,,,Ability I,,,,Icon,Held Item,,,Ability I,,,,Icon,Held Item,,,Ability I,,,,Icon,Held Item,,,Ability I,,,,Icon,Held Item,,,Switched Ability឵,,,,Icon,Held Item,,,New Ability (!),,
,,Use,"Nature (+Stat, -Stat)",,,,,,00 IV,,"Nature (+Stat, -Stat)",,,,,,00 IV,,"Nature (+Stat, -Stat)",,,,,,00 IV,,"Nature (+Stat, -Stat)",,,,,,00 IV,,"Nature (+Stat, -Stat)",,,,,,00 IV,,"Nature (+Stat, -Stat)",,,,,,00 IV
,,Move,New Attack 1 (!),,,Type,Pow,Acc,PP,,Attack 1,,,NEW,Pow,Acc,PP,,Attack 1,,,Type,Pow,Acc,PP,,Attack 1,,,Type,Pow,Acc,PP,,Attack 1,,,Type,Increased Stats᠎,,,,Attack 1,,,Type,Decreased Stats᠋,,
,,Info,New Attack 2 (!),,,Type,Pow,Acc,PP,,Attack 2,,,NEW,Pow,Acc,PP,,Attack 2,,,Type,Pow,Acc,PP,,Attack 2,,,Type,Pow,Acc,PP,,Attack 2,,,Type,Increased Stats᠎,,,,Attack 2,,,Type,Decreased Stats᠋,,
,,Gifts,New Attack 3 (!),,,Type,Pow,Acc,PP,,Attack 3,,,NEW,Pow,Acc,PP,,Attack 3,,,Type,Pow,Acc,PP,,Attack 3,,,Type,Pow,Acc,PP,,Attack 3,,,Type,Increased Stats᠎,,,,Attack 3,,,Type,Decreased Stats᠋,,
,,Spinning,New Attack 4 (!),,,Type,Pow,Acc,PP,,Attack 4,,,NEW,Pow,Acc,PP,,Attack 4,,,Type,Pow,Acc,PP,,Attack 4,,,Type,Pow,Acc,PP,,Attack 4,,,Type,Increased Stats᠎,,,,Attack 4,,,Type,Decreased Stats᠋,,
,,,,,,,,,,,,,,,,,,,,,,,,,,,,,,,,,,,,,,,,,,,,,,,,,
,,,,,,,,,,,,,,,,,,,,,,,,,,,,,,,,,,,,,,,,,,,,,,,,,
,,TWINLEAF TOWN,,,,,,,,,,,,,,,,,,,,,,,,,,,,,,,,,,,,,,,,,,,,,,,
,,,,,,,,,,,,,,,,,,,,,,,,,,,,,,,,,,,,,,,,,,,,,,,,,
,,ROUTE 201,,,,,,,,,,,,,,,,,,,,,,,,,,,,,,,,,,,,,,,,,,,,,,,
,,,,,,,,,,,,,,,,,,,,,,,,,,,,,,,,,,,,,,,,,,,,,,,,,
,,,,,,,,,,,,,,,,,,,,,,,,,,,,,,,,,,,,,,,,,,,,,,,,,
,,,,#387 Turtwig,,,,,Lv.5,,,,,,,,,,,,,,,,,,,,,,,,,,,,,,,,,,,,,,,,
,,,,,GRASS,,,,,,,,,,,,,,,,,,,,,,,,,,,,,,,,,,,,,,,,,,,,
,,RIVAL BARRY [850],HP,Atk,Def,SpA,SpD,Spe,Total,,,,,,,,,,,,,,,,,,,,,,,,,,,,,,,,,,,,,,,,
,,(IF YOU CHOSE PIPLUP),55,68,64,45,55,31,318,,,,,,,,,,,,,,,,,,,,,,,,,,,,,,,,,,,,,,,,
,,,,No Item,,,Overgrow,,,,,,,,,,,,,,,,,,,,,,,,,,,,,,,,,,,,,,,,,,
,,,Serious (Neutral),,,,,,30 IV,,,,,,,,,,,,,,,,,,,,,,,,,,,,,,,,,,,,,,,,
,,,Tackle,,,,40᠎,100%᠎,35PP,,,,,,,,,,,,,,,,,,,,,,,,,,,,,,,,,,,,,,,,
,,,Withdraw,,,,--,--,40PP,,,,,,,,,,,,,,,,,,,,,,,,,,,,,,,,,,,,,,,,
,,,,,,,,,,,,,,,,,,,,,,,,,,,,,,,,,,,,,,,,,,,,,,,,,
,,,,,,,,,,,,,,,,,,,,,,,,,,,,,,,,,,,,,,,,,,,,,,,,,
,,,,,,,,,,,,,,,,,,,,,,,,,,,,,,,,,,,,,,,,,,,,,,,,,
,,,,,,,,,,,,,,,,,,,,,,,,,,,,,,,,,,,,,,,,,,,,,,,,,
,,,,,,,,,,,,,,,,,,,,,,,,,,,,,,,,,,,,,,,,,,,,,,,,,
,,,,#390 Chimchar,,,,,Lv.5,,,,,,,,,,,,,,,,,,,,,,,,,,,,,,,,,,,,,,,,
,,,,,FIRE,,,,,,,,,,,,,,,,,,,,,,,,,,,,,,,,,,,,,,,,,,,,
,,RIVAL BARRY [851],HP,Atk,Def,SpA,SpD,Spe,Total,,,,,,,,,,,,,,,,,,,,,,,,,,,,,,,,,,,,,,,,
,,(IF YOU CHOSE TURTWIG),44,58,44,58,44,61,309,,,,,,,,,,,,,,,,,,,,,,,,,,,,,,,,,,,,,,,,
,,,,No Item,,,Iron Fist (!),,,,,,,,,,,,,,,,,,,,,,,,,,,,,,,,,,,,,,,,,,
,,,"Timid (+Spe, -Atk)",,,,,,30 IV,,,,,,,,,,,,,,,,,,,,,,,,,,,,,,,,,,,,,,,,
,,,Scratch,,,,40,100%,35PP,,,,,,,,,,,,,,,,,,,,,,,,,,,,,,,,,,,,,,,,
,,,Leer,,,,--,100%,30PP,,,,,,,,,,,,,,,,,,,,,,,,,,,,,,,,,,,,,,,,
,,,,,,,,,,,,,,,,,,,,,,,,,,,,,,,,,,,,,,,,,,,,,,,,,
,,,,,,,,,,,,,,,,,,,,,,,,,,,,,,,,,,,,,,,,,,,,,,,,,
,,,,,,,,,,,,,,,,,,,,,,,,,,,,,,,,,,,,,,,,,,,,,,,,,
,,,,,,,,,,,,,,,,,,,,,,,,,,,,,,,,,,,,,,,,,,,,,,,,,
,,,,,,,,,,,,,,,,,,,,,,,,,,,,,,,,,,,,,,,,,,,,,,,,,
,,,,#393 Piplup,,,,,Lv.5,,,,,,,,,,,,,,,,,,,,,,,,,,,,,,,,,,,,,,,,
,,,,,WATER,,,,,,,,,,,,,,,,,,,,,,,,,,,,,,,,,,,,,,,,,,,,
,,RIVAL BARRY [852],HP,Atk,Def,SpA,SpD,Spe,Total,,,,,,,,,,,,,,,,,,,,,,,,,,,,,,,,,,,,,,,,
,,(IF YOU CHOSE CHIMCHAR),53,51,53,61,56,40,314,,,,,,,,,,,,,,,,,,,,,,,,,,,,,,,,,,,,,,,,
,,,,No Item,,,Torrent,,,,,,,,,,,,,,,,,,,,,,,,,,,,,,,,,,,,,,,,,,
,,,"Naive (+Spe, -SpD)",,,,,,30 IV,,,,,,,,,,,,,,,,,,,,,,,,,,,,,,,,,,,,,,,,
,,,Pound,,,,40,100%,35PP,,,,,,,,,,,,,,,,,,,,,,,,,,,,,,,,,,,,,,,,
,,,Growl,,,,--,100%,40PP,,,,,,,,,,,,,,,,,,,,,,,,,,,,,,,,,,,,,,,,
,,,,,,,,,,,,,,,,,,,,,,,,,,,,,,,,,,,,,,,,,,,,,,,,,
,,,,,,,,,,,,,,,,,,,,,,,,,,,,,,,,,,,,,,,,,,,,,,,,,
,,,,,,,,,,,,,,,,,,,,,,,,,,,,,,,,,,,,,,,,,,,,,,,,,
,,,,,,,,,,,,,,,,,,,,,,,,,,,,,,,,,,,,,,,,,,,,,,,,,
,,LAKE VERITY,,,,,,,,,,,,,,,,,,,,,,,,,,,,,,,,,,,,,,,,,,,,,,,
,,,,,,,,,,,,,,,,,,,,,,,,,,,,,,,,,,,,,,,,,,,,,,,,,
,,SANDGEM TOWN,,,,,,,,,,,,,,,,,,,,,,,,,,,,,,,,,,,,,,,,,,,,,,,
,,,,,,,,,,,,,,,,,,,,,,,,,,,,,,,,,,,,,,,,,,,,,,,,,
,,ROUTE 201,,,,,,,,,,,,,,,,,,,,,,,,,,,,,,,,,,,,,,,,,,,,,,,
,,,,,,,,,,,,,,,,,,,,,,,,,,,,,,,,,,,,,,,,,,,,,,,,,
,,TWINLEAF TOWN,,,,,,,,,,,,,,,,,,,,,,,,,,,,,,,,,,,,,,,,,,,,,,,
,,,,,,,,,,,,,,,,,,,,,,,,,,,,,,,,,,,,,,,,,,,,,,,,,
,,ROUTE 201,,,,,,,,,,,,,,,,,,,,,,,,,,,,,,,,,,,,,,,,,,,,,,,
,,,,,,,,,,,,,,,,,,,,,,,,,,,,,,,,,,,,,,,,,,,,,,,,,
,,SANDGEM TOWN,,,,,,,,,,,,,,,,,,,,,,,,,,,,,,,,,,,,,,,,,,,,,,,
,,,,,,,,,,,,,,,,,,,,,,,,,,,,,,,,,,,,,,,,,,,,,,,,,
,,ROUTE 202,,,,,,,,,,,,,,,,,,,,,,,,,,,,,,,,,,,,,,,,,,,,,,,
,,,,,,,,,,,,,,,,,,,,,,,,,,,,,,,,,,,,,,,,,,,,,,,,,
,,,,,,,,,,,,,,,,,,,,,,,,,,,,,,,,,,,,,,,,,,,,,,,,,
,,PKMN TRAINER LUCAS [932],,#387 Turtwig,,,,,Lv.9,,,,,,,,,,,,,,,,,,,,,,,,,,,,,,,,,,,,,,,,
,,,,,GRASS,,,,,,,,,,,,,,,,,,,,,,,,,,,,,,,,,,,,,,,,,,,,
,,PKMN TRAINER DAWN [929],HP,Atk,Def,SpA,SpD,Spe,Total,,,,,,,,,,,,,,,,,,,,,,,,,,,,,,,,,,,,,,,,
,,LUCAS if you play as a girl,55,68,64,45,55,31,318,,,,,,,,,,,,,,,,,,,,,,,,,,,,,,,,,,,,,,,,
,,DAWN if you play as a boy,,No Item,,,Overgrow,,,,,,,,,,,,,,,,,,,,,,,,,,,,,,,,,,,,,,,,,,
,,(IF YOU CHOSE CHIMCHAR),"Hasty (+Spe, -Def)",,,,,,30 IV,,"(Dawn's Turtwig is Careful (+SpD, -SpA) )                                        ",,,,,,,,,,,,,,,,,,,,,,,,,,,,,,,,,,,,,,
,,,Razor Leaf,,,,55,95%,25PP,,,,,,,,,,,,,,,,,,,,,,,,,,,,,,,,,,,,,,,,
,,,Absorb,,,,20,100%,25PP,,,,,,,,,,,,,,,,,,,,,,,,,,,,,,,,,,,,,,,,
,,,Withdraw,,,,--,--,40PP,,,,,,,,,,,,,,,,,,,,,,,,,,,,,,,,,,,,,,,,
,,,Tackle,,,,40᠎,100%᠎,35PP,,,,,,,,,,,,,,,,,,,,,,,,,,,,,,,,,,,,,,,,
,,,,,,,,,,,,,,,,,,,,,,,,,,,,,,,,,,,,,,,,,,,,,,,,,
,,,,,,,,,,,,,,,,,,,,,,,,,,,,,,,,,,,,,,,,,,,,,,,,,
,,,,,,,,,,,,,,,,,,,,,,,,,,,,,,,,,,,,,,,,,,,,,,,,,
,,PKMN TRAINER LUCAS [933],,#390 Chimchar,,,,,Lv.9,,,,,,,,,,,,,,,,,,,,,,,,,,,,,,,,,,,,,,,,
,,,,,FIRE,,,,,,,,,,,,,,,,,,,,,,,,,,,,,,,,,,,,,,,,,,,,
,,PKMN TRAINER DAWN [930],HP,Atk,Def,SpA,SpD,Spe,Total,,,,,,,,,,,,,,,,,,,,,,,,,,,,,,,,,,,,,,,,
,,LUCAS if you play as a girl,44,58,44,58,44,61,309,,,,,,,,,,,,,,,,,,,,,,,,,,,,,,,,,,,,,,,,
,,DAWN if you play as a boy,,No Item,,,Iron Fist (!),,,,,,,,,,,,,,,,,,,,,,,,,,,,,,,,,,,,,,,,,,
,,(IF YOU CHOSE PIPLUP),"Hasty (+Spe, -Def)",,,,,,30 IV,,(Dawn's Chimchar is Docile (Neutral) ),,,,,,,,,,,,,,,,,,,,,,,,,,,,,,,,,,,,,,
,,,Taunt,,,,--,100%,20PP,,,,,,,,,,,,,,,,,,,,,,,,,,,,,,,,,,,,,,,,
,,,Ember,,,,40,100%,25PP,,,,,,,,,,,,,,,,,,,,,,,,,,,,,,,,,,,,,,,,
,,,Leer,,,,--,100%,30PP,,,,,,,,,,,,,,,,,,,,,,,,,,,,,,,,,,,,,,,,
,,,Scratch,,,,40,100%,35PP,,,,,,,,,,,,,,,,,,,,,,,,,,,,,,,,,,,,,,,,
,,,,,,,,,,,,,,,,,,,,,,,,,,,,,,,,,,,,,,,,,,,,,,,,,
,,,,,,,,,,,,,,,,,,,,,,,,,,,,,,,,,,,,,,,,,,,,,,,,,
,,,,,,,,,,,,,,,,,,,,,,,,,,,,,,,,,,,,,,,,,,,,,,,,,
,,PKMN TRAINER LUCAS [931],,#393 Piplup,,,,,Lv.9,,,,,,,,,,,,,,,,,,,,,,,,,,,,,,,,,,,,,,,,
,,,,,WATER,,,,,,,,,,,,,,,,,,,,,,,,,,,,,,,,,,,,,,,,,,,,
,,PKMN TRAINER DAWN [928],HP,Atk,Def,SpA,SpD,Spe,Total,,,,,,,,,,,,,,,,,,,,,,,,,,,,,,,,,,,,,,,,
,,LUCAS if you play as a girl,53,51,53,61,56,40,314,,,,,,,,,,,,,,,,,,,,,,,,,,,,,,,,,,,,,,,,
,,DAWN if you play as a boy,,No Item,,,Torrent,,,,,,,,,,,,,,,,,,,,,,,,,,,,,,,,,,,,,,,,,,
,,(IF YOU CHOSE TURTWIG),"Hasty (+Spe, -Def)",,,,,,30 IV,,"(Dawn's Piplup is Lax (+Def, -SpD) )                                        ",,,,,,,,,,,,,,,,,,,,,,,,,,,,,,,,,,,,,,
,,,Water Sport,,,,--,--,15PP,,,,,,,,,,,,,,,,,,,,,,,,,,,,,,,,,,,,,,,,
,,,Bubble,,,,40᠎,100%,30PP,,,,,,,,,,,,,,,,,,,,,,,,,,,,,,,,,,,,,,,,
,,,Growl,,,,--,100%,40PP,,,,,,,,,,,,,,,,,,,,,,,,,,,,,,,,,,,,,,,,
,,,Pound,,,,40,100%,35PP,,,,,,,,,,,,,,,,,,,,,,,,,,,,,,,,,,,,,,,,
,,,,,,,,,,,,,,,,,,,,,,,,,,,,,,,,,,,,,,,,,,,,,,,,,
,,,,,,,,,,,,,,,,,,,,,,,,,,,,,,,,,,,,,,,,,,,,,,,,,
,,,,,,,,,,,,,,,,,,,,,,,,,,,,,,,,,,,,,,,,,,,,,,,,,
,,,,#161 Sentret,,,,,Lv. 7,,,#399 Bidoof,,,,,Lv. 7,,,,,,,,,,,,,,,,,,,,,,,,,,,,,,,,
,,,,,NORMAL,,,,,,,,NORMAL,,,,,,,,,,,,,,,,,,,,,,,,,,,,,,,,,,,,
,,LASS NATALIE [3],HP,Atk,Def,SpA,SpD,Spe,Total,,HP,Atk,Def,SpA,SpD,Spe,Total,,,,,,,,,,,,,,,,,,,,,,,,,,,,,,,,
,,,45᠎,45᠋,35᠎,35,45,40᠎,245᠎,,59,45,40,35,40,31,250,,,,,,,,,,,,,,,,,,,,,,,,,,,,,,,,
,,,,No Item,,,Run Away,,,,,No Item,,,Simple,,,,,,,,,,,,,,,,,,,,,,,,,,,,,,,,,,
,,,"Hasty (+Spe, -Def)",,,,,,12 IV,,"Quiet (+SpA, -Spe)",,,,,,12 IV,,,,,,,,,,,,,,,,,,,,,,,,,,,,,,,,
,,,Fury Swipes,,,,18,80%,15PP,,Defense Curl,,,,--,--,40PP,,,,,,,,,,,,,,,,,,,,,,,,,,,,,,,,
,,,Quick Attack,,,,40,100%,30PP,,Growl,,,,--,100%,40PP,,,,,,,,,,,,,,,,,,,,,,,,,,,,,,,,
,,,Defense Curl,,,,--,--,40PP,,Tackle,,,,40᠎,100%᠎,35PP,,,,,,,,,,,,,,,,,,,,,,,,,,,,,,,,
,,(LOOKS DOWN),Foresight,,,,--,--,40PP,,,,,,,,,,,,,,,,,,,,,,,,,,,,,,,,,,,,,,,,
,,,,,,,,,,,,,,,,,,,,,,,,,,,,,,,,,,,,,,,,,,,,,,,,,
,,,,,,,,,,,,,,,,,,,,,,,,,,,,,,,,,,,,,,,,,,,,,,,,,
,,,,,,,,,,,,,,,,,,,,,,,,,,,,,,,,,,,,,,,,,,,,,,,,,
,,,,,,,,,,,,,,,,,,,,,,,,,,,,,,,,,,,,,,,,,,,,,,,,,
,,,,#163 Hoothoot,,,,,Lv. 7,,,#396 Starly,,,,,Lv. 7,,,,,,,,,,,,,,,,,,,,,,,,,,,,,,,,
,,,,,NORMAL,,,FLYING,,,,,NORMAL,,,FLYING,,,,,,,,,,,,,,,,,,,,,,,,,,,,,,,,,
,,YOUNGSTER TRISTAN [1],HP,Atk,Def,SpA,SpD,Spe,Total,,HP,Atk,Def,SpA,SpD,Spe,Total,,,,,,,,,,,,,,,,,,,,,,,,,,,,,,,,
,,,60,30,30,36,56,50,262,,40,55,30,30,30,60,245,,,,,,,,,,,,,,,,,,,,,,,,,,,,,,,,
,,,,No Item,,,Tinted Lens (!),,,,,No Item,,,Reckless (!),,,,,,,,,,,,,,,,,,,,,,,,,,,,,,,,,,
,,,"Jolly (+Spe, -SpA)",,,,,,12 IV,,"Lax (+Def, -SpD)",,,,,,12 IV,,,,,,,,,,,,,,,,,,,,,,,,,,,,,,,,
,,,Hypnosis,,,,--,60%᠋,20PP,,Quick Attack,,,,40,100%,30PP,,,,,,,,,,,,,,,,,,,,,,,,,,,,,,,,
,,,Peck,,,,35,100%,35PP,,Growl,,,,--,100%,40PP,,,,,,,,,,,,,,,,,,,,,,,,,,,,,,,,
,,,Foresight,,,,--,--,40PP,,Tackle,,,,40᠎,100%᠎,35PP,,,,,,,,,,,,,,,,,,,,,,,,,,,,,,,,
,,(LOOKS DOWN),Growl,,,,--,100%,40PP,,,,,,,,,,,,,,,,,,,,,,,,,,,,,,,,,,,,,,,,
,,,,,,,,,,,,,,,,,,,,,,,,,,,,,,,,,,,,,,,,,,,,,,,,,
,,,,,,,,,,,,,,,,,,,,,,,,,,,,,,,,,,,,,,,,,,,,,,,,,
,,,,,,,,,,,,,,,,,,,,,,,,,,,,,,,,,,,,,,,,,,,,,,,,,
,,,,#058 Growlithe,,,,,Lv. 7,,,#412 Burmy,,,,,Lv. 7,,,#263 Zigzagoon,,,,,Lv. 7,,,,,,,,,,,,,,,,,,,,,,,,
,,,,,FIRE,,,,,,,,BUG,,,,,,,,NORMAL,,,,,,,,,,,,,,,,,,,,,,,,,,,,
,,YOUNGSTER LOGAN [2],HP,Atk,Def,SpA,SpD,Spe,Total,,HP,Atk,Def,SpA,SpD,Spe,Total,,HP,Atk,Def,SpA,SpD,Spe,Total,,,,,,,,,,,,,,,,,,,,,,,,
,,,55,70,45,70,50,60,350,,40,20᠋,45,45᠎,45,30᠋,225᠎,,38,40᠎,41,30,41,60,250᠎,,,,,,,,,,,,,,,,,,,,,,,,
,,Fighting type Hidden Power Burmy,,No Item,,,Intimidate,,,,,No Item,,,Battle Armor (!),,,,,No Item,,,Pickup,,,,,,,,,,,,,,,,,,,,,,,,,,
,,BP = 30,Docile (Neutral),,,,,,12 IV,,"Jolly (+Spe, -SpA)",,,,,,12 IV,,"Adamant (+Atk, -SpA)",,,,,,12 IV,,,,,,,,,,,,,,,,,,,,,,,,
,,,Ember,,,,40,100%,25PP,,Hidden Power,,,,-,100%,15PP,,Covet,,,,60᠎,100%,25PP᠋,,,,,,,,,,,,,,,,,,,,,,,,
,,,Howl,,,,--,--,40PP,,Bug Bite,,,,60,100%,20PP,,Sand Attack,,,,--,100%,15PP,,,,,,,,,,,,,,,,,,,,,,,,
,,,Roar,,,,--,--,20PP,,Tackle,,,,40᠎,100%᠎,35PP,,Tail Whip,,,,--,100%,30PP,,,,,,,,,,,,,,,,,,,,,,,,
,,(LOOKS DOWN),Leer,,,,--,100%,30PP,,Protect,,,,--,--,10PP,,Growl,,,,--,100%,40PP,,,,,,,,,,,,,,,,,,,,,,,,
,,,,,,,,,,,,,,,,,,,,,,,,,,,,,,,,,,,,,,,,,,,,,,,,,
,,,,,,,,,,,,,,,,,,,,,,,,,,,,,,,,,,,,,,,,,,,,,,,,,
,,JUBILIFE CITY,,,,,,,,,,,,,,,,,,,,,,,,,,,,,,,,,,,,,,,,,,,,,,,
,,,,,,,,,,,,,,,,,,,,,,,,,,,,,,,,,,,,,,,,,,,,,,,,,
,,JUBILIFE CITY TRAINER SCHOOL,,,,,,,,,,,,,,,,,,,,,,,,,,,,,,,,,,,,,,,,,,,,,,,
,,,,,,,,,,,,,,,,,,,,,,,,,,,,,,,,,,,,,,,,,,,,,,,,,
,,,,,,,,,,,,,,,,,,,,,,,,,,,,,,,,,,,,,,,,,,,,,,,,,
,,,,#063 Abra,,,,,Lv. 8,,,#054 Psyduck,,,,,Lv. 8,,,,,,,,,,,,,,,,,,,,,,,,,,,,,,,,
,,,,,PSYCHIC,,,,,,,,WATER,,,,,,,,,,,,,,,,,,,,,,,,,,,,,,,,,,,,
,,SCHOOL KID HARRISON [342],HP,Atk,Def,SpA,SpD,Spe,Total,,HP,Atk,Def,SpA,SpD,Spe,Total,,,,,,,,,,,,,,,,,,,,,,,,,,,,,,,,
,,,25,20,15,105,55,90,310,,50,52,48,65,50,55,320,,,,,,,,,,,,,,,,,,,,,,,,,,,,,,,,
,,Fighting type Hidden Power for both mons,,No Item,,,Magic Guard (!),,,,,No Item,,,Damp,,,,,,,,,,,,,,,,,,,,,,,,,,,,,,,,,,
,,BP = 30,"Mild (+SpA, -Def)",,,,,,12 IV,,"Relaxed (+Def, -Spe)",,,,,,12 IV,,,,,,,,,,,,,,,,,,,,,,,,,,,,,,,,
,,,Hidden Power,,,,-,100%,15PP,,Hidden Power,,,,-,100%,15PP,,,,,,,,,,,,,,,,,,,,,,,,,,,,,,,,
,,,,,,,,,,,Water Gun,,,,40,100%,25PP,,,,,,,,,,,,,,,,,,,,,,,,,,,,,,,,
,,can use : 1 POTION,,,,,,,,,,,,,,,,,,,,,,,,,,,,,,,,,,,,,,,,,,,,,,,
,,(LOOKS DOWN),,,,,,,,,,,,,,,,,,,,,,,,,,,,,,,,,,,,,,,,,,,,,,,
,,,,,,,,,,,,,,,,,,,,,,,,,,,,,,,,,,,,,,,,,,,,,,,,,
,,,,,,,,,,,,,,,,,,,,,,,,,,,,,,,,,,,,,,,,,,,,,,,,,
,,,,,,,,,,,,,,,,,,,,,,,,,,,,,,,,,,,,,,,,,,,,,,,,,
,,,,#280 Ralts,,,,,Lv. 8,,,#120 Staryu,,,,,Lv. 8,,,,,,,,,,,,,,,,,,,,,,,,,,,,,,,,
,,,,,PSYCHIC,,,FAIRY឵ ឵,,,,,WATER,,,,,,,,,,,,,,,,,,,,,,,,,,,,,,,,,,,,
,,SCHOOL KID CHRISTINE [345],HP,Atk,Def,SpA,SpD,Spe,Total,,HP,Atk,Def,SpA,SpD,Spe,Total,,,,,,,,,,,,,,,,,,,,,,,,,,,,,,,,
,,Fighting type Hidden Power for both mons,28,25,25,65᠎,55᠎,40,238᠎,,30,45,55,70,55,85,340,,,,,,,,,,,,,,,,,,,,,,,,,,,,,,,,
,,BP = 30,,No Item,,,Synchronize,,,,,No Item,,,Illuminate,,,,,,,,,,,,,,,,,,,,,,,,,,,,,,,,,,
,,Beating them both gives you TM10s HIdden Power,"Modest (+SpA, -Atk)",,,,,,12 IV,,Serious (Neutral),,,,,,12 IV,,,,,,,,,,,,,,,,,,,,,,,,,,,,,,,,
,,,Confusion,,,,50,100%,25PP,,Hidden Power,,,,-,100%,15PP,,,,,,,,,,,,,,,,,,,,,,,,,,,,,,,,
,,,Hidden Power,,,,-,100%,15PP,,Water Gun,,,,40,100%,25PP,,,,,,,,,,,,,,,,,,,,,,,,,,,,,,,,
,,can use : 1 POTION,,,,,,,,,,,,,,,,,,,,,,,,,,,,,,,,,,,,,,,,,,,,,,,
,,(LOOKS DOWN),,,,,,,,,,,,,,,,,,,,,,,,,,,,,,,,,,,,,,,,,,,,,,,
,,,,,,,,,,,,,,,,,,,,,,,,,,,,,,,,,,,,,,,,,,,,,,,,,
,,,,,,,,,,,,,,,,,,,,,,,,,,,,,,,,,,,,,,,,,,,,,,,,,
,,JUBILIFE CITY POKEMON CENTER,,,,,,,,,,,,,,,,,,,,,,,,,,,,,,,,,,,,,,,,,,,,,,,
,,,,,,,,,,,,,,,,,,,,,,,,,,,,,,,,,,,,,,,,,,,,,,,,,
,,,,,,,,,,,,,,,,,,,,,,,,,,,,,,,,,,,,,,,,,,,,,,,,,
,,,,#001 Bulbasaur,,,,,Lv.5,,,#004 Charmander,,,,,Lv.5,,,#007 Squirtle,,,,,Lv.5,,,,,,,,,,,,,,,,,,,,,,,,
,,,,,GRASS,,,POISON,,,,,FIRE,,,,,,,,WATER,,,,,,,,,,,,,,,,,,,,,,,,,,,,
,,REPORTER KAYLA [1022],HP,Atk,Def,SpA,SpD,Spe,Total,,HP,Atk,Def,SpA,SpD,Spe,Total,,HP,Atk,Def,SpA,SpD,Spe,Total,,,,,,,,,,,,,,,,,,,,,,,,
,,,45,49,49,65,65,45,318,,39,52,43,60,50,65,309,,44,48,65,50,64,43,314,,,,,,,,,,,,,,,,,,,,,,,,
,,Is Pikachu an Electric-Type Pokemon?- Y,,No Item,,,Chlorophyll (!),,,,,No Item,,,Solar Power (!),,,,,No Item,,,Rain Dish (!),,,,,,,,,,,,,,,,,,,,,,,,,,
,,Does the Kanto region's Saffron(...) ?  - N,"Lax (+Def, -SpD)",,,,,,12 IV,,"Lonely (+Atk, -Def)",,,,,,12 IV,,Serious (Neutral),,,,,,12 IV,,,,,,,,,,,,,,,,,,,,,,,,
,,(...) Is his full name Samson Oak ? - N,Tail Whip,,,,--,100%,30PP,,Ember,,,,40,100%,25PP,,Water Gun,,,,40,100%,25PP,,,,,,,,,,,,,,,,,,,,,,,,
,,Is is true that the trainer Tower (...) ? - Y,Growl,,,,--,100%,40PP,,Growl,,,,--,100%,40PP,,Tail Whip,,,,--,100%,30PP,,,,,,,,,,,,,,,,,,,,,,,,
,,Can you beat me ? - Y or N,Vine Whip,,,,45᠎,100%,25PP᠎,,Scratch,,,,40,100%,35PP,,Tackle,,,,40᠎,100%᠎,35PP,,,,,,,,,,,,,,,,,,,,,,,,
,,Gives you the Kanto Starters once beaten,,,,,,,,,,,,,,,,,,,,,,,,,,,,,,,,,,,,,,,,,,,,,,,
,,,,,,,,,,,,,,,,,,,,,,,,,,,,,,,,,,,,,,,,,,,,,,,,,
,,,,,,,,,,,,,,,,,,,,,,,,,,,,,,,,,,,,,,,,,,,,,,,,,
,,ROUTE 204 ~ SOUTH,,,,,,,,,,,,,,,,,,,,,,,,,,,,,,,,,,,,,,,,,,,,,,,
,,,,,,,,,,,,,,,,,,,,,,,,,,,,,,,,,,,,,,,,,,,,,,,,,
,,,,,,,,,,,,,,,,,,,,,,,,,,,,,,,,,,,,,,,,,,,,,,,,,
,,,,#403 Shinx,,,,,Lv.8,,,#029 Nidoran ♀,,,,,Lv.8,,,#016 Pidgey,,,,,Lv.8,,,,,,,,,,,,,,,,,,,,,,,,
,,,,,ELECTRIC,,,,,,,,POISON,,,,,,,,NORMAL,,,FLYING,,,,,,,,,,,,,,,,,,,,,,,,,
,,LASS SARAH [12],HP,Atk,Def,SpA,SpD,Spe,Total,,HP,Atk,Def,SpA,SpD,Spe,Total,,HP,Atk,Def,SpA,SpD,Spe,Total,,,,,,,,,,,,,,,,,,,,,,,,
,,,45,65,34,40,34,45,263,,55,47,52,40,40,41,275,,40,35᠋,35᠋,50᠎,35,56,251,,,,,,,,,,,,,,,,,,,,,,,,
,,,,No Item,,,Intimidate឵ ឵,,,,,No Item,,,Poison Point,,,,,No Item,,,Keen Eye,,,,,,,,,,,,,,,,,,,,,,,,,,
,,,"Brave (+Atk, -Spe)",,,,,,12 IV,,"Brave (+Atk, -Spe)",,,,,,12 IV,,Hardy (Neutral),,,,,,12 IV,,,,,,,,,,,,,,,,,,,,,,,,
,,,Quick Attack,,,,40,100%,30PP,,Fury Swipes,,,,18,80%,15PP,,Quick Attack,,,,40,100%,30PP,,,,,,,,,,,,,,,,,,,,,,,,
,,,Howl,,,,--,--,40PP,,Poison Sting,,,,15,100%,35PP,,Gust,,,,40,100%,35PP,,,,,,,,,,,,,,,,,,,,,,,,
,,,Leer,,,,--,100%,30PP,,Tail Whip,,,,--,100%,30PP,,Sand Attack,,,,--,100%,15PP,,,,,,,,,,,,,,,,,,,,,,,,
,,(LOOKS UP AND DOWN),Tackle,,,,40᠎,100%᠎,35PP,,Scratch,,,,40,100%,35PP,,Tackle,,,,40᠎,100%᠎,35PP,,,,,,,,,,,,,,,,,,,,,,,,
,,,,,,,,,,,,,,,,,,,,,,,,,,,,,,,,,,,,,,,,,,,,,,,,,
,,,,,,,,,,,,,,,,,,,,,,,,,,,,,,,,,,,,,,,,,,,,,,,,,
,,,,,,,,,,,,,,,,,,,,,,,,,,,,,,,,,,,,,,,,,,,,,,,,,
,,,,#129 Magikarp,,,,,Lv.11,,,,,,,,,,,,,,,,,,,,,,,,,,,,,,,,,,,,,,,,
,,,,,WATER,,,,,,,,,,,,,,,,,,,,,,,,,,,,,,,,,,,,,,,,,,,,
,,YOUNGSTER TYLER [10],HP,Atk,Def,SpA,SpD,Spe,Total,,,,,,,,,,,,,,,,,,,,,,,,,,,,,,,,,,,,,,,,
,,,20,10,55,15,20,80,200,,,,,,,,,,,,,,,,,,,,,,,,,,,,,,,,,,,,,,,,
,,,,No Item,,,Swift Swim,,,,,,,,,,,,,,,,,,,,,,,,,,,,,,,,,,,,,,,,,,
,,,"Gentle (+SpD, -Def)",,,,,,12 IV,,,,,,,,,,,,,,,,,,,,,,,,,,,,,,,,,,,,,,,,
,,,Flail,,,,--,100%,15PP,,,,,,,,,,,,,,,,,,,,,,,,,,,,,,,,,,,,,,,,
,,,Tackle,,,,40᠎,100%᠎,35PP,,,,,,,,,,,,,,,,,,,,,,,,,,,,,,,,,,,,,,,,
,,,Splash,,,,--,--,40PP,,,,,,,,,,,,,,,,,,,,,,,,,,,,,,,,,,,,,,,,
,,(LOOKS LEFT AND RIGHT),,,,,,,,,,,,,,,,,,,,,,,,,,,,,,,,,,,,,,,,,,,,,,,
,,,,,,,,,,,,,,,,,,,,,,,,,,,,,,,,,,,,,,,,,,,,,,,,,
,,,,,,,,,,,,,,,,,,,,,,,,,,,,,,,,,,,,,,,,,,,,,,,,,
,,,,,,,,,,,,,,,,,,,,,,,,,,,,,,,,,,,,,,,,,,,,,,,,,
,,,,#043 Oddish,,,,,Lv.8,,,#406 Budew,,,,,Lv.8,,,#069 Bellsprout,,,,,Lv.8,,,,,,,,,,,,,,,,,,,,,,,,
,,,,,GRASS,,,POISON,,,,,GRASS,,,POISON,,,,,GRASS,,,POISON,,,,,,,,,,,,,,,,,,,,,,,,,
,,LASS SAMANTHA [11],HP,Atk,Def,SpA,SpD,Spe,Total,,HP,Atk,Def,SpA,SpD,Spe,Total,,HP,Atk,Def,SpA,SpD,Spe,Total,,,,,,,,,,,,,,,,,,,,,,,,
,,,45,50,55,75,65,30,320,,40,30,35,50,70,55,280,,50,75,35,70,30,40,300,,,,,,,,,,,,,,,,,,,,,,,,
,,,,No Item,,,Chlorophyll,,,,,No Item,,,Poison Point឵ ឵,,,,,No Item,,,Chlorophyll,,,,,,,,,,,,,,,,,,,,,,,,,,
,,,"Naive (+Spe, -SpD)",,,,,,12 IV,,"Naive (+Spe, -SpD)",,,,,,12 IV,,"Adamant (+Atk, -SpA)",,,,,,12 IV,,,,,,,,,,,,,,,,,,,,,,,,
,,,Sweet Scent,,,,--,100%,20PP,,Water Sport,,,,--,--,15PP,,Wrap,,,,15,90%᠎,20PP,,,,,,,,,,,,,,,,,,,,,,,,
,,,Acid,,,,40,100%,30PP,,Growth,,,,--,--,20PP᠋,,Acid,,,,40,100%,30PP,,,,,,,,,,,,,,,,,,,,,,,,
,,,Growth,,,,--,--,20PP᠋,,Absorb,,,,20,100%,25PP,,Growth,,,,--,--,20PP᠋,,,,,,,,,,,,,,,,,,,,,,,,
,,(LOOKS DOWN),Absorb,,,,20,100%,25PP,,,,,,,,,,Vine Whip,,,,45᠎,100%,25PP᠎,,,,,,,,,,,,,,,,,,,,,,,,
,,,,,,,,,,,,,,,,,,,,,,,,,,,,,,,,,,,,,,,,,,,,,,,,,
,,,,,,,,,,,,,,,,,,,,,,,,,,,,,,,,,,,,,,,,,,,,,,,,,
,,JUBILIFE CITY,,,,,,,,,,,,,,,,,,,,,,,,,,,,,,,,,,,,,,,,,,,,,,,
,,,,,,,,,,,,,,,,,,,,,,,,,,,,,,,,,,,,,,,,,,,,,,,,,
,,ROUTE 203,,,,,,,,,,,,,,,,,,,,,,,,,,,,,,,,,,,,,,,,,,,,,,,
,,,,,,,,,,,,,,,,,,,,,,,,,,,,,,,,,,,,,,,,,,,,,,,,,
,,,,,,,,,,,,,,,,,,,,,,,,,,,,,,,,,,,,,,,,,,,,,,,,,
,,,,#396 Starly,,,,,Lv.10,,,#446 Munchlax,,,,,Lv.10,,,#387 Turtwig,,,,,Lv.11,,,,,,,,,,,,,,,,,,,,,,,,
,,,,,NORMAL,,,FLYING,,,,,NORMAL,,,,,,,,GRASS,,,,,,,,,,,,,,,,,,,,,,,,,,,,
,,RIVAL BARRY [247],HP,Atk,Def,SpA,SpD,Spe,Total,,HP,Atk,Def,SpA,SpD,Spe,Total,,HP,Atk,Def,SpA,SpD,Spe,Total,,,,,,,,,,,,,,,,,,,,,,,,
,,(IF YOU CHOSE PIPLUP),40,55,30,30,30,60,245,,135,85,40,40,85,5,390,,55,68,64,45,55,31,318,,,,,,,,,,,,,,,,,,,,,,,,
,,,,No Item,,,Reckless (!),,,,,No Item,,,Thick Fat឵ ឵,,,,,Oran Berry,,,Overgrow,,,,,,,,,,,,,,,,,,,,,,,,,,
,,can use : 1 POTION,"Gentle (+SpD, -Def)",,,,,,30 IV,,Docile (Neutral),,,,,,30 IV,,"Rash (+SpA, -SpD)",,,,,,30 IV,,,,,,,,,,,,,,,,,,,,,,,,
,,,Wing Attack,,,,60,100%,35PP,,Metronome,,,,--,--,10PP,,Razor Leaf,,,,55,95%,25PP,,,,,,,,,,,,,,,,,,,,,,,,
,,Fight takes place right as you enter the route,Quick Attack,,,,40,100%,30PP,,Tackle,,,,40᠎,100%᠎,35PP,,Curse,,,,--,--,10PP,,,,,,,,,,,,,,,,,,,,,,,,
,,,Growl,,,,--,100%,40PP,,Amnesia,,,,--,--,20PP,,Tackle,,,,40᠎,100%᠎,35PP,,,,,,,,,,,,,,,,,,,,,,,,
,,,,,,,,,,,Rock Tomb,,,,60᠎,80%,15PP᠎,,,,,,,,,,,,,,,,,,,,,,,,,,,,,,,,
,,,,,,,,,,,,,,,,,,,,,,,,,,,,,,,,,,,,,,,,,,,,,,,,,
,,,,,,,,,,,,,,,,,,,,,,,,,,,,,,,,,,,,,,,,,,,,,,,,,
,,,,,,,,,,,,,,,,,,,,,,,,,,,,,,,,,,,,,,,,,,,,,,,,,
,,,,#396 Starly,,,,,Lv.10,,,#446 Munchlax,,,,,Lv.10,,,#390 Chimchar,,,,,Lv.11,,,,,,,,,,,,,,,,,,,,,,,,
,,,,,NORMAL,,,FLYING,,,,,NORMAL,,,,,,,,FIRE,,,,,,,,,,,,,,,,,,,,,,,,,,,,
,,RIVAL BARRY [248],HP,Atk,Def,SpA,SpD,Spe,Total,,HP,Atk,Def,SpA,SpD,Spe,Total,,HP,Atk,Def,SpA,SpD,Spe,Total,,,,,,,,,,,,,,,,,,,,,,,,
,,(IF YOU CHOSE TURTWIG),40,55,30,30,30,60,245,,135,85,40,40,85,5,390,,44,58,44,58,44,61,309,,,,,,,,,,,,,,,,,,,,,,,,
,,,,No Item,,,Reckless (!),,,,,No Item,,,Thick Fat឵ ឵,,,,,Oran Berry,,,Iron Fist (!),,,,,,,,,,,,,,,,,,,,,,,,,,
,,can use : 1 POTION,Docile (Neutral),,,,,,30 IV,,"Mild (+SpA, -Def)",,,,,,30 IV,,"Quiet (+SpA, -Spe)",,,,,,30 IV,,,,,,,,,,,,,,,,,,,,,,,,
,,,Wing Attack,,,,60,100%,35PP,,Metronome,,,,--,--,10PP,,Fury Swipes,,,,18,80%,15PP,,,,,,,,,,,,,,,,,,,,,,,,
,,Fight takes place right as you enter the route,Quick Attack,,,,40,100%,30PP,,Tackle,,,,40᠎,100%᠎,35PP,,Ember,,,,40,100%,25PP,,,,,,,,,,,,,,,,,,,,,,,,
,,,Growl,,,,--,100%,40PP,,Amnesia,,,,--,--,20PP,,Taunt,,,,--,100%,20PP,,,,,,,,,,,,,,,,,,,,,,,,
,,,,,,,,,,,Rock Tomb,,,,60᠎,80%,15PP᠎,,,,,,,,,,,,,,,,,,,,,,,,,,,,,,,,
,,,,,,,,,,,,,,,,,,,,,,,,,,,,,,,,,,,,,,,,,,,,,,,,,
,,,,,,,,,,,,,,,,,,,,,,,,,,,,,,,,,,,,,,,,,,,,,,,,,
,,,,,,,,,,,,,,,,,,,,,,,,,,,,,,,,,,,,,,,,,,,,,,,,,
,,,,#396 Starly,,,,,Lv.10,,,#446 Munchlax,,,,,Lv.10,,,#393 Piplup,,,,,Lv.11,,,,,,,,,,,,,,,,,,,,,,,,
,,,,,NORMAL,,,FLYING,,,,,NORMAL,,,,,,,,WATER,,,,,,,,,,,,,,,,,,,,,,,,,,,,
,,RIVAL BARRY [249],HP,Atk,Def,SpA,SpD,Spe,Total,,HP,Atk,Def,SpA,SpD,Spe,Total,,HP,Atk,Def,SpA,SpD,Spe,Total,,,,,,,,,,,,,,,,,,,,,,,,
,,(IF YOU CHOSE CHIMCHAR),40,55,30,30,30,60,245,,135,85,40,40,85,5,390,,53,51,53,61,56,40,314,,,,,,,,,,,,,,,,,,,,,,,,
,,,,No Item,,,Reckless (!),,,,,No Item,,,Thick Fat឵ ឵,,,,,Oran Berry,,,Torrent,,,,,,,,,,,,,,,,,,,,,,,,,,
,,can use : 1 POTION,Hardy (Neutral),,,,,,30 IV,,"Mild (+SpA, -Def)",,,,,,30 IV,,"Gentle (+SpD, -Def)",,,,,,30 IV,,,,,,,,,,,,,,,,,,,,,,,,
,,,Wing Attack,,,,60,100%,35PP,,Metronome,,,,--,--,10PP,,Water Pulse,,,,60,100%,20PP,,,,,,,,,,,,,,,,,,,,,,,,
,,Fight takes place right as you enter the route,Quick Attack,,,,40,100%,30PP,,Tackle,,,,40᠎,100%᠎,35PP,,Peck,,,,35,100%,35PP,,,,,,,,,,,,,,,,,,,,,,,,
,,,Growl,,,,--,100%,40PP,,Amnesia,,,,--,--,20PP,,Pound,,,,40,100%,35PP,,,,,,,,,,,,,,,,,,,,,,,,
,,,,,,,,,,,Rock Tomb,,,,60᠎,80%,15PP᠎,,,,,,,,,,,,,,,,,,,,,,,,,,,,,,,,
,,,,,,,,,,,,,,,,,,,,,,,,,,,,,,,,,,,,,,,,,,,,,,,,,
,,,,,,,,,,,,,,,,,,,,,,,,,,,,,,,,,,,,,,,,,,,,,,,,,
,,,,,,,,,,,,,,,,,,,,,,,,,,,,,,,,,,,,,,,,,,,,,,,,,
,,,,#403 Shinx,,,,,Lv.10,,,#027 Sandshrew,,,,,Lv.10,,,,,,,,,,,,,,,,,,,,,,,,,,,,,,,,
,,,,,ELECTRIC,,,,,,,,GROUND,,,,,,,,,,,,,,,,,,,,,,,,,,,,,,,,,,,,
,,YOUNGSTER DALLAS [355],HP,Atk,Def,SpA,SpD,Spe,Total,,HP,Atk,Def,SpA,SpD,Spe,Total,,,,,,,,,,,,,,,,,,,,,,,,,,,,,,,,
,,,45,65,34,40,34,45,263,,50,75,85,20,30,40,300,,,,,,,,,,,,,,,,,,,,,,,,,,,,,,,,
,,Can be fought alone or with Youngster Michael [4] in a double battle,,No Item,,,Intimidate឵ ឵,,,,,No Item,,,Sand Veil,,,,,,,,,,,,,,,,,,,,,,,,,,,,,,,,,,
,,,"Sassy (+SpD, -Spe)",,,,,,12 IV,,"Bold (+Def, -Atk)",,,,,,12 IV,,,,,,,,,,,,,,,,,,,,,,,,,,,,,,,,
,,If fought in a double battle his team will be on the left,Spark,,,,65,100%,20PP,,Bulldoze (!),,,,60,100%,20PP,,,,,,,,,,,,,,,,,,,,,,,,,,,,,,,,
,,,Quick Attack,,,,40,100%,30PP,,Rollout,,,,30,90%,20PP,,,,,,,,,,,,,,,,,,,,,,,,,,,,,,,,
,,,Howl,,,,--,--,40PP,,Poison Sting,,,,15,100%,35PP,,,,,,,,,,,,,,,,,,,,,,,,,,,,,,,,
,,(LOOKS DOWN),Leer,,,,--,100%,30PP,,Sand Attack,,,,--,100%,15PP,,,,,,,,,,,,,,,,,,,,,,,,,,,,,,,,
,,,,,,,,,,,,,,,,,,,,,,,,,,,,,,,,,,,,,,,,,,,,,,,,,
,,,,,,,,,,,,,,,,,,,,,,,,,,,,,,,,,,,,,,,,,,,,,,,,,
,,,,#401 Kricketot,,,,,Lv.9,,,#041 Zubat,,,,,Lv.9,,,#019 Rattata,,,,,Lv.9,,,,,,,,,,,,,,,,,,,,,,,,
,,,,,BUG,,,,,,,,POISON,,,FLYING,,,,,NORMAL,,,,,,,,,,,,,,,,,,,,,,,,,,,,
,,YOUNGSTER MICHAEL [4],HP,Atk,Def,SpA,SpD,Spe,Total,,HP,Atk,Def,SpA,SpD,Spe,Total,,HP,Atk,Def,SpA,SpD,Spe,Total,,,,,,,,,,,,,,,,,,,,,,,,
,,,37,35᠎,41,35᠎,41,25,214᠎,,40,45,35,30,40,55,245,,30,56,35,25,35,72,253,,,,,,,,,,,,,,,,,,,,,,,,
,,Can be fought alone or with Youngster Dallas [355] in a double battle,,No Item,,,Run Away (!),,,,,No Item,,,Inner Focus,,,,,No Item,,,Hustle (!),,,,,,,,,,,,,,,,,,,,,,,,,,
,,,Bashful (Neutral),,,,,,12 IV,,"Modest (+SpA, -Atk)",,,,,,12 IV,,"Hasty (+Spe, -Def)",,,,,,12 IV,,,,,,,,,,,,,,,,,,,,,,,,
,,If fought in a double battle his team will be on the right,String Shot,,,,--,95%,40PP,,Bite,,,,60,100%,25PP,,Bite,,,,60,100%,25PP,,,,,,,,,,,,,,,,,,,,,,,,
,,,Bug Bite,,,,60,100%,20PP,,Astonish,,,,30,100%,15PP,,Quick Attack,,,,40,100%,30PP,,,,,,,,,,,,,,,,,,,,,,,,
,,,Bide,,,,--,--,10PP,,Supersonic,,,,--,55%,20PP,,Tail Whip,,,,--,100%,30PP,,,,,,,,,,,,,,,,,,,,,,,,
,,(LOOKS UP),Growl,,,,--,100%,40PP,,Absorb,,,,20,100%,25PP,,Tackle,,,,40᠎,100%᠎,35PP,,,,,,,,,,,,,,,,,,,,,,,,
,,,,,,,,,,,,,,,,,,,,,,,,,,,,,,,,,,,,,,,,,,,,,,,,,
,,,,,,,,,,,,,,,,,,,,,,,,,,,,,,,,,,,,,,,,,,,,,,,,,
,,,,,,,,,,,,,,,,,,,,,,,,,,,,,,,,,,,,,,,,,,,,,,,,,
,,,,#296 Makuhita,,,,,Lv.10,,,#066 Machop,,,,,Lv.10,,,,,,,,,,,,,,,,,,,,,,,,,,,,,,,,
,,,,,FIGHTING,,,,,,,,FIGHTING,,,,,,,,,,,,,,,,,,,,,,,,,,,,,,,,,,,,
,,YOUNGSTER SEBASTIAN [356],HP,Atk,Def,SpA,SpD,Spe,Total,,HP,Atk,Def,SpA,SpD,Spe,Total,,,,,,,,,,,,,,,,,,,,,,,,,,,,,,,,
,,,72,60,30,20,30,25,237,,70,80,50,35,35,35,305,,,,,,,,,,,,,,,,,,,,,,,,,,,,,,,,
,,The Youngster by himself,,No Item,,,Thick Fat,,,,,No Item,,,Guts,,,,,,,,,,,,,,,,,,,,,,,,,,,,,,,,,,
,,,"Relaxed (+Def, -Spe)",,,,,,12 IV,,Bashful (Neutral),,,,,,12 IV,,,,,,,,,,,,,,,,,,,,,,,,,,,,,,,,
,,,Fake Out,,,,40,100%,10PP,,Foresight,,,,--,--,40PP,,,,,,,,,,,,,,,,,,,,,,,,,,,,,,,,
,,,Arm Thrust,,,,15,100%,20PP,,Karate Chop,,,,50,100%,25PP,,,,,,,,,,,,,,,,,,,,,,,,,,,,,,,,
,,,Sand Attack,,,,--,100%,15PP,,Focus Energy,,,,--,--,30PP,,,,,,,,,,,,,,,,,,,,,,,,,,,,,,,,
,,(LOOKS UP),Focus Energy,,,,--,--,30PP,,Leer,,,,--,100%,30PP,,,,,,,,,,,,,,,,,,,,,,,,,,,,,,,,
,,,,,,,,,,,,,,,,,,,,,,,,,,,,,,,,,,,,,,,,,,,,,,,,,
,,,,,,,,,,,,,,,,,,,,,,,,,,,,,,,,,,,,,,,,,,,,,,,,,
,,,,,,,,,,,,,,,,,,,,,,,,,,,,,,,,,,,,,,,,,,,,,,,,,
,,,,#054 Psyduck,,,,,Lv.10,,,#191 Sunkern,,,,,Lv.10,,,,,,,,,,,,,,,,,,,,,,,,,,,,,,,,
,,,,,WATER,,,,,,,,GRASS,,,,,,,,,,,,,,,,,,,,,,,,,,,,,,,,,,,,
,,LASS MADELINE [322],HP,Atk,Def,SpA,SpD,Spe,Total,,HP,Atk,Def,SpA,SpD,Spe,Total,,,,,,,,,,,,,,,,,,,,,,,,,,,,,,,,
,,,50,52,48,65,50,55,320,,30,30,30,30,30,30,180,,,,,,,,,,,,,,,,,,,,,,,,,,,,,,,,
,,Can be fought alone or with Lass Kaitlin [323] in a double battle,,No Item,,,Damp,,,,,No Item,,,Chlorophyll,,,,,,,,,,,,,,,,,,,,,,,,,,,,,,,,,,
,,,"Relaxed (+Def, -Spe)",,,,,,12 IV,,"Bold (+Def, -Atk)",,,,,,12 IV,,,,,,,,,,,,,,,,,,,,,,,,,,,,,,,,
,,If fought in a double battle her team will be on the left,Confusion,,,,50,100%,25PP,,Mega Drain,,,,40,100%,15PP,,,,,,,,,,,,,,,,,,,,,,,,,,,,,,,,
,,,Water Gun,,,,40,100%,25PP,,Grass Whistle,,,,--,55%,15PP,,,,,,,,,,,,,,,,,,,,,,,,,,,,,,,,
,,,Tail Whip,,,,--,100%,30PP,,Ingrain,,,,--,--,20PP,,,,,,,,,,,,,,,,,,,,,,,,,,,,,,,,
,,(LOOKS LEFT),Scratch,,,,40,100%,35PP,,Growth,,,,--,--,20PP᠋,,,,,,,,,,,,,,,,,,,,,,,,,,,,,,,,
,,,,,,,,,,,,,,,,,,,,,,,,,,,,,,,,,,,,,,,,,,,,,,,,,
,,,,,,,,,,,,,,,,,,,,,,,,,,,,,,,,,,,,,,,,,,,,,,,,,
,,,,#021 Spearow,,,,,Lv.9,,,#104 Cubone,,,,,Lv.9,,,#298 Azurill,,,,,Lv.9,,,,,,,,,,,,,,,,,,,,,,,,
,,,,,NORMAL,,,FLYING,,,,,GROUND,,,,,,,,NORMAL,,,FAIRY឵ ឵,,,,,,,,,,,,,,,,,,,,,,,,,
,,LASS KAITLIN [323],HP,Atk,Def,SpA,SpD,Spe,Total,,HP,Atk,Def,SpA,SpD,Spe,Total,,HP,Atk,Def,SpA,SpD,Spe,Total,,,,,,,,,,,,,,,,,,,,,,,,
,,,40,60,30,31,31,70,262,,50,50,95,40,50,35,320,,50,20,40,40᠎,40,20,210᠎,,,,,,,,,,,,,,,,,,,,,,,,
,,Can be fought alone or with Lass Madeline [322] in a double battle,,No Item,,,Keen Eye,,,,,No Item,,,Rock Head,,,,,No Item,,,Huge Power ឵,,,,,,,,,,,,,,,,,,,,,,,,,,
,,,"Gentle (+SpD, -Def)",,,,,,12 IV,,"Naughty (+Atk, -SpD)",,,,,,12 IV,,Serious (Neutral),,,,,,12 IV,,,,,,,,,,,,,,,,,,,,,,,,
,,If fought in a double battle her team will be on the right,Pursuit,,,,40,100%,20PP,,Headbutt,,,,70,100%,15PP,,Charm,,,,--,100%,20PP,,,,,,,,,,,,,,,,,,,,,,,,
,,,Leer,,,,--,100%,30PP,,Sing,,,,--,55%,15PP,,Bubble,,,,40᠎,100%,30PP,,,,,,,,,,,,,,,,,,,,,,,,
,,,Growl,,,,--,100%,40PP,,Bone Club,,,,65,85%,20PP,,Water Sport,,,,--,--,15PP,,,,,,,,,,,,,,,,,,,,,,,,
,,(LOOKS RIGHT),Peck,,,,35,100%,35PP,,Tail Whip,,,,--,100%,30PP,,Tail Whip,,,,--,100%,30PP,,,,,,,,,,,,,,,,,,,,,,,,
,,,,,,,,,,,,,,,,,,,,,,,,,,,,,,,,,,,,,,,,,,,,,,,,,
,,,,,,,,,,,,,,,,,,,,,,,,,,,,,,,,,,,,,,,,,,,,,,,,,
,,OREBURGH GATE,,,,,,,,,,,,,,,,,,,,,,,,,,,,,,,,,,,,,,,,,,,,,,,
,,,,,,,,,,,,,,,,,,,,,,,,,,,,,,,,,,,,,,,,,,,,,,,,,
,,,,,,,,,,,,,,,,,,,,,,,,,,,,,,,,,,,,,,,,,,,,,,,,,
,,,,#273 Seedot,,,,,Lv.10,,,#050 Diglett,,,,,Lv.10,,,,,,,,,,,,,,,,,,,,,,,,,,,,,,,,
,,,,,GRASS,,,,,,,,GROUND,,,,,,,,,,,,,,,,,,,,,,,,,,,,,,,,,,,,
,,CAMPER CURTIS [265],HP,Atk,Def,SpA,SpD,Spe,Total,,HP,Atk,Def,SpA,SpD,Spe,Total,,,,,,,,,,,,,,,,,,,,,,,,,,,,,,,,
,,,40,40,50,30,30,30,220,,10,55,25,35,45,95,265,,,,,,,,,,,,,,,,,,,,,,,,,,,,,,,,
,,,,No Item,,,Chlorophyll,,,,,No Item,,,Sand Veil,,,,,,,,,,,,,,,,,,,,,,,,,,,,,,,,,,
,,,"Careful (+SpD, -SpA)",,,,,,12 IV,,"Brave (+Atk, -Spe)",,,,,,12 IV,,,,,,,,,,,,,,,,,,,,,,,,,,,,,,,,
,,,Nature Power,,,,--,--,20PP,,Bulldoze (!),,,,60,100%,20PP,,,,,,,,,,,,,,,,,,,,,,,,,,,,,,,,
,,,Bullet Seed,,,,25᠎,100%,30PP,,Astonish,,,,30,100%,15PP,,,,,,,,,,,,,,,,,,,,,,,,,,,,,,,,
,,,Growth,,,,--,--,20PP᠋,,Growl,,,,--,100%,40PP,,,,,,,,,,,,,,,,,,,,,,,,,,,,,,,,
,,(LOOKS UP),Harden,,,,--,--,30PP,,Mud-slap,,,,20,100%,10PP,,,,,,,,,,,,,,,,,,,,,,,,,,,,,,,,
,,,,,,,,,,,,,,,,,,,,,,,,,,,,,,,,,,,,,,,,,,,,,,,,,
,,,,,,,,,,,,,,,,,,,,,,,,,,,,,,,,,,,,,,,,,,,,,,,,,
,,,,,,,,,,,,,,,,,,,,,,,,,,,,,,,,,,,,,,,,,,,,,,,,,
,,,,#293 Whismur,,,,,Lv.10,,,#194 Wooper,,,,,Lv.10,,,,,,,,,,,,,,,,,,,,,,,,,,,,,,,,
,,,,,NORMAL,,,,,,,,WATER,,,GROUND,,,,,,,,,,,,,,,,,,,,,,,,,,,,,,,,,
,,PICKNICKER DIANA [329],HP,Atk,Def,SpA,SpD,Spe,Total,,HP,Atk,Def,SpA,SpD,Spe,Total,,,,,,,,,,,,,,,,,,,,,,,,,,,,,,,,
,,,64,51,23,51,23,28,240,,55,55᠎,55᠎,25,25,15,230᠎,,,,,,,,,,,,,,,,,,,,,,,,,,,,,,,,
,,,,No Item,,,Soundproof,,,,,No Item,,,Water Absorb឵ ឵,,,,,,,,,,,,,,,,,,,,,,,,,,,,,,,,,,
,,,Serious (Neutral),,,,,,12 IV,,"Lonely (+Atk, -Def)",,,,,,12 IV,,,,,,,,,,,,,,,,,,,,,,,,,,,,,,,,
,,,Uproar,,,,90᠎,100%,10PP,,Slam,,,,80,75%,20PP,,,,,,,,,,,,,,,,,,,,,,,,,,,,,,,,
,,,Astonish,,,,30,100%,15PP,,Mud Shot,,,,55,95%,15PP,,,,,,,,,,,,,,,,,,,,,,,,,,,,,,,,
,,,Disarming Voice (!),,,,50᠎,--,15PP,,Mud Sport,,,,--,--,15PP,,,,,,,,,,,,,,,,,,,,,,,,,,,,,,,,
,,(LOOKS DOWN),Howl,,,,--,--,40PP,,Tail Whip,,,,--,100%,30PP,,,,,,,,,,,,,,,,,,,,,,,,,,,,,,,,
,,,,,,,,,,,,,,,,,,,,,,,,,,,,,,,,,,,,,,,,,,,,,,,,,
,,,,,,,,,,,,,,,,,,,,,,,,,,,,,,,,,,,,,,,,,,,,,,,,,
,,OREBURGH CITY,,,,,,,,,,,,,,,,,,,,,,,,,,,,,,,,,,,,,,,,,,,,,,,
,,,,,,,,,,,,,,,,,,,,,,,,,,,,,,,,,,,,,,,,,,,,,,,,,
,,OREBURGH CITY POKEMON CENTER,,,,,,,,,,,,,,,,,,,,,,,,,,,,,,,,,,,,,,,,,,,,,,,
,,,,,,,,,,,,,,,,,,,,,,,,,,,,,,,,,,,,,,,,,,,,,,,,,
,,,,,,,,,,,,,,,,,,,,,,,,,,,,,,,,,,,,,,,,,,,,,,,,,
,,,,#252 Treecko,,,,,Lv.10,,,#255 Torchic,,,,,Lv.10,,,#258 Mudkip,,,,,Lv.10,,,,,,,,,,,,,,,,,,,,,,,,
,,,,,GRASS,,,,,,,,FIRE,,,,,,,,WATER,,,,,,,,,,,,,,,,,,,,,,,,,,,,
,,REPORTER HELEN [934],HP,Atk,Def,SpA,SpD,Spe,Total,,HP,Atk,Def,SpA,SpD,Spe,Total,,HP,Atk,Def,SpA,SpD,Spe,Total,,,,,,,,,,,,,,,,,,,,,,,,
,,,40,45,35,65,55,70,310,,45,60,40,70,50,45,310,,50,70,50,50,50,40,310,,,,,,,,,,,,,,,,,,,,,,,,
,,Is there a place in the Hoenn (...) - Y,,No Item,,,Unburden (!),,,,,No Item,,,Speed Boost (!),,,,,No Item,,,Torrent,,,,,,,,,,,,,,,,,,,,,,,,,,
,,Is it true that there are reporters (...) - N,"Sassy (+SpD, -Spe)",,,,,,12 IV,,"Bold (+Def, -Atk)",,,,,,12 IV,,"Mild (+SpA, -Def)",,,,,,12 IV,,,,,,,,,,,,,,,,,,,,,,,,
,,"Is Lisia, the Contest Spectacular (...) - N",Quick Attack,,,,40,100%,30PP,,Sand Attack,,,,--,100%,15PP,,Mud-slap,,,,20,100%,10PP,,,,,,,,,,,,,,,,,,,,,,,,
,,Where do you come from ? - Y or N,Absorb,,,,20,100%,25PP,,Ember,,,,40,100%,25PP,,Water Gun,,,,40,100%,25PP,,,,,,,,,,,,,,,,,,,,,,,,
,,,Leer,,,,--,100%,30PP,,Growl,,,,--,100%,40PP,,Growl,,,,--,100%,40PP,,,,,,,,,,,,,,,,,,,,,,,,
,,Gifts the Hoenn Starters when beaten,Pound,,,,40,100%,35PP,,Scratch,,,,40,100%,35PP,,Tackle,,,,40᠎,100%᠎,35PP,,,,,,,,,,,,,,,,,,,,,,,,
,,,,,,,,,,,,,,,,,,,,,,,,,,,,,,,,,,,,,,,,,,,,,,,,,
,,,,,,,,,,,,,,,,,,,,,,,,,,,,,,,,,,,,,,,,,,,,,,,,,
,,OREBURGH MINE,,,,,,,,,,,,,,,,,,,,,,,,,,,,,,,,,,,,,,,,,,,,,,,
,,,,,,,,,,,,,,,,,,,,,,,,,,,,,,,,,,,,,,,,,,,,,,,,,
,,,,,,,,,,,,,,,,,,,,,,,,,,,,,,,,,,,,,,,,,,,,,,,,,
,,,,#304 Aron,,,,,Lv.12,,,#231 Phanpy,,,,,Lv.12,,,#447 Riolu,,,,,Lv.12,,,,,,,,,,,,,,,,,,,,,,,,
,,,,,STEEL,,,ROCK,,,,,GROUND,,,,,,,,FIGHTING,,,,,,,,,,,,,,,,,,,,,,,,,,,,
,,WORKER MASON [196],HP,Atk,Def,SpA,SpD,Spe,Total,,HP,Atk,Def,SpA,SpD,Spe,Total,,HP,Atk,Def,SpA,SpD,Spe,Total,,,,,,,,,,,,,,,,,,,,,,,,
,,,50,70,100,40,40,30,330,,90,60,60,40,40,40,330,,40,70,40,35,40,60,285,,,,,,,,,,,,,,,,,,,,,,,,
,,,,No Item,,,Rock Head឵ ឵,,,,,No Item,,,Sand Veil (!),,,,,No Item,,,Steadfast,,,,,,,,,,,,,,,,,,,,,,,,,,
,,,"Relaxed (+Def, -Spe)",,,,,,12 IV,,"Jolly (+Spe, -SpA)",,,,,,12 IV,,"Careful (+SpD, -SpA)",,,,,,12 IV,,,,,,,,,,,,,,,,,,,,,,,,
,,,Metal Claw,,,,50,95%,35PP,,Rollout,,,,30,90%,20PP,,Force Palm,,,,60,100%,10PP,,,,,,,,,,,,,,,,,,,,,,,,
,,,Headbutt,,,,70,100%,15PP,,Headbutt,,,,70,100%,15PP,,Counter,,,,--,100%,20PP,,,,,,,,,,,,,,,,,,,,,,,,
,,Only fights you when talked to,Mud-slap,,,,20,100%,10PP,,Mud-slap,,,,20,100%,10PP,,Bite,,,,60,100%,25PP,,,,,,,,,,,,,,,,,,,,,,,,
,,(LOOKS LEFT),Harden,,,,--,--,30PP,,Defense Curl,,,,--,--,40PP,,Low Kick,,,,--,100%,20PP,,,,,,,,,,,,,,,,,,,,,,,,
,,,,,,,,,,,,,,,,,,,,,,,,,,,,,,,,,,,,,,,,,,,,,,,,,
,,,,,,,,,,,,,,,,,,,,,,,,,,,,,,,,,,,,,,,,,,,,,,,,,
,,,,,,,,,,,,,,,,,,,,,,,,,,,,,,,,,,,,,,,,,,,,,,,,,
,,,,#074 Geodude,,,,,Lv.12,,,#293 Whismur,,,,,Lv.12,,,#066 Machop,,,,,Lv.12,,,,,,,,,,,,,,,,,,,,,,,,
,,,,,ROCK,,,GROUND,,,,,NORMAL,,,,,,,,FIGHTING,,,,,,,,,,,,,,,,,,,,,,,,,,,,
,,WORKER COLIN [195],HP,Atk,Def,SpA,SpD,Spe,Total,,HP,Atk,Def,SpA,SpD,Spe,Total,,HP,Atk,Def,SpA,SpD,Spe,Total,,,,,,,,,,,,,,,,,,,,,,,,
,,,40,80,100,30,30,20,300,,64,51,23,51,23,28,240,,70,80,50,35,35,35,305,,,,,,,,,,,,,,,,,,,,,,,,
,,,,No Item,,,Rock Head,,,,,No Item,,,Soundproof,,,,,No Item,,,Guts,,,,,,,,,,,,,,,,,,,,,,,,,,
,,,"Mild (+SpA, -Def)",,,,,,12 IV,,"Timid (+Spe, -Atk)",,,,,,12 IV,,"Naive (+Spe, -SpD)",,,,,,12 IV,,,,,,,,,,,,,,,,,,,,,,,,
,,,Rock Throw,,,,50,90%,15PP,,Uproar,,,,90᠎,100%,10PP,,Foresight,,,,--,--,40PP,,,,,,,,,,,,,,,,,,,,,,,,
,,,Rock Polish,,,,--,--,20PP,,Astonish,,,,30,100%,15PP,,Karate Chop,,,,50,100%,25PP,,,,,,,,,,,,,,,,,,,,,,,,
,,Only fights you when talked to,Mud Sport,,,,--,--,15PP,,Disarming Voice (!),,,,50᠎,--,15PP,,Focus Energy,,,,--,--,30PP,,,,,,,,,,,,,,,,,,,,,,,,
,,(LOOKS UP),Defense Curl,,,,--,--,40PP,,Howl,,,,--,--,40PP,,Leer,,,,--,100%,30PP,,,,,,,,,,,,,,,,,,,,,,,,
,,,,,,,,,,,,,,,,,,,,,,,,,,,,,,,,,,,,,,,,,,,,,,,,,
,,,,,,,,,,,,,,,,,,,,,,,,,,,,,,,,,,,,,,,,,,,,,,,,,
,,OREBURGH GYM,,,,,,,,,,,,,,,,,,,,,,,,,,,,,,,,,,,,,,,,,,,,,,,
,,,,,,,,,,,,,,,,,,,,,,,,,,,,,,,,,,,,,,,,,,,,,,,,,
,,,,,,,,,,,,,,,,,,,,,,,,,,,,,,,,,,,,,,,,,,,,,,,,,
,,,,#111 Rhyhorn,,,,,Lv.13,,,#138 Omanyte,,,,,Lv.13,,,#140 Kabuto,,,,,Lv.13,,,,,,,,,,,,,,,,,,,,,,,,
,,,,,GROUND,,,ROCK,,,,,ROCK,,,WATER,,,,,ROCK,,,WATER,,,,,,,,,,,,,,,,,,,,,,,,,
,,YOUNGSTER JONATHON [244],HP,Atk,Def,SpA,SpD,Spe,Total,,HP,Atk,Def,SpA,SpD,Spe,Total,,HP,Atk,Def,SpA,SpD,Spe,Total,,,,,,,,,,,,,,,,,,,,,,,,
,,,80,85,95,30,30,25,345,,35,40,100,90,55,35,355,,30,80,90,55,45,55,355,,,,,,,,,,,,,,,,,,,,,,,,
,,,,No Item,,,Rock Head឵ ឵,,,,,No Item,,,Swift Swim,,,,,No Item,,,Swift Swim,,,,,,,,,,,,,,,,,,,,,,,,,,
,,,"Lax (+Def, -SpD)",,,,,,24 IV,,Docile (Neutral),,,,,,24 IV,,"Impish (+Def, -SpA)",,,,,,24 IV,,,,,,,,,,,,,,,,,,,,,,,,
,,,Stomp,,,,65,100%,20PP,,Rollout,,,,30,90%,20PP,,Rollout,,,,30,90%,20PP,,,,,,,,,,,,,,,,,,,,,,,,
,,,Bulldoze (!),,,,60,100%,20PP,,Bite,,,,60,100%,25PP,,Aqua Jet,,,,40,100%,20PP,,,,,,,,,,,,,,,,,,,,,,,,
,,,Scary Face,,,,--,100%᠎,10PP,,Leer,,,,--,100%,30PP,,Absorb,,,,20,100%,25PP,,,,,,,,,,,,,,,,,,,,,,,,
,,(LOOKS RIGHT),Fury Attack,,,,15,85%,20PP,,Withdraw,,,,--,--,40PP,,Leer,,,,--,100%,30PP,,,,,,,,,,,,,,,,,,,,,,,,
,,,,,,,,,,,,,,,,,,,,,,,,,,,,,,,,,,,,,,,,,,,,,,,,,
,,,,,,,,,,,,,,,,,,,,,,,,,,,,,,,,,,,,,,,,,,,,,,,,,
,,,,,,,,,,,,,,,,,,,,,,,,,,,,,,,,,,,,,,,,,,,,,,,,,
,,,,#304 Aron,,,,,Lv.13,,,#347 Anorith,,,,,Lv.13,,,#345 Lileep,,,,,Lv.13,,,,,,,,,,,,,,,,,,,,,,,,
,,,,,STEEL,,,ROCK,,,,,ROCK,,,BUG,,,,,ROCK,,,GRASS,,,,,,,,,,,,,,,,,,,,,,,,,
,,YOUNGSTER DARIUS [245],HP,Atk,Def,SpA,SpD,Spe,Total,,HP,Atk,Def,SpA,SpD,Spe,Total,,HP,Atk,Def,SpA,SpD,Spe,Total,,,,,,,,,,,,,,,,,,,,,,,,
,,,50,70,100,40,40,30,330,,45,95,50,40,50,75,355,,66,41,77,61,87,23,355,,,,,,,,,,,,,,,,,,,,,,,,
,,,,No Item,,,Rock Head឵ ឵,,,,,No Item,,,Battle Armor,,,,,No Item,,,Suction Cups,,,,,,,,,,,,,,,,,,,,,,,,,,
,,,"Relaxed (+Def, -Spe)",,,,,,24 IV,,"Lax (+Def, -SpD)",,,,,,24 IV,,"Lonely (+Atk, -Def)",,,,,,24 IV,,,,,,,,,,,,,,,,,,,,,,,,
,,,Rock Throw,,,,50,90%,15PP,,Fury Cutter,,,,40᠎,95%,20PP,,Confuse Ray,,,,--,100%,10PP,,,,,,,,,,,,,,,,,,,,,,,,
,,,Metal Claw,,,,50,95%,35PP,,Aqua Jet,,,,40,100%,20PP,,Ingrain,,,,--,--,20PP,,,,,,,,,,,,,,,,,,,,,,,,
,,,Headbutt,,,,70,100%,15PP,,Mud Sport,,,,--,--,15PP,,Acid,,,,40,100%,30PP,,,,,,,,,,,,,,,,,,,,,,,,
,,(LOOKS LEFT),Mud-slap,,,,20,100%,10PP,,Water Gun,,,,40,100%,25PP,,Astonish,,,,30,100%,15PP,,,,,,,,,,,,,,,,,,,,,,,,
,,,,,,,,,,,,,,,,,,,,,,,,,,,,,,,,,,,,,,,,,,,,,,,,,
,,,,,,,,,,,,,,,,,,,,,,,,,,,,,,,,,,,,,,,,,,,,,,,,,
,,,,,,,,,,,,,,,,,,,,,,,,,,,,,,,,,,,,,,,,,,,,,,,,,
,,,,#299 Nosepass,,,,,Lv.15,,,#438 Bonsly,,,,,Lv.15,,,#074 Geodude,,,,,Lv.15,,,#095 Onix,,,,,Lv.15,,,#246 Larvitar,,,,,Lv.15,,,#408 Cranidos,,,,,Lv.16
,,,,,ROCK,,,,,,,,ROCK,,,,,,,,ROCK,,,GROUND,,,,,ROCK,,,GROUND,,,,,ROCK,,,GROUND,,,,,ROCK,,,,
,,GYM LEADER ROARK [246],HP,Atk,Def,SpA,SpD,Spe,Total,,HP,Atk,Def,SpA,SpD,Spe,Total,,HP,Atk,Def,SpA,SpD,Spe,Total,,HP,Atk,Def,SpA,SpD,Spe,Total,,HP,Atk,Def,SpA,SpD,Spe,Total,,HP,Atk,Def,SpA,SpD,Spe,Total
,,,30,35᠋,135,55᠎,90,30,375,,60᠎,85᠎,95,10,55᠎,10,315᠎,,40,80,100,30,30,20,300,,35,75᠎,160,30,45,80᠎,425᠎,,50,64,50,45,50,41,300,,67,125,40,30,30,58,350
,,Once beaten he gives you the Coal Badge allowing you to use Rock Smash outside of battle and TM76s Stealth Rock,,Smooth Rock,,,Sturdy,,,,,Rindo Berry,,,Rock Head឵ ឵,,,,,Expert Belt,,,Rock Head,,,,,Muscle Band,,,Rock Head,,,,,Flame Orb,,,Guts,,,,,Sitrus Berry,,,Rock Head (!),,
,,,"Modest (+SpA, -Atk)",,,,,,30 IV,,"Impish (+Def, -SpA)",,,,,,30 IV,,"Adamant (+Atk, -SpA)",,,,,,29 IV,,"Jolly (+Spe, -SpA)",,,,,,29 IV,,"Jolly (+Spe, -SpA)",,,,,,30 IV,,"Hasty (+Spe, -Def)",,,,,,30 IV
,,,Stealth Rock,,,,--,--,20PP,,Stealth Rock,,,,--,--,20PP,,Bulldoze (!),,,,60,100%,20PP,,Stealth Rock,,,,--,--,20PP,,Rock Tomb,,,,60᠎,80%,15PP᠎,,Zen Headbutt,,,,80,90%,15PP
,,,Sandstorm,,,,--,--,10PP,,Brick Break,,,,75,100%,15PP,,Rock Tomb,,,,60᠎,80%,15PP᠎,,Rock Tomb,,,,60᠎,80%,15PP᠎,,Bulldoze (!),,,,60,100%,20PP,,Rock Tomb,,,,60᠎,80%,15PP᠎
,,can use : 1 SUPER POTION,Thunder Wave,,,,--,90%᠎,20PP,,Rollout,,,,30,90%,20PP,,Fire Punch,,,,75,100%,15PP,,Bulldoze (!),,,,60,100%,20PP,,Bite,,,,60,100%,25PP,,Thunder Punch,,,,75,100%,15PP
,,1 POTION,Shock Wave,,,,60,--,20PP,,Defense Curl,,,,--,--,40PP,,Thunder Punch,,,,75,100%,15PP,,Sandstorm,,,,--,--,10PP,,Protect,,,,--,--,10PP,,Scary Face,,,,--,100%᠎,10PP