,,VOLKNER SPLIT,,,,,LVL CAP : 62,,,,,,,,,,,,,,,,,,,,,,,,,,,,,,,,,,,,,,,,,,
,,,,,,,,,,,,,,,,,,,,,,,,,,,,,,,,,,,,,,,,,,,,,,,,,
,,,,,,,,,,,,,,,,,,,,,,,,,,,,,,,,,,,,,,,,,,,,,,,,,
,,,,#000 Pokemon,,,,,Lv.00,,Icon,#000 Pokemon,,,,,Lv.00,,Icon,#000 Pokemon,,,,,Lv.00,,Icon,#000 Pokemon,,,,,Lv.00,,Icon,#000 Pokemon,,,,,Lv.00,,Icon,#000 Pokemon,,,,,Lv.00
,,,,,TYPE I,,,TYPE II,,,,,TYPE I,,,TYPE II,,,,,NEW I,,,TYPE II,,,,,TYPE I,,,NEW II,,,,,TYPE I,,,TYPE II,,,,,TYPE I,,,TYPE II,
,,MandatoryOptional,HP,Atk,Def,SpA,SpD,Spe,Total,,HP,Atk,Def,SpA,SpD,Spe,Total,,HP,Atk,Def,SpA,SpD,Spe,Total,,HP,Atk,Def,SpA,SpD,Spe,Total,,HP,Atk,Def,SpA,SpD,Spe,Total,,HP,Atk,Def,SpA,SpD,Spe,Total
,,Conditions,Stats,,,,,,,,Stats,,,,,,,,Stats,,,,,,,,Stats,,,,,,,,Increased Stats᠎,,,,,,,,Decreased Stats᠋,,,,,,
,,Situated,Icon,Held Item,,,Ability I,,,,Icon,Held Item,,,Ability I,,,,Icon,Held Item,,,Ability I,,,,Icon,Held Item,,,Ability I,,,,Icon,Held Item,,,Switched Ability឵,,,,Icon,Held Item,,,New Ability (!),,
,,Use,"Nature (+Stat, -Stat)",,,,,,00 IV,,"Nature (+Stat, -Stat)",,,,,,00 IV,,"Nature (+Stat, -Stat)",,,,,,00 IV,,"Nature (+Stat, -Stat)",,,,,,00 IV,,"Nature (+Stat, -Stat)",,,,,,00 IV,,"Nature (+Stat, -Stat)",,,,,,00 IV
,,Move,New Attack 1 (!),,,Type,Pow,Acc,PP,,Attack 1,,,NEW,Pow,Acc,PP,,Attack 1,,,Type,Pow,Acc,PP,,Attack 1,,,Type,Pow,Acc,PP,,Attack 1,,,Type,Increased Stats᠎,,,,Attack 1,,,Type,Decreased Stats᠋,,
,,Info,New Attack 2 (!),,,Type,Pow,Acc,PP,,Attack 2,,,NEW,Pow,Acc,PP,,Attack 2,,,Type,Pow,Acc,PP,,Attack 2,,,Type,Pow,Acc,PP,,Attack 2,,,Type,Increased Stats᠎,,,,Attack 2,,,Type,Decreased Stats᠋,,
,,Gifts,New Attack 3 (!),,,Type,Pow,Acc,PP,,Attack 3,,,NEW,Pow,Acc,PP,,Attack 3,,,Type,Pow,Acc,PP,,Attack 3,,,Type,Pow,Acc,PP,,Attack 3,,,Type,Increased Stats᠎,,,,Attack 3,,,Type,Decreased Stats᠋,,
,,Spinning,New Attack 4 (!),,,Type,Pow,Acc,PP,,Attack 4,,,NEW,Pow,Acc,PP,,Attack 4,,,Type,Pow,Acc,PP,,Attack 4,,,Type,Pow,Acc,PP,,Attack 4,,,Type,Increased Stats᠎,,,,Attack 4,,,Type,Decreased Stats᠋,,
,,,,,,,,,,,,,,,,,,,,,,,,,,,,,,,,,,,,,,,,,,,,,,,,,
,,,,,,,,,,,,,,,,,,,,,,,,,,,,,,,,,,,,,,,,,,,,,,,,,
,,ROCK CLIMB IS NOW ACCESSIBLE ! YOU CAN NOW BACKTRACK TO PREVIOUS AREAS AND FIGHT THESE TRAINERS :,,,,,,,,,,,,,,,,,,,,,,,,,,,,,,,,,,,,,,,,,,,,,,,
,,,,,,,,,,,,,,,,,,,,,,,,,,,,,,,,,,,,,,,,,,,,,,,,,
,,ROUTE 216,,,,,,,,,,,,,,,,,,,,,,,,,,,,,,,,,,,,,,,,,,,,,,,
,,,,,,,,,,,,,,,,,,,,,,,,,,,,,,,,,,,,,,,,,,,,,,,,,
,,,,,,,,,,,,,,,,,,,,,,,,,,,,,,,,,,,,,,,,,,,,,,,,,
,,,,#297 Hariyama,,,,,Lv.55,,,#068 Machamp,,,,,Lv.55,,,,,,,,,,,,,,,,,,,,,,,,,,,,,,,,
,,,,,FIGHTING,,,,,,,,FIGHTING,,,,,,,,,,,,,,,,,,,,,,,,,,,,,,,,,,,,
,,BLACK BELT PHILIP [258],HP,Atk,Def,SpA,SpD,Spe,Total,,HP,Atk,Def,SpA,SpD,Spe,Total,,,,,,,,,,,,,,,,,,,,,,,,,,,,,,,,
,,,144,120,60,40,60,50,474,,90,130,80,65,85,55,505,,,,,,,,,,,,,,,,,,,,,,,,,,,,,,,,
,,,,No Item,,,Thick Fat,,,,,No Item,,,Guts,,,,,,,,,,,,,,,,,,,,,,,,,,,,,,,,,,
,,,"Quiet (+SpA, -Spe)",,,,,,24 IV,,Hardy (Neutral),,,,,,24 IV,,,,,,,,,,,,,,,,,,,,,,,,,,,,,,,,
,,,Endure,,,,--,--,10PP,,Cross Chop,,,,100,80%,5PP,,,,,,,,,,,,,,,,,,,,,,,,,,,,,,,,
,,,Close Combat,,,,120,100%,5PP,,Scary Face,,,,--,100%᠎,10PP,,,,,,,,,,,,,,,,,,,,,,,,,,,,,,,,
,,,Reversal,,,,--,100%,15PP,,Dynamic Punch,,,,100,50%,5PP,,,,,,,,,,,,,,,,,,,,,,,,,,,,,,,,
,,(LOOKS UP AND RIGHT),Counter,,,,--,100%,20PP,,Close Combat,,,,120,100%,5PP,,,,,,,,,,,,,,,,,,,,,,,,,,,,,,,,
,,,,,,,,,,,,,,,,,,,,,,,,,,,,,,,,,,,,,,,,,,,,,,,,,
,,,,,,,,,,,,,,,,,,,,,,,,,,,,,,,,,,,,,,,,,,,,,,,,,
,,,,,,,,,,,,,,,,,,,,,,,,,,,,,,,,,,,,,,,,,,,,,,,,,
,,,,#131 Lapras,,,,,Lv.55,,,,,,,,,,,,,,,,,,,,,,,,,,,,,,,,,,,,,,,,
,,,,,WATER,,,ICE,,,,,,,,,,,,,,,,,,,,,,,,,,,,,,,,,,,,,,,,,
,,SKIER KAITLYN [138],HP,Atk,Def,SpA,SpD,Spe,Total,,,,,,,,,,,,,,,,,,,,,,,,,,,,,,,,,,,,,,,,
,,,130,85,80,85,95,60,535,,,,,,,,,,,,,,,,,,,,,,,,,,,,,,,,,,,,,,,,
,,,,No Item,,,Water Absorb,,,,,,,,,,,,,,,,,,,,,,,,,,,,,,,,,,,,,,,,,,
,,,Docile (Neutral),,,,,,12 IV,,,,,,,,,,,,,,,,,,,,,,,,,,,,,,,,,,,,,,,,
,,,Avalanche,,,,60,100%,10PP,,,,,,,,,,,,,,,,,,,,,,,,,,,,,,,,,,,,,,,,
,,,Megahorn,,,,120,85%,10PP,,,,,,,,,,,,,,,,,,,,,,,,,,,,,,,,,,,,,,,,
,,"(SKIS IN A CIRCLE, COUNTERCLOCKWISE)",Hydro Pump,,,,110᠋,80%,5PP,,,,,,,,,,,,,,,,,,,,,,,,,,,,,,,,,,,,,,,,
,,,Sheer Cold,,,,--,30%,5PP,,,,,,,,,,,,,,,,,,,,,,,,,,,,,,,,,,,,,,,,
,,,,,,,,,,,,,,,,,,,,,,,,,,,,,,,,,,,,,,,,,,,,,,,,,
,,,,,,,,,,,,,,,,,,,,,,,,,,,,,,,,,,,,,,,,,,,,,,,,,
,,,,,,,,,,,,,,,,,,,,,,,,,,,,,,,,,,,,,,,,,,,,,,,,,
,,,,#221 Piloswine,,,,,Lv.54,,,#362 Glalie,,,,,Lv.54,,,,,,,,,,,,,,,,,,,,,,,,,,,,,,,,
,,,,,ICE,,,GROUND,,,,,ICE,,,ROCK឵ ឵,,,,,,,,,,,,,,,,,,,,,,,,,,,,,,,,,
,,SKIER BRADLEY [136],HP,Atk,Def,SpA,SpD,Spe,Total,,HP,Atk,Def,SpA,SpD,Spe,Total,,,,,,,,,,,,,,,,,,,,,,,,,,,,,,,,
,,,100,100,80,60,60,50,450,,80,110᠎,110᠎,60᠋,60᠋,80,500᠎,,,,,,,,,,,,,,,,,,,,,,,,,,,,,,,,
,,,,No Item,,,Thick Fat (!),,,,,No Item,,,Levitate (!),,,,,,,,,,,,,,,,,,,,,,,,,,,,,,,,,,
,,,"Naughty (+Atk, -SpD)",,,,,,12 IV,,"Hasty (+Spe, -Def)",,,,,,12 IV,,,,,,,,,,,,,,,,,,,,,,,,,,,,,,,,
,,,Thrash,,,,120᠎,100%,10PP᠋,,Switcheroo,,,,--,100%,10PP,,,,,,,,,,,,,,,,,,,,,,,,,,,,,,,,
,,,Icicle Crash (!),,,,85,90%,10PP,,Hail,,,,--,--,10PP,,,,,,,,,,,,,,,,,,,,,,,,,,,,,,,,
,,(SKIS BACK AND FOURTH WHILE SPINNING),Amnesia,,,,--,--,20PP,,Blizzard,,,,110᠋,70%,5PP,,,,,,,,,,,,,,,,,,,,,,,,,,,,,,,,
,,,Blizzard,,,,110᠋,70%,5PP,,Sheer Cold,,,,--,30%,5PP,,,,,,,,,,,,,,,,,,,,,,,,,,,,,,,,
,,,,,,,,,,,,,,,,,,,,,,,,,,,,,,,,,,,,,,,,,,,,,,,,,
,,,,,,,,,,,,,,,,,,,,,,,,,,,,,,,,,,,,,,,,,,,,,,,,,
,,,,,,,,,,,,,,,,,,,,,,,,,,,,,,,,,,,,,,,,,,,,,,,,,
,,,,#460 Abomasnow,,,,,Lv.55,,,,,,,,,,,,,,,,,,,,,,,,,,,,,,,,,,,,,,,,
,,,,,ICE,,,GRASS,,,,,,,,,,,,,,,,,,,,,,,,,,,,,,,,,,,,,,,,,
,,SKIER ANDREA [139],HP,Atk,Def,SpA,SpD,Spe,Total,,,,,,,,,,,,,,,,,,,,,,,,,,,,,,,,,,,,,,,,
,,,90,92,75,92,85,60,494,,,,,,,,,,,,,,,,,,,,,,,,,,,,,,,,,,,,,,,,
,,There are 4 items all around her,,No Item,,,Snow Warning,,,,,,,,,,,,,,,,,,,,,,,,,,,,,,,,,,,,,,,,,,
,,- a Mental Herb,Quirky (Neutral),,,,,,12 IV,,,,,,,,,,,,,,,,,,,,,,,,,,,,,,,,,,,,,,,,
,,- a HP Up,Mist,,,,--,--,30PP,,,,,,,,,,,,,,,,,,,,,,,,,,,,,,,,,,,,,,,,
,,- a Blue Flute,Icicle Crash (!),,,,85,90%,10PP,,,,,,,,,,,,,,,,,,,,,,,,,,,,,,,,,,,,,,,,
,,- a Max Potion,Blizzard,,,,110᠋,70%,5PP,,,,,,,,,,,,,,,,,,,,,,,,,,,,,,,,,,,,,,,,
,,"(SKIS IN A CIRCLE, CLOCKWISE)",Sheer Cold,,,,--,30%,5PP,,,,,,,,,,,,,,,,,,,,,,,,,,,,,,,,,,,,,,,,
,,,,,,,,,,,,,,,,,,,,,,,,,,,,,,,,,,,,,,,,,,,,,,,,,
,,,,,,,,,,,,,,,,,,,,,,,,,,,,,,,,,,,,,,,,,,,,,,,,,
,,BACK TO THE MAIN STORY,,,,,,,,,,,,,,,,,,,,,,,,,,,,,,,,,,,,,,,,,,,,,,,
,,,,,,,,,,,,,,,,,,,,,,,,,,,,,,,,,,,,,,,,,,,,,,,,,
,,VEILSTONE CITY,,,,,,,,,,,,,,,,,,,,,,,,,,,,,,,,,,,,,,,,,,,,,,,
,,,,,,,,,,,,,,,,,,,,,,,,,,,,,,,,,,,,,,,,,,,,,,,,,
,,GALACTIC HQ (do not forget to talk to the grunt standing outside the galactic hq building to encounter Looker and start the event),,,,,,,,,,,,,,,,,,,,,,,,,,,,,,,,,,,,,,,,,,,,,,,
,,,,,,,,,,,,,,,,,,,,,,,,,,,,,,,,,,,,,,,,,,,,,,,,,
,,GALACTIC WAREHOUSE,,,,,,,,,,,,,,,,,,,,,,,,,,,,,,,,,,,,,,,,,,,,,,,
,,,,,,,,,,,,,,,,,,,,,,,,,,,,,,,,,,,,,,,,,,,,,,,,,
,,GALACTIC WAREHOUSE ~ B1F,,,,,,,,,,,,,,,,,,,,,,,,,,,,,,,,,,,,,,,,,,,,,,,
,,,,,,,,,,,,,,,,,,,,,,,,,,,,,,,,,,,,,,,,,,,,,,,,,
,,,,,,,,,,,,,,,,,,,,,,,,,,,,,,,,,,,,,,,,,,,,,,,,,
,,,,#042 Golbat,,,,,Lv.53,,,#269 Dustox,,,,,Lv.53,,,#047 Parasect,,,,,Lv.53,,,,,,,,,,,,,,,,,,,,,,,,
,,,,,POISON,,,FLYING,,,,,BUG,,,POISON,,,,,BUG,,,GRASS,,,,,,,,,,,,,,,,,,,,,,,,,
,,GALACTIC GRUNT [507],HP,Atk,Def,SpA,SpD,Spe,Total,,HP,Atk,Def,SpA,SpD,Spe,Total,,HP,Atk,Def,SpA,SpD,Spe,Total,,,,,,,,,,,,,,,,,,,,,,,,
,,,75,80,70,65,75,90,455,,60,50,75᠎,75᠎,115᠎,75᠎,450᠎,,60,115᠎,100᠎,55᠋,90᠎,30,450᠎,,,,,,,,,,,,,,,,,,,,,,,,
,,,,No Item,,,Inner Focus,,,,,No Item,,,Shield Dust,,,,,No Item,,,Effect Spore,,,,,,,,,,,,,,,,,,,,,,,,,,
,,,"Lax (+Def, -SpD)",,,,,,12 IV,,"Timid (+Spe, -Atk)",,,,,,12 IV,,"Adamant (+Atk, -SpA)",,,,,,12 IV,,,,,,,,,,,,,,,,,,,,,,,,
,,,Haze,,,,--,--,30PP,,Tailwind,,,,--,--,15PP᠋,,Cross Poison,,,,90᠎,100%,15PP᠋,,,,,,,,,,,,,,,,,,,,,,,,
,,,Zen Headbutt,,,,80,90%,15PP,,Protect,,,,--,--,10PP,,Knock Off,,,,65᠎,100%,20PP,,,,,,,,,,,,,,,,,,,,,,,,
,,(there's zinc after him),Nasty Plot,,,,--,--,20PP,,Whirlwind,,,,--,100%,20PP,,Giga Drain,,,,75᠎,100%,10PP,,,,,,,,,,,,,,,,,,,,,,,,
,,(LOOKS LEFT AND UP),Brave Bird,,,,120,100%,15PP,,Hurricane (!),,,,110,70%,10PP,,Aromatherapy,,,,--,--,5PP,,,,,,,,,,,,,,,,,,,,,,,,
,,,,,,,,,,,,,,,,,,,,,,,,,,,,,,,,,,,,,,,,,,,,,,,,,
,,,,,,,,,,,,,,,,,,,,,,,,,,,,,,,,,,,,,,,,,,,,,,,,,
,,,,,,,,,,,,,,,,,,,,,,,,,,,,,,,,,,,,,,,,,,,,,,,,,
,,,,#198 Murkrow,,,,,Lv.54,,,#229 Houndoom,,,,,Lv.54,,,,,,,,,,,,,,,,,,,,,,,,,,,,,,,,
,,,,,DARK,,,FLYING,,,,,DARK,,,FIRE,,,,,,,,,,,,,,,,,,,,,,,,,,,,,,,,,
,,GALACTIC GRUNT [508],HP,Atk,Def,SpA,SpD,Spe,Total,,HP,Atk,Def,SpA,SpD,Spe,Total,,,,,,,,,,,,,,,,,,,,,,,,,,,,,,,,
,,,60,85,42,85,42,91,405,,75,90,50,110,80,95,500,,,,,,,,,,,,,,,,,,,,,,,,,,,,,,,,
,,,,No Item,,,Super Luck឵ ឵,,,,,No Item,,,Intimidate (!),,,,,,,,,,,,,,,,,,,,,,,,,,,,,,,,,,
,,,"Relaxed (+Def, -Spe)",,,,,,12 IV,,"Bold (+Def, -Atk)",,,,,,12 IV,,,,,,,,,,,,,,,,,,,,,,,,,,,,,,,,
,,,Tailwind,,,,--,--,15PP᠋,,Flamethrower,,,,90᠋,100%,15PP,,,,,,,,,,,,,,,,,,,,,,,,,,,,,,,,
,,,Dark Pulse,,,,80,100%,15PP,,Dark Pulse,,,,80,100%,15PP,,,,,,,,,,,,,,,,,,,,,,,,,,,,,,,,
,,,Torment,,,,--,100%,15PP,,Embargo,,,,--,100%,15PP,,,,,,,,,,,,,,,,,,,,,,,,,,,,,,,,
,,(LOOKS DOWN),Brave Bird,,,,120,100%,15PP,,Nasty Plot,,,,--,--,20PP,,,,,,,,,,,,,,,,,,,,,,,,,,,,,,,,
,,,,,,,,,,,,,,,,,,,,,,,,,,,,,,,,,,,,,,,,,,,,,,,,,
,,,,,,,,,,,,,,,,,,,,,,,,,,,,,,,,,,,,,,,,,,,,,,,,,
,,GALACTIC HQ (ENTERING FROM GALACTIC WAREHOUSE) ~ GROUND FLOOR,,,,,,,,,,,,,,,,,,,,,,,,,,,,,,,,,,,,,,,,,,,,,,,
,,,,,,,,,,,,,,,,,,,,,,,,,,,,,,,,,,,,,,,,,,,,,,,,,
,,GALACTIC HQ (ENTERING FROM GALACTIC WAREHOUSE) ~ FIRST FLOOR,,,,,,,,,,,,,,,,,,,,,,,,,,,,,,,,,,,,,,,,,,,,,,,
,,,,,,,,,,,,,,,,,,,,,,,,,,,,,,,,,,,,,,,,,,,,,,,,,
,,,,,,,,,,,,,,,,,,,,,,,,,,,,,,,,,,,,,,,,,,,,,,,,,
,,,,#267 Beautifly,,,,,Lv.53,,,#432 Purugly,,,,,Lv.53,,,#416 Vespiquen,,,,,Lv.53,,,,,,,,,,,,,,,,,,,,,,,,
,,,,,BUG,,,FLYING,,,,,NORMAL,,,,,,,,BUG,,,FLYING,,,,,,,,,,,,,,,,,,,,,,,,,
,,GALACTIC GRUNT [428],HP,Atk,Def,SpA,SpD,Spe,Total,,HP,Atk,Def,SpA,SpD,Spe,Total,,HP,Atk,Def,SpA,SpD,Spe,Total,,,,,,,,,,,,,,,,,,,,,,,,
,,,60,70,60᠎,125᠎,60᠎,75᠎,450᠎,,90᠎,95᠎,70᠎,65᠎,60᠎,115᠎,495᠎,,70,80,102,80,102,40,474,,,,,,,,,,,,,,,,,,,,,,,,
,,,,No Item,,,Swarm,,,,,No Item,,,Thick Fat,,,,,No Item,,,Intimidate (!),,,,,,,,,,,,,,,,,,,,,,,,,,
,,after him :,"Modest (+SpA, -Atk)",,,,,,12 IV,,"Quiet (+SpA, -Spe)",,,,,,12 IV,,Quirky (Neutral),,,,,,12 IV,,,,,,,,,,,,,,,,,,,,,,,,
,,- left teleporter lets you continue,Air Slash,,,,75,95%,15PP᠋,,Play Rough (!),,,,90,90%,10PP,,Captivate,,,,--,100%,20PP,,,,,,,,,,,,,,,,,,,,,,,,
,,- right teleporter leads you to            TM49s Snatch,Rage,,,,20,100%,20PP,,Attract,,,,--,100%,15PP,,Swagger,,,,--,85%᠋,15PP,,,,,,,,,,,,,,,,,,,,,,,,
,,,Whirlwind,,,,--,100%,20PP,,Body Slam,,,,85,100%,15PP,,Tailwind,,,,--,--,15PP᠋,,,,,,,,,,,,,,,,,,,,,,,,
,,(LOOKS LEFT AND DOWN),Hurricane (!),,,,110,70%,10PP,,Flail,,,,--,100%,15PP,,Destiny Bond,,,,--,--,5PP,,,,,,,,,,,,,,,,,,,,,,,,
,,,,,,,,,,,,,,,,,,,,,,,,,,,,,,,,,,,,,,,,,,,,,,,,,
,,,,,,,,,,,,,,,,,,,,,,,,,,,,,,,,,,,,,,,,,,,,,,,,,
,,GALACTIC HQ (ENTERING FROM GALACTIC WAREHOUSE) ~ SECOND FLOOR,,,,,,,,,,,,,,,,,,,,,,,,,,,,,,,,,,,,,,,,,,,,,,,
,,,,,,,,,,,,,,,,,,,,,,,,,,,,,,,,,,,,,,,,,,,,,,,,,
,,,,,,,,,,,,,,,,,,,,,,,,,,,,,,,,,,,,,,,,,,,,,,,,,
,,,,#454 Toxicroak,,,,,Lv.54,,,#435 Skuntank,,,,,Lv.54,,,,,,,,,,,,,,,,,,,,,,,,,,,,,,,,
,,,,,POISON,,,FIGHTING,,,,,POISON,,,DARK,,,,,,,,,,,,,,,,,,,,,,,,,,,,,,,,,
,,GALACTIC GRUNT [510],HP,Atk,Def,SpA,SpD,Spe,Total,,HP,Atk,Def,SpA,SpD,Spe,Total,,,,,,,,,,,,,,,,,,,,,,,,,,,,,,,,
,,if you take the staircase past him it leads you to a close door you can't open yet. this path is optional,83,106,65,86,65,85,490,,115᠎,95᠎,70᠎,70᠋,60᠋,85᠎,495᠎,,,,,,,,,,,,,,,,,,,,,,,,,,,,,,,,
,,,,No Item,,,Dry Skin឵ ឵,,,,,No Item,,,Aftermath឵ ឵,,,,,,,,,,,,,,,,,,,,,,,,,,,,,,,,,,
,,,Docile (Neutral),,,,,,12 IV,,"Gentle (+SpD, -Def)",,,,,,12 IV,,,,,,,,,,,,,,,,,,,,,,,,,,,,,,,,
,,if you take the teleporter to his left it leads you to Scientist Frederick [830] and the path to the key needed to progress,Sucker Punch,,,,70᠋,100%,5PP,,Crunch,,,,80,100%,15PP,,,,,,,,,,,,,,,,,,,,,,,,,,,,,,,,
,,,Cross Chop,,,,100,80%,5PP,,Sludge Bomb,,,,90,100%,10PP,,,,,,,,,,,,,,,,,,,,,,,,,,,,,,,,
,,,Sludge Bomb,,,,90,100%,10PP,,Play Rough (!),,,,90,90%,10PP,,,,,,,,,,,,,,,,,,,,,,,,,,,,,,,,
,,(LOOKS UP),Flatter,,,,--,100%,15PP,,Sucker Punch,,,,70᠋,100%,5PP,,,,,,,,,,,,,,,,,,,,,,,,,,,,,,,,
,,,,,,,,,,,,,,,,,,,,,,,,,,,,,,,,,,,,,,,,,,,,,,,,,
,,,,,,,,,,,,,,,,,,,,,,,,,,,,,,,,,,,,,,,,,,,,,,,,,
,,GALACTIC HQ (ENTERING FROM GALACTIC WAREHOUSE) ~ FIRST FLOOR,,,,,,,,,,,,,,,,,,,,,,,,,,,,,,,,,,,,,,,,,,,,,,,
,,,,,,,,,,,,,,,,,,,,,,,,,,,,,,,,,,,,,,,,,,,,,,,,,
,,,,,,,,,,,,,,,,,,,,,,,,,,,,,,,,,,,,,,,,,,,,,,,,,
,,,,#281 Kirlia,,,,,Lv.53,,,#064 Kadabra,,,,,Lv.53,,,#082 Magneton,,,,,Lv.53,,,,,,,,,,,,,,,,,,,,,,,,
,,,,,PSYCHIC,,,FAIRY឵ ឵,,,,,PSYCHIC,,,,,,,,ELECTRIC,,,STEEL,,,,,,,,,,,,,,,,,,,,,,,,,
,,SCIENTIST FREDRICK [830],HP,Atk,Def,SpA,SpD,Spe,Total,,HP,Atk,Def,SpA,SpD,Spe,Total,,HP,Atk,Def,SpA,SpD,Spe,Total,,,,,,,,,,,,,,,,,,,,,,,,
,,Completely optional,38,35,35,95᠎,85᠎,50,338᠎,,40,35,30,120,70,105,400,,50,60,95,120,70,70,465,,,,,,,,,,,,,,,,,,,,,,,,
,,You can go around hilm to get to a Dubious Disc and a staircase,,No Item,,,Synchronize,,,,,No Item,,,Magic Guard (!),,,,,No Item,,,Magnet Pull,,,,,,,,,,,,,,,,,,,,,,,,,,
,,,"Lax (+Def, -SpD)",,,,,,12 IV,,"Jolly (+Spe, -SpA)",,,,,,12 IV,,"Naive (+Spe, -SpD)",,,,,,12 IV,,,,,,,,,,,,,,,,,,,,,,,,
,,The staircase leads back into the Galactic Wharehouse,Imprison,,,,--,--,10PP,,Role Play,,,,--,--,10PP,,Thunderbolt,,,,90᠋,100%,15PP,,,,,,,,,,,,,,,,,,,,,,,,
,,,Charm,,,,--,100%,20PP,,Future Sight,,,,120᠎,100%᠎,10PP᠋,,Lock-On,,,,--,--,5PP,,,,,,,,,,,,,,,,,,,,,,,,
,,can use : X DEFEND,Dream Eater,,,,100,100%,15PP,,Substitute,,,,--,--,10PP,,Magnet Rise,,,,--,--,10PP,,,,,,,,,,,,,,,,,,,,,,,,
,,(LOOKS RIGHT),Future Sight,,,,120᠎,100%᠎,10PP᠋,,Trick,,,,--,100%,10PP,,Gyro Ball,,,,--,100%,5PP,,,,,,,,,,,,,,,,,,,,,,,,
,,,,,,,,,,,,,,,,,,,,,,,,,,,,,,,,,,,,,,,,,,,,,,,,,
,,,,,,,,,,,,,,,,,,,,,,,,,,,,,,,,,,,,,,,,,,,,,,,,,
,,"GALACTIC WAREHOUSE ~ B1F (there is a galactic grunt hiding, he doesn't fight you. before him there is a Toxic Orb and past him there is the Galactic Key. you can go back up into the upper floors to get TM21s Frustration but you don't have to)",,,,,,,,,,,,,,,,,,,,,,,,,,,,,,,,,,,,,,,,,,,,,,,
,,,,,,,,,,,,,,,,,,,,,,,,,,,,,,,,,,,,,,,,,,,,,,,,,
,,GALACTIC HQ (ENTERING FROM GALACTIC WAREHOUSE) ~ FIRST FLOOR,,,,,,,,,,,,,,,,,,,,,,,,,,,,,,,,,,,,,,,,,,,,,,,
,,,,,,,,,,,,,,,,,,,,,,,,,,,,,,,,,,,,,,,,,,,,,,,,,
,,GALACTIC HQ (ENTERING FROM GALACTIC WAREHOUSE) ~ SECOND FLOOR,,,,,,,,,,,,,,,,,,,,,,,,,,,,,,,,,,,,,,,,,,,,,,,
,,,,,,,,,,,,,,,,,,,,,,,,,,,,,,,,,,,,,,,,,,,,,,,,,
,,GALACTIC HQ (ENTERING FROM GALACTIC WAREHOUSE) ~ THIRD FLOOR (completely optional),,,,,,,,,,,,,,,,,,,,,,,,,,,,,,,,,,,,,,,,,,,,,,,
,,,,,,,,,,,,,,,,,,,,,,,,,,,,,,,,,,,,,,,,,,,,,,,,,
,,,,,,,,,,,,,,,,,,,,,,,,,,,,,,,,,,,,,,,,,,,,,,,,,
,,,,#123 Scyther,,,,,Lv.54,,,#435 Skuntank,,,,,Lv.54,,,,,,,,,,,,,,,,,,,,,,,,,,,,,,,,
,,,,,BUG,,,FLYING,,,,,POISON,,,DARK,,,,,,,,,,,,,,,,,,,,,,,,,,,,,,,,,
,,GALACTIC GRUNT [509],HP,Atk,Def,SpA,SpD,Spe,Total,,HP,Atk,Def,SpA,SpD,Spe,Total,,,,,,,,,,,,,,,,,,,,,,,,,,,,,,,,
,,,70,110,80,55,80,105,500,,115᠎,95᠎,70᠎,70᠋,60᠋,85᠎,495᠎,,,,,,,,,,,,,,,,,,,,,,,,,,,,,,,,
,,,,No Item,,,Technician឵ ឵,,,,,No Item,,,Aftermath឵ ឵,,,,,,,,,,,,,,,,,,,,,,,,,,,,,,,,,,
,,,"Rash (+SpA, -SpD)",,,,,,12 IV,,"Bold (+Def, -Atk)",,,,,,12 IV,,,,,,,,,,,,,,,,,,,,,,,,,,,,,,,,
,,,Swords Dance,,,,--,--,20PP᠎,,Crunch,,,,80,100%,15PP,,,,,,,,,,,,,,,,,,,,,,,,,,,,,,,,
,,,Baton Pass,,,,--,--,40PP,,Sludge Bomb,,,,90,100%,10PP,,,,,,,,,,,,,,,,,,,,,,,,,,,,,,,,
,,,Reversal,,,,--,100%,15PP,,Play Rough,,,,,,,,,,,,,,,,,,,,,,,,,,,,,,,,,,,,,,
,,(LOOKS LEFT AND UP),Feint,,,,30᠋,100%,10PP,,Sucker Punch,,,,70᠋,100%,5PP,,,,,,,,,,,,,,,,,,,,,,,,,,,,,,,,
,,,,,,,,,,,,,,,,,,,,,,,,,,,,,,,,,,,,,,,,,,,,,,,,,
,,,,,,,,,,,,,,,,,,,,,,,,,,,,,,,,,,,,,,,,,,,,,,,,,
,,,,,,,,,,,,,,,,,,,,,,,,,,,,,,,,,,,,,,,,,,,,,,,,,
,,,,#127 Pinsir,,,,,Lv.54,,,#454 Toxicroak,,,,,Lv.54,,,,,,,,,,,,,,,,,,,,,,,,,,,,,,,,
,,,,,BUG,,,,,,,,POISON,,,FIGHTING,,,,,,,,,,,,,,,,,,,,,,,,,,,,,,,,,
,,GALACTIC GRUNT [512],HP,Atk,Def,SpA,SpD,Spe,Total,,HP,Atk,Def,SpA,SpD,Spe,Total,,,,,,,,,,,,,,,,,,,,,,,,,,,,,,,,
,,,65,125,100,55,70,85,500,,83,106,65,86,65,85,490,,,,,,,,,,,,,,,,,,,,,,,,,,,,,,,,
,,Past the locked door you can find TM21s Frustration,,No Item,,,Hyper Cutter,,,,,No Item,,,Dry Skin឵ ឵,,,,,,,,,,,,,,,,,,,,,,,,,,,,,,,,,,
,,,"Naughty (+Atk, -SpD)",,,,,,12 IV,,"Sassy (+SpD, -Spe)",,,,,,12 IV,,,,,,,,,,,,,,,,,,,,,,,,,,,,,,,,
,,,Thrash,,,,120᠎,100%,10PP᠋,,Sucker Punch,,,,70᠋,100%,5PP,,,,,,,,,,,,,,,,,,,,,,,,,,,,,,,,
,,,Megahorn,,,,120,85%,10PP,,Cross Chop,,,,100,80%,5PP,,,,,,,,,,,,,,,,,,,,,,,,,,,,,,,,
,,(WALKS BACK AND FORTH AND LOOKS UP AND DOWN),Superpower,,,,120,100%,5PP,,Sludge Bomb,,,,90,100%,10PP,,,,,,,,,,,,,,,,,,,,,,,,,,,,,,,,
,,,Guillotine,,,,--,30%,5PP,,Flatter,,,,--,100%,15PP,,,,,,,,,,,,,,,,,,,,,,,,,,,,,,,,
,,,,,,,,,,,,,,,,,,,,,,,,,,,,,,,,,,,,,,,,,,,,,,,,,
,,,,,,,,,,,,,,,,,,,,,,,,,,,,,,,,,,,,,,,,,,,,,,,,,
,,(there is nothing else to do here. walk back outside and face the galactic hq face on),,,,,,,,,,,,,,,,,,,,,,,,,,,,,,,,,,,,,,,,,,,,,,,
,,,,,,,,,,,,,,,,,,,,,,,,,,,,,,,,,,,,,,,,,,,,,,,,,
,,GALACTIC HQ ~ GROUND FLOOR,,,,,,,,,,,,,,,,,,,,,,,,,,,,,,,,,,,,,,,,,,,,,,,
,,,,,,,,,,,,,,,,,,,,,,,,,,,,,,,,,,,,,,,,,,,,,,,,,
,,GALACTIC HQ ~ FIRST FLOOR,,,,,,,,,,,,,,,,,,,,,,,,,,,,,,,,,,,,,,,,,,,,,,,
,,,,,,,,,,,,,,,,,,,,,,,,,,,,,,,,,,,,,,,,,,,,,,,,,
,,,,,,,,,,,,,,,,,,,,,,,,,,,,,,,,,,,,,,,,,,,,,,,,,
,,,,#042 Golbat,,,,,Lv.53,,,#262 Mightyena,,,,,Lv.53,,,#168 Ariados,,,,,Lv.53,,,,,,,,,,,,,,,,,,,,,,,,
,,,,,POISON,,,FLYING,,,,,DARK,,,,,,,,BUG,,,POISON,,,,,,,,,,,,,,,,,,,,,,,,,
,,GALACTIC GRUNT [513],HP,Atk,Def,SpA,SpD,Spe,Total,,HP,Atk,Def,SpA,SpD,Spe,Total,,HP,Atk,Def,SpA,SpD,Spe,Total,,,,,,,,,,,,,,,,,,,,,,,,
,,,75,80,70,65,75,90,455,,70,110᠎,70,60,60,95᠎,465᠎,,70,110᠎,70,50᠋,70᠎,80᠎,450᠎,,,,,,,,,,,,,,,,,,,,,,,,
,,can be fought alone or with Galactic Grunt [430] in a double battle,,No Item,,,Inner Focus,,,,,No Item,,,Intimidate,,,,,No Item,,,Swarm,,,,,,,,,,,,,,,,,,,,,,,,,,
,,,"Adamant (+Atk, -SpA)",,,,,,12 IV,,"Jolly (+Spe, -SpA)",,,,,,12 IV,,Serious (Neutral),,,,,,12 IV,,,,,,,,,,,,,,,,,,,,,,,,
,,if fought in a double battle his team will be on the right side of battle,Haze,,,,--,--,30PP,,Yawn,,,,--,--,10PP,,Pin Missile,,,,25᠎,95%᠎,20PP,,,,,,,,,,,,,,,,,,,,,,,,
,,,Zen Headbutt,,,,80,90%,15PP,,Take Down,,,,90,85%,20PP,,Cross Poison,,,,90᠎,100%,15PP᠋,,,,,,,,,,,,,,,,,,,,,,,,
,,,Nasty Plot,,,,--,--,20PP,,Play Rough (!),,,,90,90%,10PP,,Agility,,,,--,--,30PP,,,,,,,,,,,,,,,,,,,,,,,,
,,(LOOKS UP AND RIGHT),Brave Bird,,,,120,100%,15PP,,Sucker Punch,,,,70᠋,100%,5PP,,Psychic,,,,90,100%,10PP,,,,,,,,,,,,,,,,,,,,,,,,
,,,,,,,,,,,,,,,,,,,,,,,,,,,,,,,,,,,,,,,,,,,,,,,,,
,,,,,,,,,,,,,,,,,,,,,,,,,,,,,,,,,,,,,,,,,,,,,,,,,
,,,,#042 Golbat,,,,,Lv.53,,,#049 Venomoth,,,,,Lv.53,,,#332 Cacturne,,,,,Lv.53,,,,,,,,,,,,,,,,,,,,,,,,
,,,,,POISON,,,FLYING,,,,,BUG,,,POISON,,,,,GRASS,,,DARK,,,,,,,,,,,,,,,,,,,,,,,,,
,,GALACTIC GRUNT [430],HP,Atk,Def,SpA,SpD,Spe,Total,,HP,Atk,Def,SpA,SpD,Spe,Total,,HP,Atk,Def,SpA,SpD,Spe,Total,,,,,,,,,,,,,,,,,,,,,,,,
,,,75,80,70,65,75,90,455,,70,55᠋,60,100᠎,75,90,450,,70,115,60,115,60,55,475,,,,,,,,,,,,,,,,,,,,,,,,
,,has to be fought alone or with Galactic Grunt [513] in a double battle,,No Item,,,Inner Focus,,,,,No Item,,,Tinted Lens឵឵ ឵,,,,,No Item,,,Water Absorb (!),,,,,,,,,,,,,,,,,,,,,,,,,,
,,,"Hasty (+Spe, -Def)",,,,,,12 IV,,"Impish (+Def, -SpA)",,,,,,12 IV,,"Sassy (+SpD, -Spe)",,,,,,12 IV,,,,,,,,,,,,,,,,,,,,,,,,
,,if fought in a double battle her team will be on the left side of battle,Haze,,,,--,--,30PP,,Baton Pass,,,,--,--,40PP,,Energy Ball,,,,90᠎,100%,10PP,,,,,,,,,,,,,,,,,,,,,,,,
,,,Zen Headbutt,,,,80,90%,15PP,,Psychic,,,,90,100%,10PP,,Nasty Plot,,,,--,--,20PP,,,,,,,,,,,,,,,,,,,,,,,,
,,,Nasty Plot,,,,--,--,20PP,,Morning Sun,,,,--,--,5PP,,Pin Missile,,,,25᠎,95%᠎,20PP,,,,,,,,,,,,,,,,,,,,,,,,
,,(LOOKS LEFT),Brave Bird,,,,120,100%,15PP,,Bug Buzz,,,,90,100%,10PP,,Cotton Spore,,,,--,100%᠎,40PP,,,,,,,,,,,,,,,,,,,,,,,,
,,,,,,,,,,,,,,,,,,,,,,,,,,,,,,,,,,,,,,,,,,,,,,,,,
,,,,,,,,,,,,,,,,,,,,,,,,,,,,,,,,,,,,,,,,,,,,,,,,,
,,,,,,,,,,,,,,,,,,,,,,,,,,,,,,,,,,,,,,,,,,,,,,,,,
,,,,#474 Porygon-Z,,,,,Lv.55,,,,,,,,,,,,,,,,,,,,,,,,,,,,,,,,,,,,,,,,
,,,,,NORMAL,,,,,,,,,,,,,,,,,,,,,,,,,,,,,,,,,,,,,,,,,,,,
,,SCIENTIST DARRIUS [829],HP,Atk,Def,SpA,SpD,Spe,Total,,,,,,,,,,,,,,,,,,,,,,,,,,,,,,,,,,,,,,,,
,,the teleporter in his room allows you to witness Cyrus' speech and continue your progress,85,80,70,135,75,90,535,,,,,,,,,,,,,,,,,,,,,,,,,,,,,,,,,,,,,,,,
,,,,No Item,,,Adaptability,,,,,,,,,,,,,,,,,,,,,,,,,,,,,,,,,,,,,,,,,,
,,,"Mild (+SpA, -Def)",,,,,,12 IV,,,,,,,,,,,,,,,,,,,,,,,,,,,,,,,,,,,,,,,,
,,the teleporters past his room lead to a Max Revive and a Green Shard,Psychic,,,,90,100%,10PP,,,,,,,,,,,,,,,,,,,,,,,,,,,,,,,,,,,,,,,,
,,,Thunderbolt,,,,90᠋,100%,15PP,,,,,,,,,,,,,,,,,,,,,,,,,,,,,,,,,,,,,,,,
,,can use : X SPECIAL,Ice Beam,,,,90᠋,100%,10PP,,,,,,,,,,,,,,,,,,,,,,,,,,,,,,,,,,,,,,,,
,,(WATCHES TV),Hyper Beam,,,,150,90%,5PP,,,,,,,,,,,,,,,,,,,,,,,,,,,,,,,,,,,,,,,,
,,,,,,,,,,,,,,,,,,,,,,,,,,,,,,,,,,,,,,,,,,,,,,,,,
,,,,,,,,,,,,,,,,,,,,,,,,,,,,,,,,,,,,,,,,,,,,,,,,,
,,GALACTIC HQ ~ SECOND FLOOR,,,,,,,,,,,,,,,,,,,,,,,,,,,,,,,,,,,,,,,,,,,,,,,
,,,,,,,,,,,,,,,,,,,,,,,,,,,,,,,,,,,,,,,,,,,,,,,,,
,,,,,,,,,,,,,,,,,,,,,,,,,,,,,,,,,,,,,,,,,,,,,,,,,
,,,,#089 Muk,,,,,Lv.54,,,#024 Arbok,,,,,Lv.54,,,,,,,,,,,,,,,,,,,,,,,,,,,,,,,,
,,,,,POISON,,,,,,,,POISON,,,,,,,,,,,,,,,,,,,,,,,,,,,,,,,,,,,,
,,GALACTIC GRUNT [514],HP,Atk,Def,SpA,SpD,Spe,Total,,HP,Atk,Def,SpA,SpD,Spe,Total,,,,,,,,,,,,,,,,,,,,,,,,,,,,,,,,
,,,105,105,75,65,100,50,500,,60,110᠎,70᠎,55᠋,80᠎,80,455᠎,,,,,,,,,,,,,,,,,,,,,,,,,,,,,,,,
,,has to be fought alone or with Galactic Grunt [522] in a double battle,,No Item,,,Stench,,,,,No Item,,,Intimidate,,,,,,,,,,,,,,,,,,,,,,,,,,,,,,,,,,
,,,"Gentle (+SpD, -Def)",,,,,,12 IV,,"Gentle (+SpD, -Def)",,,,,,12 IV,,,,,,,,,,,,,,,,,,,,,,,,,,,,,,,,
,,if fought in a double battle his team will be on the right side of battle,Sludge Bomb,,,,90,100%,10PP,,Gastro Acid,,,,--,100%,10PP,,,,,,,,,,,,,,,,,,,,,,,,,,,,,,,,
,,,Acid Armor,,,,--,--,20PP᠋,,Haze,,,,--,--,30PP,,,,,,,,,,,,,,,,,,,,,,,,,,,,,,,,
,,,Gunk Shot,,,,120,80%᠎,5PP,,Sucker Punch,,,,70᠋,100%,5PP,,,,,,,,,,,,,,,,,,,,,,,,,,,,,,,,
,,(LOOKS UP),Memento,,,,--,100%,10PP,,Gunk Shot,,,,120,80%᠎,5PP,,,,,,,,,,,,,,,,,,,,,,,,,,,,,,,,
,,,,,,,,,,,,,,,,,,,,,,,,,,,,,,,,,,,,,,,,,,,,,,,,,
,,,,,,,,,,,,,,,,,,,,,,,,,,,,,,,,,,,,,,,,,,,,,,,,,
,,,,#205 Forretress,,,,,Lv.53,,,#336 Seviper,,,,,Lv.53,,,#469 Yanmega,,,,,Lv.53,,,,,,,,,,,,,,,,,,,,,,,,
,,,,,BUG,,,STEEL,,,,,POISON,,,DARK឵ ឵,,,,,BUG,,,FLYING,,,,,,,,,,,,,,,,,,,,,,,,,
,,GALACTIC GRUNT [522],HP,Atk,Def,SpA,SpD,Spe,Total,,HP,Atk,Def,SpA,SpD,Spe,Total,,HP,Atk,Def,SpA,SpD,Spe,Total,,,,,,,,,,,,,,,,,,,,,,,,
,,,75,90,140,60,60,40,465,,75᠎,115᠎,60,80᠋,60,75᠎,465᠎,,86,76,86,116,56,95,515,,,,,,,,,,,,,,,,,,,,,,,,
,,has to be fought alone or with Galactic Grunt [514] in a double battle,,No Item,,,Sturdy,,,,,No Item,,,Shed Skin,,,,,No Item,,,Speed Boost,,,,,,,,,,,,,,,,,,,,,,,,,,
,,,"Lonely (+Atk, -Def)",,,,,,12 IV,,"Brave (+Atk, -Spe)",,,,,,12 IV,,Bashful (Neutral),,,,,,12 IV,,,,,,,,,,,,,,,,,,,,,,,,
,,if fought in a double battle her team will be on the left side of battle,Drill Run (!),,,,80,95%,10PP,,Haze,,,,--,--,30PP,,Pursuit,,,,40,100%,20PP,,,,,,,,,,,,,,,,,,,,,,,,
,,,Explosion,,,,250,100%,5PP,,Swords Dance,,,,--,--,20PP᠎,,U-turn,,,,70,100%,20PP,,,,,,,,,,,,,,,,,,,,,,,,
,,,Iron Defense,,,,--,--,15PP,,Gunk Shot,,,,120,80%᠎,5PP,,Screech,,,,--,85%,40PP,,,,,,,,,,,,,,,,,,,,,,,,
,,(LOOKS DOWN),Double-Edge,,,,120,100%,15PP,,Wring Out,,,,--,100%,5PP,,Bug Buzz,,,,90,100%,10PP,,,,,,,,,,,,,,,,,,,,,,,,
,,,,,,,,,,,,,,,,,,,,,,,,,,,,,,,,,,,,,,,,,,,,,,,,,
,,,,,,,,,,,,,,,,,,,,,,,,,,,,,,,,,,,,,,,,,,,,,,,,,
,,there are three teleporters after them. the one on the right leads to a Protein. the one in the middle leads to a Max Elixir. the one on the left allows you to continue.,,,,,,,,,,,,,,,,,,,,,,,,,,,,,,,,,,,,,,,,,,,,,,,
,,,,,,,,,,,,,,,,,,,,,,,,,,,,,,,,,,,,,,,,,,,,,,,,,
,,GALACTIC HQ ~ THIRD FLOOR,,,,,,,,,,,,,,,,,,,,,,,,,,,,,,,,,,,,,,,,,,,,,,,
,,,,,,,,,,,,,,,,,,,,,,,,,,,,,,,,,,,,,,,,,,,,,,,,,
,,,,,,,,,,,,,,,,,,,,,,,,,,,,,,,,,,,,,,,,,,,,,,,,,
,,,,#169 Crobat,,,,,Lv.57,,,#430 Honchkrow,,,,,Lv.57,,,#229 Houndoom,,,,,Lv.57,,,#462 Magnezone,,,,,Lv.57,,,#461 Weavile,,,,,Lv.58,,,,,,,,
,,,,,POISON,,,FLYING,,,,,DARK,,,FLYING,,,,,DARK,,,FIRE,,,,,ELECTRIC,,,STEEL,,,,,DARK,,,ICE,,,,,,,,,
,,GALACTIC BOSS CYRUS [403],HP,Atk,Def,SpA,SpD,Spe,Total,,HP,Atk,Def,SpA,SpD,Spe,Total,,HP,Atk,Def,SpA,SpD,Spe,Total,,HP,Atk,Def,SpA,SpD,Spe,Total,,HP,Atk,Def,SpA,SpD,Spe,Total,,,,,,,,
,,,85,90,80,70,80,130,535,,100,125,52,105,52,71,505,,75,90,50,110,80,95,500,,70,70,115,130,90,60,535,,70,120,65,45,85,125,510,,,,,,,,
,,once beaten he gives you a Master Ball,,Choice Band,,,Inner Focus,,,,,Scope Lens,,,Super Luck឵឵ ឵,,,,,Life Orb,,,Intimidate (!),,,,,Wise Glasses,,,Magnet Pull,,,,,Expert Belt,,,Technician (!),,,,,,,,,,
,,,"Sassy (+SpD, -Spe)",,,,,,31 IV,,"Jolly (+Spe, -SpA)",,,,,,31 IV,,Bashful (Neutral),,,,,,31 IV,,"Timid (+Spe, -Atk)",,,,,,31 IV,,"Timid (+Spe, -Atk)",,,,,,31 IV,,,,,,,,
,,after he leaves. take the teleporter in the room to the right. it will lead you to the lab of the HQ. in the last room you'll find :,Brave Bird,,,,120,100%,15PP,,Brave Bird,,,,120,100%,15PP,,Dark Pulse,,,,80,100%,15PP,,Thunderbolt,,,,90᠋,100%,15PP,,Crunch,,,,80,100%,15PP,,,,,,,,
,,,U-turn,,,,70,100%,20PP,,Night Slash,,,,70,100%,15PP,,Flamethrower,,,,90᠋,100%,15PP,,Flash Cannon,,,,80,100%,10PP,,Ice Shard,,,,40,100%,30PP,,,,,,,,
,,,Cross Poison,,,,90᠎,100%,15PP᠋,,Thunder Wave,,,,--,90%᠎,20PP,,Sludge Bomb,,,,90,100%,10PP,,Signal Beam,,,,75,100%,15PP,,Aerial Ace,,,,60,--,20PP,,,,,,,,
,,,Zen Headbutt,,,,80,90%,15PP,,Heat Wave,,,,95᠋,90%,10PP,,Nasty Plot,,,,--,--,20PP,,Mirror Coat,,,,--,100%,20PP,,X-Scissor,,,,80,100%,15PP,,,,,,,,
,,,,,,,,,,,,,,,,,,,,,,,,,,,,,,,,,,,,,,,,,,,,,,,,,
,,,,,,,,,,,,,,,,,,,,,,,,,,,,,,,,,,,,,,,,,,,,,,,,,
,,GALACTIC HQ ~ LABORATORY FLOOR,,,,,,,,,,,,,,,,,,,,,,,,,,,,,,,,,,,,,,,,,,,,,,,
,,,,,,,,,,,,,,,,,,,,,,,,,,,,,,,,,,,,,,,,,,,,,,,,,
,,,,,,,,,,,,,,,,,,,,,,,,,,,,,,,,,,,,,,,,,,,,,,,,,
,,,,#437 Bronzong,,,,,Lv.56,,,#224 Octillery,,,,,Lv.56,,,#065 Alakazam,,,,,Lv.56,,,#464 Rhyperior,,,,,Lv.56,,,#467 Magmortar,,,,,Lv.56,,,#454 Toxicroak,,,,,Lv.57
,,,,,STEEL,,,PSYCHIC,,,,,WATER,,,,,,,,PSYCHIC,,,,,,,,GROUND,,,ROCK,,,,,FIRE,,,,,,,,POISON,,,FIGHTING,
,,COMMANDER SATURN [409],HP,Atk,Def,SpA,SpD,Spe,Total,,HP,Atk,Def,SpA,SpD,Spe,Total,,HP,Atk,Def,SpA,SpD,Spe,Total,,HP,Atk,Def,SpA,SpD,Spe,Total,,HP,Atk,Def,SpA,SpD,Spe,Total,,HP,Atk,Def,SpA,SpD,Spe,Total
,,,67,89,116,79,116,33,500,,75,105,75,105,75,45,480,,55,50,45,135,95᠎,120,500᠎,,115,140,130,55,55,40,535,,75,95,67,125,95,83,540,,83,106,65,86,65,85,490
,,once beaten you get to release the lake trio and continue the story,,Light Clay,,,Levitate,,,,,Expert Belt,,,Suction Cups,,,,,Life Orb,,,Magic Guard (!),,,,,Choice Band,,,Solid Rock឵ ឵,,,,,Choice Specs,,,Flame Body,,,,,Focus Sash,,,Dry Skin឵ ឵,,
,,,"Quiet (+SpA, -Spe)",,,,,,31 IV,,Serious (Neutral),,,,,,31 IV,,"Lax (+Def, -SpD)",,,,,,31 IV,,"Bold (+Def, -Atk)",,,,,,31 IV,,"Relaxed (+Def, -Spe)",,,,,,31 IV,,Serious (Neutral),,,,,,31 IV
,,,Zen Headbutt,,,,80,90%,15PP,,Hydro Pump,,,,110᠋,80%,5PP,,Psychic,,,,90,100%,10PP,,Stone Edge,,,,100,80%,5PP,,Fire Blast,,,,110᠋,85%,5PP,,Cross Chop,,,,100,80%,5PP
,,,Gyro Ball,,,,--,100%,5PP,,Blizzard,,,,110᠋,70%,5PP,,Shadow Ball,,,,80,100%,15PP,,Earthquake,,,,100,100%,10PP,,Thunderbolt,,,,90᠋,100%,15PP,,Gunk Shot,,,,120,80%᠎,5PP
,,,Reflect,,,,--,--,20PP,,Fire Blast,,,,110᠋,85%,5PP,,Dazzling Gleam (!),,,,80,100%,10PP,,Megahorn,,,,120,85%,10PP,,Aura Sphere,,,,80᠋,--,20PP,,Ice Punch,,,,75,100%,15PP
,,,Light Screen,,,,--,--,30PP,,Energy Ball,,,,90᠎,100%,10PP,,Focus Blast,,,,120,70%,5PP,,Hammer Arm,,,,100,90%,10PP,,Psychic,,,,90,100%,10PP,,Fake Out,,,,40,100%,10PP
,,,,,,,,,,,,,,,,,,,,,,,,,,,,,,,,,,,,,,,,,,,,,,,,,
,,,,,,,,,,,,,,,,,,,,,,,,,,,,,,,,,,,,,,,,,,,,,,,,,
,,MT CORONET (R207/208 ENTRY) ~ FIRST FLOOR,,,,,,,,,,,,,,,,,,,,,,,,,,,,,,,,,,,,,,,,,,,,,,,
,,,,,,,,,,,,,,,,,,,,,,,,,,,,,,,,,,,,,,,,,,,,,,,,,
,,MT CORONET (R207/208 ENTRY) ~ SECOND FLOOR,,,,,,,,,,,,,,,,,,,,,,,,,,,,,,,,,,,,,,,,,,,,,,,
,,,,,,,,,,,,,,,,,,,,,,,,,,,,,,,,,,,,,,,,,,,,,,,,,
,,MT CORONET (R207/208 ENTRY) ~ THIRD FLOOR,,,,,,,,,,,,,,,,,,,,,,,,,,,,,,,,,,,,,,,,,,,,,,,
,,,,,,,,,,,,,,,,,,,,,,,,,,,,,,,,,,,,,,,,,,,,,,,,,
,,,,,,,,,,,,,,,,,,,,,,,,,,,,,,,,,,,,,,,,,,,,,,,,,
,,,,#030 Nidorina,,,,,Lv.54,,,#317 Swalot,,,,,Lv.54,,,#053 Persian,,,,,Lv.54,,,,,,,,,,,,,,,,,,,,,,,,
,,,,,POISON,,,,,,,,POISON,,,,,,,,NORMAL,,,,,,,,,,,,,,,,,,,,,,,,,,,,
,,GALACTIC GRUNT [523],HP,Atk,Def,SpA,SpD,Spe,Total,,HP,Atk,Def,SpA,SpD,Spe,Total,,HP,Atk,Def,SpA,SpD,Spe,Total,,,,,,,,,,,,,,,,,,,,,,,,
,,,70,62,67,55,55,56,365,,100,73,83,73,83,55,467,,65,80᠎,60,80᠎,65,115,465᠎,,,,,,,,,,,,,,,,,,,,,,,,
,,,,No Item,,,Poison Point,,,,,No Item,,,Liquid Ooze,,,,,No Item,,,Technician឵ ឵,,,,,,,,,,,,,,,,,,,,,,,,,,
,,,"Relaxed (+Def, -Spe)",,,,,,12 IV,,"Careful (+SpD, -SpA)",,,,,,12 IV,,Docile (Neutral),,,,,,12 IV,,,,,,,,,,,,,,,,,,,,,,,,
,,,Crunch,,,,80,100%,15PP,,Gastro Acid,,,,--,100%,10PP,,Play Rough (!),,,,90,90%,10PP,,,,,,,,,,,,,,,,,,,,,,,,
,,,Poison Tail,,,,90᠎,100%,15PP᠋,,Destiny Bond,,,,--,--,5PP,,Captivate,,,,--,100%,20PP,,,,,,,,,,,,,,,,,,,,,,,,
,,,Captivate,,,,--,100%,20PP,,Wring Out,,,,--,100%,5PP,,Feint,,,,30᠋,100%,10PP,,,,,,,,,,,,,,,,,,,,,,,,
,,(WANDERING AROUND),Super Fang,,,,--,90%,10PP,,Gunk Shot,,,,120,80%᠎,5PP,,Double-Edge,,,,120,100%,15PP,,,,,,,,,,,,,,,,,,,,,,,,
,,,,,,,,,,,,,,,,,,,,,,,,,,,,,,,,,,,,,,,,,,,,,,,,,
,,,,,,,,,,,,,,,,,,,,,,,,,,,,,,,,,,,,,,,,,,,,,,,,,
,,,,,,,,,,,,,,,,,,,,,,,,,,,,,,,,,,,,,,,,,,,,,,,,,
,,,,#033 Nidorino,,,,,Lv.54,,,#452 Drapion,,,,,Lv.54,,,#402 Kricketune,,,,,Lv.54,,,,,,,,,,,,,,,,,,,,,,,,
,,,,,POISON,,,,,,,,POISON,,,DARK,,,,,BUG,,,,,,,,,,,,,,,,,,,,,,,,,,,,
,,GALACTIC GRUNT [515],HP,Atk,Def,SpA,SpD,Spe,Total,,HP,Atk,Def,SpA,SpD,Spe,Total,,HP,Atk,Def,SpA,SpD,Spe,Total,,,,,,,,,,,,,,,,,,,,,,,,
,,,61,72,57,55,55,65,365,,70,90,110,60,75,95,500,,80᠎,115᠎,70᠎,50᠋,70᠎,65,450᠎,,,,,,,,,,,,,,,,,,,,,,,,
,,,,No Item,,,Poison Point,,,,,No Item,,,Sniper឵ ឵,,,,,No Item,,,Technician (!),,,,,,,,,,,,,,,,,,,,,,,,,,
,,,"Lax (+Def, -SpD)",,,,,,12 IV,,"Adamant (+Atk, -SpA)",,,,,,12 IV,,"Naughty (+Atk, -SpD)",,,,,,12 IV,,,,,,,,,,,,,,,,,,,,,,,,
,,,Sucker Punch,,,,70᠋,100%,5PP,,Night Slash,,,,70,100%,15PP,,Heal Bell,,,,--,--,5PP,,,,,,,,,,,,,,,,,,,,,,,,
,,,Poison Tail,,,,90᠎,100%,15PP᠋,,Scary Face,,,,--,100%᠎,10PP,,Bug Buzz,,,,90,100%,10PP,,,,,,,,,,,,,,,,,,,,,,,,
,,(WALKS LEFT AND RIGHT WHILE LOOKING UP AND DOWN),Captivate,,,,--,100%,20PP,,Crunch,,,,80,100%,15PP,,Hyper Voice,,,,90,100%,10PP,,,,,,,,,,,,,,,,,,,,,,,,
,,,Head Smash,,,,150,80%,5PP,,Cross Poison,,,,90᠎,100%,15PP᠋,,Perish Song,,,,--,--,5PP,,,,,,,,,,,,,,,,,,,,,,,,
,,,,,,,,,,,,,,,,,,,,,,,,,,,,,,,,,,,,,,,,,,,,,,,,,
,,,,,,,,,,,,,,,,,,,,,,,,,,,,,,,,,,,,,,,,,,,,,,,,,
,,MT CORONET ~ SNOW AREA,,,,,,,,,,,,,,,,,,,,,,,,,,,,,,,,,,,,,,,,,,,,,,,
,,,,,,,,,,,,,,,,,,,,,,,,,,,,,,,,,,,,,,,,,,,,,,,,,
,,there are two entrances back into the mountain. the one on the right leads to a hidden Stardust. the one on the left allows you to keep going,,,,,,,,,,,,,,,,,,,,,,,,,,,,,,,,,,,,,,,,,,,,,,,
,,,,,,,,,,,,,,,,,,,,,,,,,,,,,,,,,,,,,,,,,,,,,,,,,
,,MT CORONET ~ FOURTH FLOOR,,,,,,,,,,,,,,,,,,,,,,,,,,,,,,,,,,,,,,,,,,,,,,,
,,,,,,,,,,,,,,,,,,,,,,,,,,,,,,,,,,,,,,,,,,,,,,,,,
,,,,,,,,,,,,,,,,,,,,,,,,,,,,,,,,,,,,,,,,,,,,,,,,,
,,,,#229 Houndoom,,,,,Lv.54,,,#042 Golbat,,,,,Lv.54,,,#015 Beedrill,,,,,Lv.54,,,,,,,,,,,,,,,,,,,,,,,,
,,,,,DARK,,,FIRE,,,,,POISON,,,FLYING,,,,,BUG,,,POISON,,,,,,,,,,,,,,,,,,,,,,,,,
,,GALACTIC GRUNT [516],HP,Atk,Def,SpA,SpD,Spe,Total,,HP,Atk,Def,SpA,SpD,Spe,Total,,HP,Atk,Def,SpA,SpD,Spe,Total,,,,,,,,,,,,,,,,,,,,,,,,
,,,75,90,50,110,80,95,500,,75,80,70,65,75,90,455,,65,115᠎,40,40᠋,95᠎,95᠎,450᠎,,,,,,,,,,,,,,,,,,,,,,,,
,,you can walk behind him,,No Item,,,Intimidate (!),,,,,No Item,,,Inner Focus,,,,,No Item,,,Adaptability (!),,,,,,,,,,,,,,,,,,,,,,,,,,
,,,"Gentle (+SpD, -Def)",,,,,,12 IV,,"Sassy (+SpD, -Spe)",,,,,,12 IV,,"Gentle (+SpD, -Def)",,,,,,12 IV,,,,,,,,,,,,,,,,,,,,,,,,
,,,Flamethrower,,,,90᠋,100%,15PP,,Haze,,,,--,--,30PP,,Agility,,,,--,--,30PP,,,,,,,,,,,,,,,,,,,,,,,,
,,,Dark Pulse,,,,80,100%,15PP,,Zen Headbutt,,,,80,90%,15PP,,Endeavor,,,,--,100%,5PP,,,,,,,,,,,,,,,,,,,,,,,,
,,,Embargo,,,,--,100%,15PP,,Nasty Plot,,,,--,--,20PP,,Outrage,,,,120,100%,10PP᠋,,,,,,,,,,,,,,,,,,,,,,,,
,,(LOOKS LEFT),Nasty Plot,,,,--,--,20PP,,Brave Bird,,,,120,100%,15PP,,Megahorn,,,,120,85%,10PP,,,,,,,,,,,,,,,,,,,,,,,,
,,,,,,,,,,,,,,,,,,,,,,,,,,,,,,,,,,,,,,,,,,,,,,,,,
,,,,,,,,,,,,,,,,,,,,,,,,,,,,,,,,,,,,,,,,,,,,,,,,,
,,,,,,,,,,,,,,,,,,,,,,,,,,,,,,,,,,,,,,,,,,,,,,,,,
,,,,#166 Ledian,,,,,Lv.55,,,#110 Weezing,,,,,Lv.55,,,,,,,,,,,,,,,,,,,,,,,,,,,,,,,,
,,,,,BUG,,,FLYING,,,,,POISON,,,,,,,,,,,,,,,,,,,,,,,,,,,,,,,,,,,,
,,GALACTIC GRUNT [517],HP,Atk,Def,SpA,SpD,Spe,Total,,HP,Atk,Def,SpA,SpD,Spe,Total,,,,,,,,,,,,,,,,,,,,,,,,,,,,,,,,
,,,65᠎,105᠎,50,35᠋,110,85,450᠎,,65,90,120,85,70,60,490,,,,,,,,,,,,,,,,,,,,,,,,,,,,,,,,
,,,,No Item,,,Technician (!),,,,,No Item,,,Levitate,,,,,,,,,,,,,,,,,,,,,,,,,,,,,,,,,,
,,,"Lax (+Def, -SpD)",,,,,,12 IV,,"Mild (+SpA, -Def)",,,,,,12 IV,,,,,,,,,,,,,,,,,,,,,,,,,,,,,,,,
,,,Air Slash,,,,75,95%,15PP᠋,,Dark Pulse,,,,80,100%,15PP,,,,,,,,,,,,,,,,,,,,,,,,,,,,,,,,
,,,Bug Buzz,,,,90,100%,10PP,,Gunk Shot,,,,120,80%᠎,5PP,,,,,,,,,,,,,,,,,,,,,,,,,,,,,,,,
,,,Double-Edge,,,,120,100%,15PP,,Explosion,,,,250,100%,5PP,,,,,,,,,,,,,,,,,,,,,,,,,,,,,,,,
,,(LOOKS RIGHT AND UP),Meteor Mash,,,,90᠋,90%᠎,10PP,,Memento,,,,--,100%,10PP,,,,,,,,,,,,,,,,,,,,,,,,,,,,,,,,
,,,,,,,,,,,,,,,,,,,,,,,,,,,,,,,,,,,,,,,,,,,,,,,,,
,,,,,,,,,,,,,,,,,,,,,,,,,,,,,,,,,,,,,,,,,,,,,,,,,
,,MT CORONET ~ SUMMIT,,,,,,,,,,,,,,,,,,,,,,,,,,,,,,,,,,,,,,,,,,,,,,,
,,,,,,,,,,,,,,,,,,,,,,,,,,,,,,,,,,,,,,,,,,,,,,,,,
,,there are two entrances back into the mountain. the one below the stairs leads to the tunnel to route 211 but there isn't anything special there. the one further away allows you to keep going,,,,,,,,,,,,,,,,,,,,,,,,,,,,,,,,,,,,,,,,,,,,,,,
,,,,,,,,,,,,,,,,,,,,,,,,,,,,,,,,,,,,,,,,,,,,,,,,,
,,MT CORONET ~ TUNNEL TO ROUTE 211,,,,,,,,,,,,,,,,,,,,,,,,,,,,,,,,,,,,,,,,,,,,,,,
,,,,,,,,,,,,,,,,,,,,,,,,,,,,,,,,,,,,,,,,,,,,,,,,,
,,,,,,,,,,,,,,,,,,,,,,,,,,,,,,,,,,,,,,,,,,,,,,,,,
,,,,#042 Golbat,,,,,Lv.56,,,,,,,,,,,,,,,,,,,,,,,,,,,,,,,,,,,,,,,,
,,,,,POISON,,,FLYING,,,,,,,,,,,,,,,,,,,,,,,,,,,,,,,,,,,,,,,,,
,,GALACTIC GRUNT [519],HP,Atk,Def,SpA,SpD,Spe,Total,,,,,,,,,,,,,,,,,,,,,,,,,,,,,,,,,,,,,,,,
,,,75,80,70,65,75,90,455,,,,,,,,,,,,,,,,,,,,,,,,,,,,,,,,,,,,,,,,
,,,,No Item,,,Inner Focus,,,,,,,,,,,,,,,,,,,,,,,,,,,,,,,,,,,,,,,,,,
,,,"Mild (+SpA, -Def)",,,,,,12 IV,,,,,,,,,,,,,,,,,,,,,,,,,,,,,,,,,,,,,,,,
,,,Haze,,,,--,--,30PP,,,,,,,,,,,,,,,,,,,,,,,,,,,,,,,,,,,,,,,,
,,,Zen Headbutt,,,,80,90%,15PP,,,,,,,,,,,,,,,,,,,,,,,,,,,,,,,,,,,,,,,,
,,,Nasty Plot,,,,--,--,20PP,,,,,,,,,,,,,,,,,,,,,,,,,,,,,,,,,,,,,,,,
,,(LOOKS DOWN),Brave Bird,,,,120,100%,15PP,,,,,,,,,,,,,,,,,,,,,,,,,,,,,,,,,,,,,,,,
,,,,,,,,,,,,,,,,,,,,,,,,,,,,,,,,,,,,,,,,,,,,,,,,,
,,,,,,,,,,,,,,,,,,,,,,,,,,,,,,,,,,,,,,,,,,,,,,,,,
,,,,,,,,,,,,,,,,,,,,,,,,,,,,,,,,,,,,,,,,,,,,,,,,,
,,,,#198 Murkrow,,,,,Lv.54,,,#262 Mightyena,,,,,Lv.54,,,#215 Sneasel,,,,,Lv.54,,,,,,,,,,,,,,,,,,,,,,,,
,,,,,DARK,,,FLYING,,,,,DARK,,,,,,,,DARK,,,ICE,,,,,,,,,,,,,,,,,,,,,,,,,
,,GALACTIC GRUNT [524],HP,Atk,Def,SpA,SpD,Spe,Total,,HP,Atk,Def,SpA,SpD,Spe,Total,,HP,Atk,Def,SpA,SpD,Spe,Total,,,,,,,,,,,,,,,,,,,,,,,,
,,,60,85,42,85,42,91,405,,70,110᠎,70,60,60,95᠎,465᠎,,55,95,55,35,75,115,430,,,,,,,,,,,,,,,,,,,,,,,,
,,,,No Item,,,Super Luck឵ ឵,,,,,No Item,,,Intimidate,,,,,No Item,,,Technician (!),,,,,,,,,,,,,,,,,,,,,,,,,,
,,,"Bold (+Def, -Atk)",,,,,,12 IV,,"Brave (+Atk, -Spe)",,,,,,12 IV,,Bashful (Neutral),,,,,,12 IV,,,,,,,,,,,,,,,,,,,,,,,,
,,,Tailwind,,,,--,--,15PP᠋,,Yawn,,,,--,--,10PP,,Crunch,,,,80,100%,15PP,,,,,,,,,,,,,,,,,,,,,,,,
,,,Dark Pulse,,,,80,100%,15PP,,Take Down,,,,90,85%,20PP,,Snatch,,,,--,--,10PP,,,,,,,,,,,,,,,,,,,,,,,,
,,(WALKS BACK AND FOURTH WHILE SPINNING),Torment,,,,--,100%,15PP,,Play Rough (!),,,,90,90%,10PP,,Punishment,,,,--,100%,5PP,,,,,,,,,,,,,,,,,,,,,,,,
,,,Brave Bird,,,,120,100%,15PP,,Sucker Punch,,,,70᠋,100%,5PP,,Dark Pulse,,,,80,100%,15PP,,,,,,,,,,,,,,,,,,,,,,,,
,,,,,,,,,,,,,,,,,,,,,,,,,,,,,,,,,,,,,,,,,,,,,,,,,
,,,,,,,,,,,,,,,,,,,,,,,,,,,,,,,,,,,,,,,,,,,,,,,,,
,,,,,,,,,,,,,,,,,,,,,,,,,,,,,,,,,,,,,,,,,,,,,,,,,
,,,,#284 Masquerain,,,,,Lv.55,,,#089 Muk,,,,,Lv.55,,,,,,,,,,,,,,,,,,,,,,,,,,,,,,,,
,,,,,BUG,,,WATER឵ ឵,,,,,POISON,,,,,,,,,,,,,,,,,,,,,,,,,,,,,,,,,,,,
,,GALACTIC GRUNT [518],HP,Atk,Def,SpA,SpD,Spe,Total,,HP,Atk,Def,SpA,SpD,Spe,Total,,,,,,,,,,,,,,,,,,,,,,,,,,,,,,,,
,,,70,50᠋,50᠋,110᠎,100᠎,100᠎,480᠎,,105,105,75,65,100,50,500,,,,,,,,,,,,,,,,,,,,,,,,,,,,,,,,
,,,,No Item,,,Intimidate,,,,,No Item,,,Stench,,,,,,,,,,,,,,,,,,,,,,,,,,,,,,,,,,
,,,"Brave (+Atk, -Spe)",,,,,,12 IV,,"Modest (+SpA, -Atk)",,,,,,12 IV,,,,,,,,,,,,,,,,,,,,,,,,,,,,,,,,
,,,Stun Spore,,,,--,75%,30PP,,Sludge Bomb,,,,90,100%,10PP,,,,,,,,,,,,,,,,,,,,,,,,,,,,,,,,
,,,Air Slash,,,,75,95%,15PP᠋,,Acid Armor,,,,--,--,20PP᠋,,,,,,,,,,,,,,,,,,,,,,,,,,,,,,,,
,,,Hydro Pump,,,,110᠋,80%,5PP,,Gunk Shot,,,,120,80%᠎,5PP,,,,,,,,,,,,,,,,,,,,,,,,,,,,,,,,
,,(LOOKS RIGHT),Bug Buzz,,,,90,100%,10PP,,Memento,,,,--,100%,10PP,,,,,,,,,,,,,,,,,,,,,,,,,,,,,,,,
,,,,,,,,,,,,,,,,,,,,,,,,,,,,,,,,,,,,,,,,,,,,,,,,,
,,,,,,,,,,,,,,,,,,,,,,,,,,,,,,,,,,,,,,,,,,,,,,,,,
,,MT CORONET ~ SUMMIT,,,,,,,,,,,,,,,,,,,,,,,,,,,,,,,,,,,,,,,,,,,,,,,
,,,,,,,,,,,,,,,,,,,,,,,,,,,,,,,,,,,,,,,,,,,,,,,,,
,,MT CORONET ~ FIFTH FLOOR,,,,,,,,,,,,,,,,,,,,,,,,,,,,,,,,,,,,,,,,,,,,,,,
,,,,,,,,,,,,,,,,,,,,,,,,,,,,,,,,,,,,,,,,,,,,,,,,,
,,MT CORONET ~ SIXTH FLOOR,,,,,,,,,,,,,,,,,,,,,,,,,,,,,,,,,,,,,,,,,,,,,,,
,,,,,,,,,,,,,,,,,,,,,,,,,,,,,,,,,,,,,,,,,,,,,,,,,
,,,,,,,,,,,,,,,,,,,,,,,,,,,,,,,,,,,,,,,,,,,,,,,,,
,,,,#042 Golbat,,,,,Lv.55,,,#229 Houndoom,,,,,Lv.55,,,#469 Yanmega,,,,,Lv.55,,,,,,,,,,,,,,,,,,,,,,,,
,,,,,POISON,,,FLYING,,,,,DARK,,,FIRE,,,,,BUG,,,FLYING,,,,,,,,,,,,,,,,,,,,,,,,,
,,GALACTIC GRUNT [525],HP,Atk,Def,SpA,SpD,Spe,Total,,HP,Atk,Def,SpA,SpD,Spe,Total,,HP,Atk,Def,SpA,SpD,Spe,Total,,,,,,,,,,,,,,,,,,,,,,,,
,,,75,80,70,65,75,90,455,,75,90,50,110,80,95,500,,86,76,86,116,56,95,515,,,,,,,,,,,,,,,,,,,,,,,,
,,,,No Item,,,Inner Focus,,,,,No Item,,,Intimidate (!),,,,,No Item,,,Speed Boost,,,,,,,,,,,,,,,,,,,,,,,,,,
,,,"Bold (+Def, -Atk)",,,,,,12 IV,,"Hasty (+Spe, -Def)",,,,,,12 IV,,"Lax (+Def, -SpD)",,,,,,12 IV,,,,,,,,,,,,,,,,,,,,,,,,
,,,Haze,,,,--,--,30PP,,Flamethrower,,,,90᠋,100%,15PP,,Pursuit,,,,40,100%,20PP,,,,,,,,,,,,,,,,,,,,,,,,
,,,Zen Headbutt,,,,80,90%,15PP,,Dark Pulse,,,,80,100%,15PP,,U-turn,,,,70,100%,20PP,,,,,,,,,,,,,,,,,,,,,,,,
,,,Nasty Plot,,,,--,--,20PP,,Embargo,,,,--,100%,15PP,,Screech,,,,--,85%,40PP,,,,,,,,,,,,,,,,,,,,,,,,
,,(LOOKS LEFT),Brave Bird,,,,120,100%,15PP,,Nasty Plot,,,,--,--,20PP,,Bug Buzz,,,,90,100%,10PP,,,,,,,,,,,,,,,,,,,,,,,,
,,,,,,,,,,,,,,,,,,,,,,,,,,,,,,,,,,,,,,,,,,,,,,,,,
,,,,,,,,,,,,,,,,,,,,,,,,,,,,,,,,,,,,,,,,,,,,,,,,,
,,,,,,,,,,,,,,,,,,,,,,,,,,,,,,,,,,,,,,,,,,,,,,,,,
,,,,#168 Ariados,,,,,Lv.55,,,#053 Persian,,,,,Lv.55,,,#205 Forretress,,,,,Lv.55,,,,,,,,,,,,,,,,,,,,,,,,
,,,,,BUG,,,POISON,,,,,NORMAL,,,,,,,,BUG,,,STEEL,,,,,,,,,,,,,,,,,,,,,,,,,
,,GALACTIC GRUNT [520],HP,Atk,Def,SpA,SpD,Spe,Total,,HP,Atk,Def,SpA,SpD,Spe,Total,,HP,Atk,Def,SpA,SpD,Spe,Total,,,,,,,,,,,,,,,,,,,,,,,,
,,,70,110᠎,70,50᠋,70᠎,80᠎,450᠎,,65,80᠎,60,80᠎,65,115,465᠎,,75,90,140,60,60,40,465,,,,,,,,,,,,,,,,,,,,,,,,
,,,,No Item,,,Swarm,,,,,No Item,,,Technician឵ ឵,,,,,No Item,,,Sturdy,,,,,,,,,,,,,,,,,,,,,,,,,,
,,,"Adamant (+Atk, -SpA)",,,,,,12 IV,,"Naughty (+Atk, -SpD)",,,,,,12 IV,,"Hasty (+Spe, -Def)",,,,,,12 IV,,,,,,,,,,,,,,,,,,,,,,,,
,,,Cross Poison,,,,90᠎,100%,15PP᠋,,Play Rough (!),,,,90,90%,10PP,,Explosion,,,,250,100%,5PP,,,,,,,,,,,,,,,,,,,,,,,,
,,,Agility,,,,--,--,30PP,,Captivate,,,,--,100%,20PP,,Iron Defense,,,,--,--,15PP,,,,,,,,,,,,,,,,,,,,,,,,
,,,Psychic,,,,90,100%,10PP,,Feint,,,,30᠋,100%,10PP,,Double-Edge,,,,120,100%,15PP,,,,,,,,,,,,,,,,,,,,,,,,
,,(LOOKS DOWN),Megahorn,,,,120,85%,10PP,,Double-Edge,,,,120,100%,15PP,,Magnet Rise,,,,--,--,10PP,,,,,,,,,,,,,,,,,,,,,,,,
,,,,,,,,,,,,,,,,,,,,,,,,,,,,,,,,,,,,,,,,,,,,,,,,,
,,,,,,,,,,,,,,,,,,,,,,,,,,,,,,,,,,,,,,,,,,,,,,,,,
,,MT CORONET ~ SEVENTH FLOOR,,,,,,,,,,,,,,,,,,,,,,,,,,,,,,,,,,,,,,,,,,,,,,,
,,,,,,,,,,,,,,,,,,,,,,,,,,,,,,,,,,,,,,,,,,,,,,,,,
,,,,,,,,,,,,,,,,,,,,,,,,,,,,,,,,,,,,,,,,,,,,,,,,,
,,,,#198 Murkrow,,,,,Lv.55,,,#042 Golbat,,,,,Lv.55,,,#454 Toxicroak,,,,,Lv.55,,,#127 Pinsir,,,,,Lv.55,,,,,,,,,,,,,,,,
,,,,,DARK,,,FLYING,,,,,POISON,,,FLYING,,,,,POISON,,,FIGHTING,,,,,BUG,,,,,,,,,,,,,,,,,,,,
,,GALACTIC GRUNT [526],HP,Atk,Def,SpA,SpD,Spe,Total,,HP,Atk,Def,SpA,SpD,Spe,Total,,HP,Atk,Def,SpA,SpD,Spe,Total,,HP,Atk,Def,SpA,SpD,Spe,Total,,,,,,,,,,,,,,,,
,,,60,85,42,85,42,91,405,,75,80,70,65,75,90,455,,83,106,65,86,65,85,490,,65,125,100,55,70,85,500,,,,,,,,,,,,,,,,
,,,,No Item,,,Super Luck឵ ឵,,,,,No Item,,,Inner Focus,,,,,No Item,,,Dry Skin឵ ឵,,,,,No Item,,,Hyper Cutter,,,,,,,,,,,,,,,,,,
,,,"Modest (+SpA, -Atk)",,,,,,12 IV,,Hardy (Neutral),,,,,,12 IV,,Hardy (Neutral),,,,,,12 IV,,Serious (Neutral),,,,,,12 IV,,,,,,,,,,,,,,,,
,,,Tailwind,,,,--,--,15PP᠋,,Haze,,,,--,--,30PP,,Cross Chop,,,,100,80%,5PP,,Thrash,,,,120᠎,100%,10PP᠋,,,,,,,,,,,,,,,,
,,,Dark Pulse,,,,80,100%,15PP,,Zen Headbutt,,,,80,90%,15PP,,Sludge Bomb,,,,90,100%,10PP,,Megahorn,,,,120,85%,10PP,,,,,,,,,,,,,,,,
,,,Torment,,,,--,100%,15PP,,Nasty Plot,,,,--,--,20PP,,Flatter,,,,--,100%,15PP,,Superpower,,,,120,100%,5PP,,,,,,,,,,,,,,,,
,,(LOOKS LEFT),Brave Bird,,,,120,100%,15PP,,Brave Bird,,,,120,100%,15PP,,Gunk Shot,,,,120,80%᠎,5PP,,Guillotine,,,,--,30%,5PP,,,,,,,,,,,,,,,,
,,,,,,,,,,,,,,,,,,,,,,,,,,,,,,,,,,,,,,,,,,,,,,,,,
,,,,,,,,,,,,,,,,,,,,,,,,,,,,,,,,,,,,,,,,,,,,,,,,,
,,MT CORONET ~ SPEAR PILLAR,,,,,,,,,,,,,,,,,,,,,,,,,,,,,,,,,,,,,,,,,,,,,,,
,,,,,,,,,,,,,,,,,,,,,,,,,,,,,,,,,,,,,,,,,,,,,,,,,
,,,,,,,,,,,,,,,,,,,,,,,,,,,,,,,,,,,,,,,,,,,,,,,,,
,,,,#454 Toxicroak,,,,,Lv.56,,,#049 Venomoth,,,,,Lv.56,,,#042 Golbat,,,,,Lv.56,,,,,,,,,,,,,,,,,,,,,,,,
,,,,,POISON,,,FIGHTING,,,,,BUG,,,POISON,,,,,POISON,,,FLYING,,,,,,,,,,,,,,,,,,,,,,,,,
,,GALACTIC GRUNT [521],HP,Atk,Def,SpA,SpD,Spe,Total,,HP,Atk,Def,SpA,SpD,Spe,Total,,HP,Atk,Def,SpA,SpD,Spe,Total,,,,,,,,,,,,,,,,,,,,,,,,
,,,83,106,65,86,65,85,490,,70,55᠋,60,100᠎,75,90,450,,75,80,70,65,75,90,455,,,,,,,,,,,,,,,,,,,,,,,,
,,has to be fought with Galactic Grunt [527] in a double battle,,No Item,,,Dry Skin឵ ឵,,,,,No Item,,,Tinted Lens឵឵ ឵,,,,,No Item,,,Inner Focus,,,,,,,,,,,,,,,,,,,,,,,,,,
,,,"Mild (+SpA, -Def)",,,,,,12 IV,,"Relaxed (+Def, -Spe)",,,,,,12 IV,,"Jolly (+Spe, -SpA)",,,,,,12 IV,,,,,,,,,,,,,,,,,,,,,,,,
,,in the double battle his team is on the right side of battle,Cross Chop,,,,100,80%,5PP,,Baton Pass,,,,--,--,40PP,,Haze,,,,--,--,30PP,,,,,,,,,,,,,,,,,,,,,,,,
,,,Sludge Bomb,,,,90,100%,10PP,,Psychic,,,,90,100%,10PP,,Zen Headbutt,,,,80,90%,15PP,,,,,,,,,,,,,,,,,,,,,,,,
,,,Flatter,,,,--,100%,15PP,,Morning Sun,,,,--,--,5PP,,Nasty Plot,,,,--,--,20PP,,,,,,,,,,,,,,,,,,,,,,,,
,,,Gunk Shot,,,,120,80%᠎,5PP,,Bug Buzz,,,,90,100%,10PP,,Brave Bird,,,,120,100%,15PP,,,,,,,,,,,,,,,,,,,,,,,,
,,,,,,,,,,,,,,,,,,,,,,,,,,,,,,,,,,,,,,,,,,,,,,,,,
,,,,,,,,,,,,,,,,,,,,,,,,,,,,,,,,,,,,,,,,,,,,,,,,,
,,,,#053 Persian,,,,,Lv.56,,,#267 Beautifly,,,,,Lv.56,,,#097 Hypno,,,,,Lv.56,,,,,,,,,,,,,,,,,,,,,,,,
,,,,,NORMAL,,,,,,,,BUG,,,FLYING,,,,,PSYCHIC,,,,,,,,,,,,,,,,,,,,,,,,,,,,
,,GALACTIC GRUNT [527],HP,Atk,Def,SpA,SpD,Spe,Total,,HP,Atk,Def,SpA,SpD,Spe,Total,,HP,Atk,Def,SpA,SpD,Spe,Total,,,,,,,,,,,,,,,,,,,,,,,,
,,,65,80᠎,60,80᠎,65,115,465᠎,,60,70,60᠎,125᠎,60᠎,75᠎,450᠎,,85,73,70,73,115,67,483,,,,,,,,,,,,,,,,,,,,,,,,
,,has to be fought with Galactic Grunt [521] in a double battle,,No Item,,,Technician឵ ឵,,,,,No Item,,,Swarm,,,,,No Item,,,Insomnia,,,,,,,,,,,,,,,,,,,,,,,,,,
,,,"Quiet (+SpA, -Spe)",,,,,,12 IV,,"Modest (+SpA, -Atk)",,,,,,12 IV,,"Sassy (+SpD, -Spe)",,,,,,12 IV,,,,,,,,,,,,,,,,,,,,,,,,
,,in the double battle her team is on the left side of battle,Play Rough (!),,,,90,90%,10PP,,Air Slash,,,,75,95%,15PP᠋,,Drain Punch,,,,75᠎,100%,10PP᠎,,,,,,,,,,,,,,,,,,,,,,,,
,,,Captivate,,,,--,100%,20PP,,Rage,,,,20,100%,20PP,,Nasty Plot,,,,--,--,20PP,,,,,,,,,,,,,,,,,,,,,,,,
,,,Feint,,,,30᠋,100%,10PP,,Whirlwind,,,,--,100%,20PP,,Guard Swap,,,,--,--,10PP,,,,,,,,,,,,,,,,,,,,,,,,
,,,Double-Edge,,,,120,100%,15PP,,Hurricane (!),,,,110,70%,10PP,,Future Sight,,,,120᠎,100%᠎,10PP᠋,,,,,,,,,,,,,,,,,,,,,,,,
,,,,,,,,,,,,,,,,,,,,,,,,,,,,,,,,,,,,,,,,,,,,,,,,,
,,,,,,,,,,,,,,,,,,,,,,,,,,,,,,,,,,,,,,,,,,,,,,,,,
,,,,,,,,,,,,,,,,,,,,,,,,,,,,,,,,,,,,,,,,,,,,,,,,,
,,,,#169 Crobat,,,,,Lv.57,,,#469 Yanmega,,,,,Lv.57,,,#437 Bronzong,,,,,Lv.57,,,#466 Electivire,,,,,Lv.57,,,#115 Kangaskhan,,,,,Lv.57,,,#432 Purugly,,,,,Lv.58
,,,,,POISON,,,FLYING,,,,,BUG,,,FLYING,,,,,STEEL,,,PSYCHIC,,,,,ELECTRIC,,,FIGHTING឵ ឵,,,,,NORMAL,,,,,,,,NORMAL,,,,
,,COMMANDER MARS [528],HP,Atk,Def,SpA,SpD,Spe,Total,,HP,Atk,Def,SpA,SpD,Spe,Total,,HP,Atk,Def,SpA,SpD,Spe,Total,,HP,Atk,Def,SpA,SpD,Spe,Total,,HP,Atk,Def,SpA,SpD,Spe,Total,,HP,Atk,Def,SpA,SpD,Spe,Total
,,,85,90,80,70,80,130,535,,86,76,86,116,56,95,515,,67,89,116,79,116,33,500,,75,123,67,95,85,95,540,,105,95,80,40,80,90,490,,90᠎,95᠎,70᠎,65᠎,60᠎,115᠎,495᠎
,,Multi Battle with Commander Jupiter and Rival Barry,,Life Orb,,,Inner Focus,,,,,Wise Glasses,,,Speed Boost,,,,,Leftovers,,,Levitate,,,,,Expert Belt,,,Motor Drive,,,,,Muscle Band,,,Scrappy឵ ឵,,,,,Sitrus Berry,,,Thick Fat,,
,,,Hardy (Neutral),,,,,,31 IV,,"Calm (+SpD, -Atk)",,,,,,31 IV,,"Bold (+Def, -Atk)",,,,,,31 IV,,"Brave (+Atk, -Spe)",,,,,,31 IV,,"Lax (+Def, -SpD)",,,,,,31 IV,,"Brave (+Atk, -Spe)",,,,,,31 IV
,,her team is on the right side of battle,Brave Bird,,,,120,100%,15PP,,Bug Buzz,,,,90,100%,10PP,,Stealth Rock,,,,--,--,20PP,,Thunder Punch,,,,75,100%,15PP,,Body Slam,,,,85,100%,15PP,,Body Slam,,,,85,100%,15PP
,,,Sludge Bomb,,,,90,100%,10PP,,Hurricane (!),,,,110,70%,10PP,,Zen Headbutt,,,,80,90%,15PP,,Ice Punch,,,,75,100%,15PP,,Crunch,,,,80,100%,15PP,,Play Rough (!),,,,90,90%,10PP
,,,Confuse Ray,,,,--,100%,10PP,,Shadow Ball,,,,80,100%,15PP,,Gyro Ball,,,,--,100%,5PP,,Cross Chop,,,,100,80%,5PP,,Hammer Arm,,,,100,90%,10PP,,Fake Out,,,,40,100%,10PP
,,,Torment,,,,--,100%,15PP,,Detect,,,,--,--,5PP,,Earthquake,,,,100,100%,10PP,,Fire Punch,,,,75,100%,15PP,,Fake Out,,,,40,100%,10PP,,Hypnosis,,,,--,60%᠋,20PP
,,,,,,,,,,,,,,,,,,,,,,,,,,,,,,,,,,,,,,,,,,,,,,,,,
,,,,,,,,,,,,,,,,,,,,,,,,,,,,,,,,,,,,,,,,,,,,,,,,,
,,,,#169 Crobat,,,,,Lv.57,,,#302 Sableye,,,,,Lv.57,,,#437 Bronzong,,,,,Lv.57,,,#465 Tangrowth,,,,,Lv.57,,,#423 Gastrodon,,,,,Lv.57,,,#435 Skuntank,,,,,Lv.58
,,,,,POISON,,,FLYING,,,,,DARK,,,GHOST,,,,,STEEL,,,PSYCHIC,,,,,GRASS,,,,,,,,WATER,,,GROUND,,,,,POISON,,,DARK,
,,COMMANDER JUPITER [407],HP,Atk,Def,SpA,SpD,Spe,Total,,HP,Atk,Def,SpA,SpD,Spe,Total,,HP,Atk,Def,SpA,SpD,Spe,Total,,HP,Atk,Def,SpA,SpD,Spe,Total,,HP,Atk,Def,SpA,SpD,Spe,Total,,HP,Atk,Def,SpA,SpD,Spe,Total
,,,85,90,80,70,80,130,535,,50,85᠎,95᠎,85᠎,85᠎,50,450᠎,,67,89,116,79,116,33,500,,100,100,125,110,50,50,535,,111,83,68,92,82,39,475,,115᠎,95᠎,70᠎,70᠋,60᠋,85᠎,495᠎
,,Multi Battle with Commander Mars and Rival Barry,,Bright Powder,,,Inner Focus,,,,,Muscle Band,,,Magic Guard (!),,,,,Leftovers,,,Levitate,,,,,Big Root,,,Chlorophyll,,,,,Wise Glasses,,,Sticky Hold,,,,,Sitrus Berry,,,Aftermath឵ ឵,,
,,,"Sassy (+SpD, -Spe)",,,,,,31 IV,,"Gentle (+SpD, -Def)",,,,,,31 IV,,"Quiet (+SpA, -Spe)",,,,,,31 IV,,"Bold (+Def, -Atk)",,,,,,31 IV,,"Calm (+SpD, -Atk)",,,,,,31 IV,,"Lax (+Def, -SpD)",,,,,,31 IV
,,her team is on the left side of battle,Brave Bird,,,,120,100%,15PP,,Shadow Claw,,,,80᠎,100%,15PP,,Swagger,,,,--,85%᠋,15PP,,Giga Drain,,,,75᠎,100%,10PP,,Muddy Water,,,,90᠋,85%,10PP,,Gunk Shot,,,,120,80%᠎,5PP
,,,Sludge Bomb,,,,90,100%,10PP,,Sucker Punch,,,,70᠋,100%,5PP,,Psychic,,,,90,100%,10PP,,Leech Seed,,,,--,90%,10PP,,Earth Power,,,,90,100%,10PP,,Crunch,,,,80,100%,15PP
,,,Double Team,,,,--,--,15PP,,Zen Headbutt,,,,80,90%,15PP,,Flash Cannon,,,,80,100%,10PP,,Focus Blast,,,,120,70%,5PP,,Ice Beam,,,,90᠋,100%,10PP,,Play Rough (!),,,,90,90%,10PP
,,,Hypnosis,,,,--,60%᠋,20PP,,Fake Out,,,,40,100%,10PP,,Grass Knot,,,,--,100%,20PP,,Sludge Bomb,,,,90,100%,10PP,,Recover,,,,--,--,10PP,,Toxic,,,,--,90%᠎,10PP
,,,,,,,,,,,,,,,,,,,,,,,,,,,,,,,,,,,,,,,,,,,,,,,,,
,,,,,,,,,,,,,,,,,,,,,,,,,,,,,,,,,,,,,,,,,,,,,,,,,
,,,,,,,,,,,,,,,,,,,,,,,,,,,,,,,,,,,,,,,,,,,,,,,,,
,,,,#398 Staraptor,,,,,Lv.58,,,#214 Heracross,,,,,Lv.58,,,#143 Snorlax,,,,,Lv.58,,,#184 Azumarill,,,,,Lv.58,,,#059 Arcanine,,,,,Lv.58,,,#389 Torterra,,,,,Lv.59
,,,,,NORMAL,,,FLYING,,,,,BUG,,,FIGHTING,,,,,NORMAL,,,,,,,,WATER,,,FAIRY឵ ឵,,,,,FIRE,,,,,,,,GRASS,,,GROUND,
,,RIVAL BARRY [607],HP,Atk,Def,SpA,SpD,Spe,Total,,HP,Atk,Def,SpA,SpD,Spe,Total,,HP,Atk,Def,SpA,SpD,Spe,Total,,HP,Atk,Def,SpA,SpD,Spe,Total,,HP,Atk,Def,SpA,SpD,Spe,Total,,HP,Atk,Def,SpA,SpD,Spe,Total
,,(IF YOU CHOSE PIPLUP),85,120,70,50,60᠎,100,485᠎,,80,125,75,40,95,85,500,,160,110,65,65,110,30,540,,110᠎,50,80,80᠎,80,50,450᠎,,90,110,80,100,80,95,555,,95,114᠎,110᠎,75,85,56,535᠎
,,,,Sharp Beak,,,Reckless (!),,,,,Muscle Band,,,Guts ឵,,,,,Leftovers,,,Thick Fat឵ ឵,,,,,Life Orb,,,Huge Power឵ ឵,,,,,Expert Belt,,,Intimidate,,,,,Sitrus Berry,,,Overgrow,,
,,,"Lonely (+Atk, -Def)",,,,,,31 IV,,"Rash (+SpA, -SpD)",,,,,,31 IV,,"Jolly (+Spe, -SpA)",,,,,,31 IV,,"Hasty (+Spe, -Def)",,,,,,31 IV,,"Mild (+SpA, -Def)",,,,,,31 IV,,Quirky (Neutral),,,,,,31 IV
,,,Double-Edge,,,,120,100%,15PP,,Megahorn,,,,120,85%,10PP,,Body Slam,,,,85,100%,15PP,,Aqua Tail,,,,90,90%,10PP,,Flare Blitz,,,,120,100%,15PP,,Wood Hammer,,,,120,100%,15PP
,,,Brave Bird,,,,120,100%,15PP,,Close Combat,,,,120,100%,5PP,,Crunch,,,,80,100%,15PP,,Play Rough (!),,,,90,90%,10PP,,Wild Charge (!),,,,100᠎,100%,15PP,,Earthquake,,,,100,100%,10PP
,,he heals your team after the fight,Close Combat,,,,120,100%,5PP,,Rock Blast,,,,25,90%᠎,10PP,,Zen Headbutt,,,,80,90%,15PP,,Superpower,,,,120,100%,5PP,,Close Combat,,,,120,100%,5PP,,Crunch,,,,80,100%,15PP
,,,U-turn,,,,70,100%,20PP,,Bullet Seed,,,,25᠎,100%,30PP,,Slack Off,,,,--,--,10PP,,Aqua Ring,,,,--,--,20PP,,Crunch,,,,80,100%,15PP,,Stone Edge,,,,100,80%,5PP
,,,,,,,,,,,,,,,,,,,,,,,,,,,,,,,,,,,,,,,,,,,,,,,,,
,,,,,,,,,,,,,,,,,,,,,,,,,,,,,,,,,,,,,,,,,,,,,,,,,
,,,,#398 Staraptor,,,,,Lv.58,,,#214 Heracross,,,,,Lv.58,,,#143 Snorlax,,,,,Lv.58,,,#184 Azumarill,,,,,Lv.58,,,#286 Breloom,,,,,Lv.58,,,#392 Infernape,,,,,Lv.59
,,,,,NORMAL,,,FLYING,,,,,BUG,,,FIGHTING,,,,,NORMAL,,,,,,,,WATER,,,FAIRY឵ ឵,,,,,GRASS,,,FIGHTING,,,,,FIRE,,,FIGHTING,
,,RIVAL BARRY [619],HP,Atk,Def,SpA,SpD,Spe,Total,,HP,Atk,Def,SpA,SpD,Spe,Total,,HP,Atk,Def,SpA,SpD,Spe,Total,,HP,Atk,Def,SpA,SpD,Spe,Total,,HP,Atk,Def,SpA,SpD,Spe,Total,,HP,Atk,Def,SpA,SpD,Spe,Total
,,(IF YOU CHOSE TURTWIG),85,120,70,50,60᠎,100,485᠎,,80,125,75,40,95,85,500,,160,110,65,65,110,30,540,,110᠎,50,80,80᠎,80,50,450᠎,,60,130,80,60,60,70,460,,76,104,71,104,71,109᠎,535᠎
,,,,Sharp Beak,,,Reckless (!),,,,,Muscle Band,,,Guts ឵,,,,,Leftovers,,,Thick Fat឵ ឵,,,,,Life Orb,,,Huge Power឵ ឵,,,,,Focus Sash,,,Technician (!),,,,,Sitrus Berry,,,Iron Fist (!),,
,,,"Lonely (+Atk, -Def)",,,,,,31 IV,,Hardy (Neutral),,,,,,31 IV,,"Jolly (+Spe, -SpA)",,,,,,31 IV,,"Hasty (+Spe, -Def)",,,,,,31 IV,,Hardy (Neutral),,,,,,31 IV,,"Adamant (+Atk, -SpA)",,,,,,31 IV
,,,Double-Edge,,,,120,100%,15PP,,Megahorn,,,,120,85%,10PP,,Body Slam,,,,85,100%,15PP,,Aqua Tail,,,,90,90%,10PP,,Bullet Seed,,,,25᠎,100%,30PP,,Flare Blitz,,,,120,100%,15PP
,,,Brave Bird,,,,120,100%,15PP,,Close Combat,,,,120,100%,5PP,,Crunch,,,,80,100%,15PP,,Play Rough (!),,,,90,90%,10PP,,Force Palm,,,,60,100%,10PP,,Close Combat,,,,120,100%,5PP
,,he heals your team after the fight,Close Combat,,,,120,100%,5PP,,Rock Blast,,,,25,90%᠎,10PP,,Zen Headbutt,,,,80,90%,15PP,,Superpower,,,,120,100%,5PP,,Rock Tomb,,,,60᠎,80%,15PP᠎,,Thunder Punch,,,,75,100%,15PP
,,,U-turn,,,,70,100%,20PP,,Bullet Seed,,,,25᠎,100%,30PP,,Slack Off,,,,--,--,10PP,,Aqua Ring,,,,--,--,20PP,,Spore,,,,--,100%,15PP,,Stone Edge,,,,100,80%,5PP
,,,,,,,,,,,,,,,,,,,,,,,,,,,,,,,,,,,,,,,,,,,,,,,,,
,,,,,,,,,,,,,,,,,,,,,,,,,,,,,,,,,,,,,,,,,,,,,,,,,
,,,,#398 Staraptor,,,,,Lv.58,,,#214 Heracross,,,,,Lv.58,,,#143 Snorlax,,,,,Lv.58,,,#286 Breloom,,,,,Lv.58,,,#059 Arcanine,,,,,Lv.58,,,#395 Empoleon,,,,,Lv.59
,,,,,NORMAL,,,FLYING,,,,,BUG,,,FIGHTING,,,,,NORMAL,,,,,,,,GRASS,,,FIGHTING,,,,,FIRE,,,,,,,,WATER,,,STEEL,
,,RIVAL BARRY [620],HP,Atk,Def,SpA,SpD,Spe,Total,,HP,Atk,Def,SpA,SpD,Spe,Total,,HP,Atk,Def,SpA,SpD,Spe,Total,,HP,Atk,Def,SpA,SpD,Spe,Total,,HP,Atk,Def,SpA,SpD,Spe,Total,,HP,Atk,Def,SpA,SpD,Spe,Total
,,(IF YOU CHOSE CHIMCHAR),85,120,70,50,60᠎,100,485᠎,,80,125,75,40,95,85,500,,160,110,65,65,110,30,540,,60,130,80,60,60,70,460,,90,110,80,100,80,95,555,,84,86,88,116᠎,101,60,535᠎
,,,,Sharp Beak,,,Reckless (!),,,,,Muscle Band,,,Guts ឵,,,,,Leftovers,,,Thick Fat឵ ឵,,,,,Focus Sash,,,Technician (!),,,,,Expert Belt,,,Intimidate,,,,,Sitrus Berry,,,Torrent,,
,,,"Calm (+SpD, -Atk)",,,,,,31 IV,,"Rash (+SpA, -SpD)",,,,,,31 IV,,"Relaxed (+Def, -Spe)",,,,,,31 IV,,"Mild (+SpA, -Def)",,,,,,31 IV,,"Timid (+Spe, -Atk)",,,,,,31 IV,,"Relaxed (+Def, -Spe)",,,,,,31 IV
,,,Double-Edge,,,,120,100%,15PP,,Megahorn,,,,120,85%,10PP,,Body Slam,,,,85,100%,15PP,,Bullet Seed,,,,25᠎,100%,30PP,,Flare Blitz,,,,120,100%,15PP,,Hydro Pump,,,,110᠋,80%,5PP
,,,Brave Bird,,,,120,100%,15PP,,Close Combat,,,,120,100%,5PP,,Crunch,,,,80,100%,15PP,,Force Palm,,,,60,100%,10PP,,Wild Charge (!),,,,100᠎,100%,15PP,,Flash Cannon,,,,80,100%,10PP
,,he heals your team after the fight,Close Combat,,,,120,100%,5PP,,Rock Blast,,,,25,90%᠎,10PP,,Zen Headbutt,,,,80,90%,15PP,,Rock Tomb,,,,60᠎,80%,15PP᠎,,Close Combat,,,,120,100%,5PP,,Ice Beam,,,,90᠋,100%,10PP
,,,U-turn,,,,70,100%,20PP,,Bullet Seed,,,,25᠎,100%,30PP,,Slack Off,,,,--,--,10PP,,Spore,,,,--,100%,15PP,,Crunch,,,,80,100%,15PP,,Grass Knot,,,,--,100%,20PP
,,,,,,,,,,,,,,,,,,,,,,,,,,,,,,,,,,,,,,,,,,,,,,,,,
,,,,,,,,,,,,,,,,,,,,,,,,,,,,,,,,,,,,,,,,,,,,,,,,,
,,DISTORTION WORLD,,,,,,,,,,,,,,,,,,,,,,,,,,,,,,,,,,,,,,,,,,,,,,,
,,,,,,,,,,,,,,,,,,,,,,,,,,,,,,,,,,,,,,,,,,,,,,,,,
,,i'm sure you can figure out the lake trio puzzle by yourself. i believe in you,,,,,,,,,,,,,,,,,,,,,,,,,,,,,,,,,,,,,,,,,,,,,,,
,,,,,,,,,,,,,,,,,,,,,,,,,,,,,,,,,,,,,,,,,,,,,,,,,
,,,,,,,,,,,,,,,,,,,,,,,,,,,,,,,,,,,,,,,,,,,,,,,,,
,,,,#483 Dialga,,,,,Lv.70,,,#484 Palkia,,,,,Lv.70,,,,,,,,,,,,,,,,,,,,,,,,,,,,,,,,
,,,,,STEEL,,,DRAGON,,,,,WATER,,,DRAGON,,,,,,,,,,,,,,,,,,,,,,,,,,,,,,,,,
,,GALACTIC BOSS CYRUS [972],HP,Atk,Def,SpA,SpD,Spe,Total,,HP,Atk,Def,SpA,SpD,Spe,Total,,,,,,,,,,,,,,,,,,,,,,,,,,,,,,,,
,,DOUBLE BATTLE,100,120,120,150,100,90,680,,90,120,100,150,120,100,680,,,,,,,,,,,,,,,,,,,,,,,,,,,,,,,,
,,,,No Item,,,Pressure,,,,,No Item,,,Pressure,,,,,,,,,,,,,,,,,,,,,,,,,,,,,,,,,,
,,,"Naughty (+Atk, -SpD)",,,,,,0 IV,,"Brave (+Atk, -Spe)",,,,,,0 IV,,,,,,,,,,,,,,,,,,,,,,,,,,,,,,,,
,,,Aura Sphere,,,,80᠋,--,20PP,,Aura Sphere,,,,80᠋,--,20PP,,,,,,,,,,,,,,,,,,,,,,,,,,,,,,,,
,,this fight and the next one are fought back to back but the game heals you in between,Earth Power,,,,90,100%,10PP,,Earth Power,,,,90,100%,10PP,,,,,,,,,,,,,,,,,,,,,,,,,,,,,,,,
,,,Flash Cannon,,,,80,100%,10PP,,Hydro Pump,,,,110᠋,80%,5PP,,,,,,,,,,,,,,,,,,,,,,,,,,,,,,,,
,,,Roar of Time,,,,150,90%,5PP,,Spacial Rend,,,,100,95%,5PP,,,,,,,,,,,,,,,,,,,,,,,,,,,,,,,,
,,,,,,,,,,,,,,,,,,,,,,,,,,,,,,,,,,,,,,,,,,,,,,,,,
,,,,,,,,,,,,,,,,,,,,,,,,,,,,,,,,,,,,,,,,,,,,,,,,,
,,,,#169 Crobat,,,,,Lv.59,,,#430 Honchkrow,,,,,Lv.59,,,#229 Houndoom,,,,,Lv.59,,,#130 Gyarados,,,,,Lv.59,,,#462 Magnezone,,,,,Lv.59,,,#461 Weavile,,,,,Lv.60
,,,,,POISON,,,FLYING,,,,,DARK,,,FLYING,,,,,DARK,,,FIRE,,,,,WATER,,,FLYING,,,,,ELECTRIC,,,STEEL,,,,,DARK,,,ICE,
,,GALACTIC BOSS CYRUS [404],HP,Atk,Def,SpA,SpD,Spe,Total,,HP,Atk,Def,SpA,SpD,Spe,Total,,HP,Atk,Def,SpA,SpD,Spe,Total,,HP,Atk,Def,SpA,SpD,Spe,Total,,HP,Atk,Def,SpA,SpD,Spe,Total,,HP,Atk,Def,SpA,SpD,Spe,Total
,,SINGLE BATTLE,85,90,80,70,80,130,535,,100,125,52,105,52,71,505,,75,90,50,110,80,95,500,,95,125,79,60,100,81,540,,70,70,115,130,90,60,535,,70,120,65,45,85,125,510
,,,,Choice Band,,,Inner Focus,,,,,White Herb,,,Super Luck឵឵ ឵,,,,,Life Orb,,,Intimidate (!),,,,,Muscle Band,,,Intimidate,,,,,Wise Glasses,,,Magnet Pull,,,,,Focus Sash,,,Technician (!),,
,,,"Jolly (+Spe, -SpA)",,,,,,30 IV,,"Naughty (+Atk, -SpD)",,,,,,30 IV,,"Hasty (+Spe, -Def)",,,,,,30 IV,,"Jolly (+Spe, -SpA)",,,,,,29 IV,,"Modest (+SpA, -Atk)",,,,,,30 IV,,"Jolly (+Spe, -SpA)",,,,,,31 IV
,,Once Cyrus beaten you get healed by Cynthia before facing Giratina,Brave Bird,,,,120,100%,15PP,,Brave Bird,,,,120,100%,15PP,,Dark Pulse,,,,80,100%,15PP,,Aqua Tail,,,,90,90%,10PP,,Thunderbolt,,,,90᠋,100%,15PP,,Feint Attack,,,,60,--,20PP
,,,U-turn,,,,70,100%,20PP,,Sucker Punch,,,,70᠋,100%,5PP,,Flamethrower,,,,90᠋,100%,15PP,,Stone Edge,,,,100,80%,5PP,,Flash Cannon,,,,80,100%,10PP,,Icicle Crash (!),,,,85,90%,10PP
,,,Cross Poison,,,,90᠎,100%,15PP᠋,,Thunder Wave,,,,--,90%᠎,20PP,,Sludge Bomb,,,,90,100%,10PP,,Ice Fang,,,,65,95%,15PP,,Signal Beam,,,,75,100%,15PP,,Aerial Ace,,,,60,--,20PP
,,,Zen Headbutt,,,,80,90%,15PP,,Superpower,,,,120,100%,5PP,,Nasty Plot,,,,--,--,20PP,,Dragon Dance,,,,--,--,20PP,,Mirror Coat,,,,--,100%,20PP,,Swords Dance,,,,--,--,20PP᠎
,,,,,,,,,,,,,,,,,,,,,,,,,,,,,,,,,,,,,,,,,,,,,,,,,
,,,,,,,,,,,,,,,,,,,,,,,,,,,,,,,,,,,,,,,,,,,,,,,,,
,,ROUTE 222,,,,,,,,,,,,,,,,,,,,,,,,,,,,,,,,,,,,,,,,,,,,,,,
,,,,,,,,,,,,,,,,,,,,,,,,,,,,,,,,,,,,,,,,,,,,,,,,,
,,,,,,,,,,,,,,,,,,,,,,,,,,,,,,,,,,,,,,,,,,,,,,,,,
,,,,#405 Luxray,,,,,Lv.57,,,#254 Sceptile,,,,,Lv.57,,,#264 Linoone,,,,,Lv.57,,,,,,,,,,,,,,,,,,,,,,,,
,,,,,ELECTRIC,,,DARK឵ ឵,,,,,GRASS,,,DRAGON឵ ឵,,,,,NORMAL,,,,,,,,,,,,,,,,,,,,,,,,,,,,
,,RICH BOY TREY [335],HP,Atk,Def,SpA,SpD,Spe,Total,,HP,Atk,Def,SpA,SpD,Spe,Total,,HP,Atk,Def,SpA,SpD,Spe,Total,,,,,,,,,,,,,,,,,,,,,,,,
,,,80,120,79,95,79,70,523,,70,90᠎,65,110᠎,80᠋,120,535᠎,,85᠎,85᠎,60᠋,50,60᠋,110᠎,450᠎,,,,,,,,,,,,,,,,,,,,,,,,
,,you can either walk on the beach or on the grass above. you can find both paths under this trainer. in any way there is only one mandatory trainer on this route and you can find him below all the optionals,,No Item,,,Intimidate឵ ឵,,,,,No Item,,,Unburden (!),,,,,No Item,,,Pickup,,,,,,,,,,,,,,,,,,,,,,,,,,
,,,"Lonely (+Atk, -Def)",,,,,,12 IV,,"Hasty (+Spe, -Def)",,,,,,12 IV,,"Gentle (+SpD, -Def)",,,,,,12 IV,,,,,,,,,,,,,,,,,,,,,,,,
,,,Swagger,,,,--,85%᠋,15PP,,Energy Ball,,,,90᠎,100%,10PP,,Belly Drum,,,,--,--,10PP,,,,,,,,,,,,,,,,,,,,,,,,
,,,Wild Charge (!),,,,100᠎,100%,15PP,,X-Scissor,,,,80,100%,15PP,,Fling,,,,--,100%,10PP,,,,,,,,,,,,,,,,,,,,,,,,
,,can use : 1 FULL RESTORE,Scary Face,,,,--,100%᠎,10PP,,Screech,,,,--,85%,40PP,,Super Fang,,,,--,90%,10PP,,,,,,,,,,,,,,,,,,,,,,,,
,,(LOOKS RIGHT),Discharge,,,,80,100%,15PP,,Endeavor,,,,--,100%,5PP,,Extreme Speed,,,,80,100%,5PP,,,,,,,,,,,,,,,,,,,,,,,,
,,,,,,,,,,,,,,,,,,,,,,,,,,,,,,,,,,,,,,,,,,,,,,,,,
,,,,,,,,,,,,,,,,,,,,,,,,,,,,,,,,,,,,,,,,,,,,,,,,,
,,,,,,,,,,,,,,,,,,,,,,,,,,,,,,,,,,,,,,,,,,,,,,,,,
,,,,#130 Gyarados,,,,,Lv.57,,,#130 Gyarados,,,,,Lv.57,,,#130 Gyarados,,,,,Lv.57,,,,,,,,,,,,,,,,,,,,,,,,
,,,,,WATER,,,FLYING,,,,,WATER,,,FLYING,,,,,WATER,,,FLYING,,,,,,,,,,,,,,,,,,,,,,,,,
,,FISHERMAN ALEC [173],HP,Atk,Def,SpA,SpD,Spe,Total,,HP,Atk,Def,SpA,SpD,Spe,Total,,HP,Atk,Def,SpA,SpD,Spe,Total,,,,,,,,,,,,,,,,,,,,,,,,
,,,95,125,79,60,100,81,540,,95,125,79,60,100,81,540,,95,125,79,60,100,81,540,,,,,,,,,,,,,,,,,,,,,,,,
,,first fisherman on the beach when coming from the Valor Lakefront,,No Item,,,Intimidate,,,,,No Item,,,Intimidate,,,,,No Item,,,Intimidate,,,,,,,,,,,,,,,,,,,,,,,,,,
,,,"Modest (+SpA, -Atk)",,,,,,12 IV,,"Modest (+SpA, -Atk)",,,,,,12 IV,,"Modest (+SpA, -Atk)",,,,,,12 IV,,,,,,,,,,,,,,,,,,,,,,,,
,,only fought when talked to,Hydro Pump,,,,110᠋,80%,5PP,,Hydro Pump,,,,110᠋,80%,5PP,,Hydro Pump,,,,110᠋,80%,5PP,,,,,,,,,,,,,,,,,,,,,,,,
,,,Rain Dance,,,,--,--,5PP,,Rain Dance,,,,--,--,5PP,,Rain Dance,,,,--,--,5PP,,,,,,,,,,,,,,,,,,,,,,,,
,,,Hurricane (!),,,,110,70%,10PP,,Hurricane (!),,,,110,70%,10PP,,Hurricane (!),,,,110,70%,10PP,,,,,,,,,,,,,,,,,,,,,,,,
,,(FISHES),Hyper Beam,,,,150,90%,5PP,,Hyper Beam,,,,150,90%,5PP,,Hyper Beam,,,,150,90%,5PP,,,,,,,,,,,,,,,,,,,,,,,,
,,,,,,,,,,,,,,,,,,,,,,,,,,,,,,,,,,,,,,,,,,,,,,,,,
,,,,,,,,,,,,,,,,,,,,,,,,,,,,,,,,,,,,,,,,,,,,,,,,,
,,,,,,,,,,,,,,,,,,,,,,,,,,,,,,,,,,,,,,,,,,,,,,,,,
,,,,#224 Octillery,,,,,Lv.58,,,#457 Lumineon,,,,,Lv.58,,,,,,,,,,,,,,,,,,,,,,,,,,,,,,,,
,,,,,WATER,,,,,,,,WATER,,,,,,,,,,,,,,,,,,,,,,,,,,,,,,,,,,,,
,,FISHERMAN GEORGE [174],HP,Atk,Def,SpA,SpD,Spe,Total,,HP,Atk,Def,SpA,SpD,Spe,Total,,,,,,,,,,,,,,,,,,,,,,,,,,,,,,,,
,,,75,105,75,105,75,45,480,,70᠎,40᠋,75᠋,105᠎,90᠎,105᠎,485᠎,,,,,,,,,,,,,,,,,,,,,,,,,,,,,,,,
,,second fisherman on the beach when coming from the Valor Lakefront,,No Item,,,Suction Cups,,,,,No Item,,,Swift Swim,,,,,,,,,,,,,,,,,,,,,,,,,,,,,,,,,,
,,,"Brave (+Atk, -Spe)",,,,,,12 IV,,"Mild (+SpA, -Def)",,,,,,12 IV,,,,,,,,,,,,,,,,,,,,,,,,,,,,,,,,
,,only fought when talked to,Hydro Pump,,,,110᠋,80%,5PP,,Whirlpool,,,,35᠎,85%᠎,15PP,,,,,,,,,,,,,,,,,,,,,,,,,,,,,,,,
,,,Gunk Shot,,,,120,80%᠎,5PP,,U-turn,,,,70,100%,20PP,,,,,,,,,,,,,,,,,,,,,,,,,,,,,,,,
,,,Hyper Beam,,,,150,90%,5PP,,Bounce,,,,85,85%,5PP,,,,,,,,,,,,,,,,,,,,,,,,,,,,,,,,
,,(FISHES),Water Spout,,,,150,100%,5PP,,Hydro Pump,,,,110᠋,80%,5PP,,,,,,,,,,,,,,,,,,,,,,,,,,,,,,,,
,,,,,,,,,,,,,,,,,,,,,,,,,,,,,,,,,,,,,,,,,,,,,,,,,
,,,,,,,,,,,,,,,,,,,,,,,,,,,,,,,,,,,,,,,,,,,,,,,,,
,,,,,,,,,,,,,,,,,,,,,,,,,,,,,,,,,,,,,,,,,,,,,,,,,
,,,,#211 Qwilfish,,,,,Lv.59,,,,,,,,,,,,,,,,,,,,,,,,,,,,,,,,,,,,,,,,
,,,,,WATER,,,POISON,,,,,,,,,,,,,,,,,,,,,,,,,,,,,,,,,,,,,,,,,
,,FISHERMAN BRETT [172],HP,Atk,Def,SpA,SpD,Spe,Total,,,,,,,,,,,,,,,,,,,,,,,,,,,,,,,,,,,,,,,,
,,,65,95,95᠎,45᠋,55,95᠎,450᠎,,,,,,,,,,,,,,,,,,,,,,,,,,,,,,,,,,,,,,,,
,,third fisherman on the beach when coming from the Valor Lakefront,,No Item,,,Poison Point,,,,,,,,,,,,,,,,,,,,,,,,,,,,,,,,,,,,,,,,,,
,,,"Adamant (+Atk, -SpA)",,,,,,12 IV,,,,,,,,,,,,,,,,,,,,,,,,,,,,,,,,,,,,,,,,
,,only fought when talked to,Take Down,,,,90,85%,20PP,,,,,,,,,,,,,,,,,,,,,,,,,,,,,,,,,,,,,,,,
,,,Destiny Bond,,,,--,--,5PP,,,,,,,,,,,,,,,,,,,,,,,,,,,,,,,,,,,,,,,,
,,,Gunk Shot,,,,120,80%᠎,5PP,,,,,,,,,,,,,,,,,,,,,,,,,,,,,,,,,,,,,,,,
,,(FISHES),Hydro Pump,,,,110᠋,80%,5PP,,,,,,,,,,,,,,,,,,,,,,,,,,,,,,,,,,,,,,,,
,,,,,,,,,,,,,,,,,,,,,,,,,,,,,,,,,,,,,,,,,,,,,,,,,
,,,,,,,,,,,,,,,,,,,,,,,,,,,,,,,,,,,,,,,,,,,,,,,,,
,,,,,,,,,,,,,,,,,,,,,,,,,,,,,,,,,,,,,,,,,,,,,,,,,
,,,,#119 Seaking,,,,,Lv.57,,,#319 Sharpedo,,,,,Lv.57,,,#230 Kingdra,,,,,Lv.57,,,,,,,,,,,,,,,,,,,,,,,,
,,,,,WATER,,,,,,,,WATER,,,DARK,,,,,WATER,,,DRAGON,,,,,,,,,,,,,,,,,,,,,,,,,
,,FISHERMAN COLE [175],HP,Atk,Def,SpA,SpD,Spe,Total,,HP,Atk,Def,SpA,SpD,Spe,Total,,HP,Atk,Def,SpA,SpD,Spe,Total,,,,,,,,,,,,,,,,,,,,,,,,
,,,80,122᠎,80᠎,45᠋,80,78᠎,485᠎,,70,120,40,95,40,95,460,,75,95,95,95,95,85,540,,,,,,,,,,,,,,,,,,,,,,,,
,,fourth fisherman on the beach when coming from the Valor Lakefront,,No Item,,,Swift Swim,,,,,No Item,,,Speed Boost (!),,,,,No Item,,,Swift Swim,,,,,,,,,,,,,,,,,,,,,,,,,,
,,,"Naive (+Spe, -SpD)",,,,,,12 IV,,"Jolly (+Spe, -SpA)",,,,,,12 IV,,"Hasty (+Spe, -Def)",,,,,,12 IV,,,,,,,,,,,,,,,,,,,,,,,,
,,only fought when talked to,Drill Run (!),,,,80,95%,10PP,,Skull Bash,,,,130᠎,100%,10PP᠎,,Dragon Dance,,,,--,--,20PP,,,,,,,,,,,,,,,,,,,,,,,,
,,the fifth fisherman doesn't fight,Bounce,,,,85,85%,5PP,,Zen Headbutt,,,,80,90%,15PP,,Outrage,,,,120,100%,10PP᠋,,,,,,,,,,,,,,,,,,,,,,,,
,,,Megahorn,,,,120,85%,10PP,,Agility,,,,--,--,30PP,,Hydro Pump,,,,110᠋,80%,5PP,,,,,,,,,,,,,,,,,,,,,,,,
,,(FISHES),Hydro Pump,,,,110᠋,80%,5PP,,Hydro Pump,,,,110᠋,80%,5PP,,Hyper Beam,,,,150,90%,5PP,,,,,,,,,,,,,,,,,,,,,,,,
,,,,,,,,,,,,,,,,,,,,,,,,,,,,,,,,,,,,,,,,,,,,,,,,,
,,,,,,,,,,,,,,,,,,,,,,,,,,,,,,,,,,,,,,,,,,,,,,,,,
,,,,,,,,,,,,,,,,,,,,,,,,,,,,,,,,,,,,,,,,,,,,,,,,,
,,,,#184 Azumarill,,,,,Lv.58,,,,,,,,,,,,,,,,,,,,,,,,,,,,,,,,,,,,,,,,
,,,,,WATER,,,FAIRY឵ ឵,,,,,,,,,,,,,,,,,,,,,,,,,,,,,,,,,,,,,,,,,
,,TUBER HOLLY [361],HP,Atk,Def,SpA,SpD,Spe,Total,,,,,,,,,,,,,,,,,,,,,,,,,,,,,,,,,,,,,,,,
,,,110᠎,50,80,80᠎,80,50,450᠎,,,,,,,,,,,,,,,,,,,,,,,,,,,,,,,,,,,,,,,,
,,,,No Item,,,Huge Power឵ ឵,,,,,,,,,,,,,,,,,,,,,,,,,,,,,,,,,,,,,,,,,,
,,,"Careful (+SpD, -SpA)",,,,,,12 IV,,,,,,,,,,,,,,,,,,,,,,,,,,,,,,,,,,,,,,,,
,,,Belly Drum,,,,--,--,10PP,,,,,,,,,,,,,,,,,,,,,,,,,,,,,,,,,,,,,,,,
,,,Double-Edge,,,,120,100%,15PP,,,,,,,,,,,,,,,,,,,,,,,,,,,,,,,,,,,,,,,,
,,,Superpower,,,,120,100%,5PP,,,,,,,,,,,,,,,,,,,,,,,,,,,,,,,,,,,,,,,,
,,(LOOKS UP AND DOWN),Hydro Pump,,,,110᠋,80%,5PP,,,,,,,,,,,,,,,,,,,,,,,,,,,,,,,,,,,,,,,,
,,,,,,,,,,,,,,,,,,,,,,,,,,,,,,,,,,,,,,,,,,,,,,,,,
,,,,,,,,,,,,,,,,,,,,,,,,,,,,,,,,,,,,,,,,,,,,,,,,,
,,,,,,,,,,,,,,,,,,,,,,,,,,,,,,,,,,,,,,,,,,,,,,,,,
,,,,#428 Lopunny,,,,,Lv.57,,,#136 Flareon,,,,,Lv.57,,,#154 Meganium,,,,,Lv.57,,,,,,,,,,,,,,,,,,,,,,,,
,,,,,NORMAL,,,FIGHTING឵ ឵,,,,,FIRE,,,,,,,,GRASS,,,FAIRY឵ ឵,,,,,,,,,,,,,,,,,,,,,,,,,
,,BEAUTY NICOLA [492],HP,Atk,Def,SpA,SpD,Spe,Total,,HP,Atk,Def,SpA,SpD,Spe,Total,,HP,Atk,Def,SpA,SpD,Spe,Total,,,,,,,,,,,,,,,,,,,,,,,,
,,,65,106᠎,84,44᠋,96,105,500᠎,,110᠎,130,60,65᠋,65᠋,95᠎,525,,80,82,100,93᠎,100,80,535᠎,,,,,,,,,,,,,,,,,,,,,,,,
,,the Rich Boy looking to the sea after her doesn't fight you. he gives you the TM56s Fling when you talk to him,,No Item,,,Scrappy (!),,,,,No Item,,,Flash Fire,,,,,No Item,,,Serene Grace (!),,,,,,,,,,,,,,,,,,,,,,,,,,
,,,"Lax (+Def, -SpD)",,,,,,12 IV,,"Quiet (+SpA, -Spe)",,,,,,12 IV,,"Quiet (+SpA, -Spe)",,,,,,12 IV,,,,,,,,,,,,,,,,,,,,,,,,
,,,Bounce,,,,85,85%,5PP,,Flamethrower,,,,90᠋,100%,15PP,,Moonblast (!),,,,95,100%,15PP,,,,,,,,,,,,,,,,,,,,,,,,
,,,Focus Punch,,,,150,100%,20PP,,Close Combat,,,,120,100%,5PP,,Safeguard,,,,--,--,25PP,,,,,,,,,,,,,,,,,,,,,,,,
,,,Healing Wish,,,,--,--,10PP,,Last Resort,,,,140᠎,100%,5PP,,Aromatherapy,,,,--,--,5PP,,,,,,,,,,,,,,,,,,,,,,,,
,,(LOOKS UP AND DOWN),High Jump Kick,,,,130᠎,90%,10PP᠋,,Flare Blitz,,,,120,100%,15PP,,Solar Beam,,,,120,100%,10PP,,,,,,,,,,,,,,,,,,,,,,,,
,,,,,,,,,,,,,,,,,,,,,,,,,,,,,,,,,,,,,,,,,,,,,,,,,
,,,,,,,,,,,,,,,,,,,,,,,,,,,,,,,,,,,,,,,,,,,,,,,,,
,,,,,,,,,,,,,,,,,,,,,,,,,,,,,,,,,,,,,,,,,,,,,,,,,
,,,,#164 Noctowl,,,,,Lv.59,,,,,,,,,,,,,,,,,,,,,,,,,,,,,,,,,,,,,,,,
,,,,,PSYCHIC឵ ឵,,,FLYING,,,,,,,,,,,,,,,,,,,,,,,,,,,,,,,,,,,,,,,,,
,,POLICEMAN THOMAS [333],HP,Atk,Def,SpA,SpD,Spe,Total,,,,,,,,,,,,,,,,,,,,,,,,,,,,,,,,,,,,,,,,
,,,100,40᠋,40᠋,106᠎,116᠎,60᠋,462᠎,,,,,,,,,,,,,,,,,,,,,,,,,,,,,,,,,,,,,,,,
,,Can be fought at night,,No Item,,,Tinted Lens (!),,,,,,,,,,,,,,,,,,,,,,,,,,,,,,,,,,,,,,,,,,
,,,"Mild (+SpA, -Def)",,,,,,12 IV,,,,,,,,,,,,,,,,,,,,,,,,,,,,,,,,,,,,,,,,
,,,Moonblast (!),,,,95,100%,15PP,,,,,,,,,,,,,,,,,,,,,,,,,,,,,,,,,,,,,,,,
,,,Roost,,,,--,--,10PP,,,,,,,,,,,,,,,,,,,,,,,,,,,,,,,,,,,,,,,,
,,,Dream Eater,,,,100,100%,15PP,,,,,,,,,,,,,,,,,,,,,,,,,,,,,,,,,,,,,,,,
,,(WALKS BACK AND FORTH),Hurricane (!),,,,110,70%,10PP,,,,,,,,,,,,,,,,,,,,,,,,,,,,,,,,,,,,,,,,
,,,,,,,,,,,,,,,,,,,,,,,,,,,,,,,,,,,,,,,,,,,,,,,,,
,,,,,,,,,,,,,,,,,,,,,,,,,,,,,,,,,,,,,,,,,,,,,,,,,
,,,,,,,,,,,,,,,,,,,,,,,,,,,,,,,,,,,,,,,,,,,,,,,,,
,,,,#171 Lanturn,,,,,Lv.57,,,#068 Machamp,,,,,Lv.57,,,#226 Mantine,,,,,Lv.57,,,,,,,,,,,,,,,,,,,,,,,,
,,,,,WATER,,,ELECTRIC,,,,,FIGHTING,,,,,,,,WATER,,,FLYING,,,,,,,,,,,,,,,,,,,,,,,,,
,,SAILOR MARC [337],HP,Atk,Def,SpA,SpD,Spe,Total,,HP,Atk,Def,SpA,SpD,Spe,Total,,HP,Atk,Def,SpA,SpD,Spe,Total,,,,,,,,,,,,,,,,,,,,,,,,
,,,125,58,58,76,76,67,460,,90,130,80,65,85,55,505,,85᠎,40,70,80,140,70,485᠎,,,,,,,,,,,,,,,,,,,,,,,,
,,can be fought alone or with Tuber Conner in a double battle,,No Item,,,Volt Absorb,,,,,No Item,,,Guts,,,,,No Item,,,Swift Swim,,,,,,,,,,,,,,,,,,,,,,,,,,
,,,"Adamant (+Atk, -SpA)",,,,,,12 IV,,"Relaxed (+Def, -Spe)",,,,,,12 IV,,"Adamant (+Atk, -SpA)",,,,,,12 IV,,,,,,,,,,,,,,,,,,,,,,,,
,,if fought in a double battle his team will be on the left side of battle,Take Down,,,,90,85%,20PP,,Cross Chop,,,,100,80%,5PP,,Mirror Coat,,,,--,100%,20PP,,,,,,,,,,,,,,,,,,,,,,,,
,,,Aqua Ring,,,,--,--,20PP,,Scary Face,,,,--,100%᠎,10PP,,Bounce,,,,85,85%,5PP,,,,,,,,,,,,,,,,,,,,,,,,
,,,Hydro Pump,,,,110᠋,80%,5PP,,Dynamic Punch,,,,100,50%,5PP,,Tailwind,,,,--,--,15PP᠋,,,,,,,,,,,,,,,,,,,,,,,,
,,(LOOKS LEFT AND RIGHT),Charge,,,,--,--,20PP,,Close Combat,,,,120,100%,5PP,,Hydro Pump,,,,110᠋,80%,5PP,,,,,,,,,,,,,,,,,,,,,,,,
,,,,,,,,,,,,,,,,,,,,,,,,,,,,,,,,,,,,,,,,,,,,,,,,,
,,,,,,,,,,,,,,,,,,,,,,,,,,,,,,,,,,,,,,,,,,,,,,,,,
,,,,#223 Remoraid,,,,,Lv.57,,,#223 Remoraid,,,,,Lv.57,,,,,,,,,,,,,,,,,,,,,,,,,,,,,,,,
,,,,,WATER,,,,,,,,WATER,,,,,,,,,,,,,,,,,,,,,,,,,,,,,,,,,,,,
,,TUBER CONNER [359],HP,Atk,Def,SpA,SpD,Spe,Total,,HP,Atk,Def,SpA,SpD,Spe,Total,,,,,,,,,,,,,,,,,,,,,,,,,,,,,,,,
,,,35,65,35,65,35,65,300,,35,65,35,65,35,65,300,,,,,,,,,,,,,,,,,,,,,,,,,,,,,,,,
,,can be fought alone or with Sailor Marc in a double battle,,No Item,,,Hustle,,,,,No Item,,,Hustle,,,,,,,,,,,,,,,,,,,,,,,,,,,,,,,,,,
,,,Bashful (Neutral),,,,,,12 IV,,Bashful (Neutral),,,,,,12 IV,,,,,,,,,,,,,,,,,,,,,,,,,,,,,,,,
,,if fought in a double battle his team will be on the right side of battle,Hydro Pump,,,,110᠋,80%,5PP,,Hydro Pump,,,,110᠋,80%,5PP,,,,,,,,,,,,,,,,,,,,,,,,,,,,,,,,
,,,Gunk Shot,,,,120,80%᠎,5PP,,Gunk Shot,,,,120,80%᠎,5PP,,,,,,,,,,,,,,,,,,,,,,,,,,,,,,,,
,,,Hyper Beam,,,,150,90%,5PP,,Hyper Beam,,,,150,90%,5PP,,,,,,,,,,,,,,,,,,,,,,,,,,,,,,,,
,,(LOOKS LEFT),Water Spout,,,,150,100%,5PP,,Water Spout,,,,150,100%,5PP,,,,,,,,,,,,,,,,,,,,,,,,,,,,,,,,
,,,,,,,,,,,,,,,,,,,,,,,,,,,,,,,,,,,,,,,,,,,,,,,,,
,,,,,,,,,,,,,,,,,,,,,,,,,,,,,,,,,,,,,,,,,,,,,,,,,
,,,,,,,,,,,,,,,,,,,,,,,,,,,,,,,,,,,,,,,,,,,,,,,,,
,,,,#279 Pelipper,,,,,Lv.56,,,#423 Gastrodon,,,,,Lv.56,,,#062 Poliwrath,,,,,Lv.56,,,#099 Kingler,,,,,Lv.56,,,,,,,,,,,,,,,,
,,,,,WATER,,,FLYING,,,,,WATER,,,GROUND,,,,,WATER,,,FIGHTING,,,,,WATER,,,,,,,,,,,,,,,,,,,,
,,SAILOR LUTHER [180],HP,Atk,Def,SpA,SpD,Spe,Total,,HP,Atk,Def,SpA,SpD,Spe,Total,,HP,Atk,Def,SpA,SpD,Spe,Total,,HP,Atk,Def,SpA,SpD,Spe,Total,,,,,,,,,,,,,,,,
,,,60,50,110᠎,95᠎,80᠎,65,460᠎,,111,83,68,92,82,39,475,,90,95᠎,95,70,90,70,510᠎,,55,130,115,50,50,75,475,,,,,,,,,,,,,,,,
,,,,No Item,,,Drizzle (!),,,,,No Item,,,Sticky Hold,,,,,No Item,,,Water Absorb,,,,,No Item,,,Hyper Cutter,,,,,,,,,,,,,,,,,,
,,,Bashful (Neutral),,,,,,12 IV,,Hardy (Neutral),,,,,,12 IV,,"Sassy (+SpD, -Spe)",,,,,,12 IV,,"Brave (+Atk, -Spe)",,,,,,12 IV,,,,,,,,,,,,,,,,
,,,Tailwind,,,,--,--,15PP᠋,,Counter,,,,--,100%,20PP,,Brick Break,,,,75,100%,15PP,,Slam,,,,80,75%,20PP,,,,,,,,,,,,,,,,
,,,Uproar,,,,90᠎,100%,10PP,,Amnesia,,,,--,--,20PP,,Dynamic Punch,,,,100,50%,5PP,,X-Scissor,,,,80,100%,15PP,,,,,,,,,,,,,,,,
,,,Hydro Pump,,,,110᠋,80%,5PP,,Acid Armor,,,,--,--,20PP᠋,,Mind Reader,,,,--,--,5PP,,Agility,,,,--,--,30PP,,,,,,,,,,,,,,,,
,,(LOOKS DOWN),Hurricane (!),,,,110,70%,10PP,,Recover,,,,--,--,10PP,,Close Combat,,,,120,100%,5PP,,Flail,,,,--,100%,15PP,,,,,,,,,,,,,,,,
,,,,,,,,,,,,,,,,,,,,,,,,,,,,,,,,,,,,,,,,,,,,,,,,,
,,,,,,,,,,,,,,,,,,,,,,,,,,,,,,,,,,,,,,,,,,,,,,,,,
,,ROUTE 222 ~ PIKACHU FAN CLUB,,,,,,,,,,,,,,,,,,,,,,,,,,,,,,,,,,,,,,,,,,,,,,,
,,,,,,,,,,,,,,,,,,,,,,,,,,,,,,,,,,,,,,,,,,,,,,,,,
,,,,,,,,,,,,,,,,,,,,,,,,,,,,,,,,,,,,,,,,,,,,,,,,,
,,,,#025 Pikachu,,,,,Lv.57,,,#025 Pikachu,,,,,Lv.57,,,,,,,,,,,,,,,,,,,,,,,,,,,,,,,,
,,,,,ELECTRIC,,,,,,,,ELECTRIC,,,,,,,,,,,,,,,,,,,,,,,,,,,,,,,,,,,,
,,POKÉ KID JANET [832],HP,Atk,Def,SpA,SpD,Spe,Total,,HP,Atk,Def,SpA,SpD,Spe,Total,,,,,,,,,,,,,,,,,,,,,,,,,,,,,,,,
,,,35,55,40᠎,50,50᠎,90,320᠎,,35,55,40᠎,50,50᠎,90,320᠎,,,,,,,,,,,,,,,,,,,,,,,,,,,,,,,,
,,one of the pikachus walking around,,Light Ball,,,Static,,,,,Light Ball,,,Static,,,,,,,,,,,,,,,,,,,,,,,,,,,,,,,,,,
,,,"Quiet (+SpA, -Spe)",,,,,,12 IV,,"Quiet (+SpA, -Spe)",,,,,,12 IV,,,,,,,,,,,,,,,,,,,,,,,,,,,,,,,,
,,,Discharge,,,,80,100%,15PP,,Discharge,,,,80,100%,15PP,,,,,,,,,,,,,,,,,,,,,,,,,,,,,,,,
,,,Wild Charge (!),,,,100᠎,100%,15PP,,Wild Charge (!),,,,100᠎,100%,15PP,,,,,,,,,,,,,,,,,,,,,,,,,,,,,,,,
,,,Light Screen,,,,--,--,30PP,,Light Screen,,,,--,--,30PP,,,,,,,,,,,,,,,,,,,,,,,,,,,,,,,,
,,,Thunder,,,,110᠋,70%,10PP,,Thunder,,,,110᠋,70%,10PP,,,,,,,,,,,,,,,,,,,,,,,,,,,,,,,,
,,,,,,,,,,,,,,,,,,,,,,,,,,,,,,,,,,,,,,,,,,,,,,,,,
,,,,,,,,,,,,,,,,,,,,,,,,,,,,,,,,,,,,,,,,,,,,,,,,,
,,SUNYSHORE CITY,,,,,,,,,,,,,,,,,,,,,,,,,,,,,,,,,,,,,,,,,,,,,,,
,,,,,,,,,,,,,,,,,,,,,,,,,,,,,,,,,,,,,,,,,,,,,,,,,
,,SUNYSHORE CITY GYM ~ FIRST ROOM,,,,,,,,,,,,,,,,,,,,,,,,,,,,,,,,,,,,,,,,,,,,,,,
,,,,,,,,,,,,,,,,,,,,,,,,,,,,,,,,,,,,,,,,,,,,,,,,,
,,,,,,,,,,,,,,,,,,,,,,,,,,,,,,,,,,,,,,,,,,,,,,,,,
,,,,#311 Plusle,,,,,Lv.56,,,#312 Minun,,,,,Lv.56,,,#417 Pachirisu,,,,,Lv.59,,,,,,,,,,,,,,,,,,,,,,,,
,,,,,ELECTRIC,,,,,,,,ELECTRIC,,,,,,,,ELECTRIC,,,,,,,,,,,,,,,,,,,,,,,,,,,,
,,SCHOOL KID TIERA [344],HP,Atk,Def,SpA,SpD,Spe,Total,,HP,Atk,Def,SpA,SpD,Spe,Total,,HP,Atk,Def,SpA,SpD,Spe,Total,,,,,,,,,,,,,,,,,,,,,,,,
,,,60,50,50᠎,95᠎,85᠎,110᠎,450᠎,,60,50᠎,50,85᠎,95᠎,110᠎,450᠎,,60,45,80᠎,80᠎,90,95,450᠎,,,,,,,,,,,,,,,,,,,,,,,,
,,,,No Item,,,Plus,,,,,No Item,,,Minus,,,,,No Item,,,Volt Absorb (!),,,,,,,,,,,,,,,,,,,,,,,,,,
,,,"Jolly (+Spe, -SpA)",,,,,,24 IV,,"Naughty (+Atk, -SpD)",,,,,,24 IV,,"Lax (+Def, -SpD)",,,,,,24 IV,,,,,,,,,,,,,,,,,,,,,,,,
,,,Nasty Plot,,,,--,--,20PP,,Fake Tears,,,,--,100%,20PP,,Thunderbolt,,,,90᠋,100%,15PP,,,,,,,,,,,,,,,,,,,,,,,,
,,can use : 1 HYPER POTION,Agility,,,,--,--,30PP,,Charge,,,,--,--,20PP,,Thunder Wave,,,,--,90%᠎,20PP,,,,,,,,,,,,,,,,,,,,,,,,
,,,Baton Pass,,,,--,--,40PP,,Discharge,,,,80,100%,15PP,,Sweet Kiss,,,,--,75%,10PP,,,,,,,,,,,,,,,,,,,,,,,,
,,(LOOKS RIGHT),Thunderbolt,,,,90᠋,100%,15PP,,Encore,,,,--,100%,5PP,,Charm,,,,--,100%,20PP,,,,,,,,,,,,,,,,,,,,,,,,
,,,,,,,,,,,,,,,,,,,,,,,,,,,,,,,,,,,,,,,,,,,,,,,,,
,,,,,,,,,,,,,,,,,,,,,,,,,,,,,,,,,,,,,,,,,,,,,,,,,
,,SUNYSHORE CITY GYM ~ SECOND ROOM,,,,,,,,,,,,,,,,,,,,,,,,,,,,,,,,,,,,,,,,,,,,,,,
,,,,,,,,,,,,,,,,,,,,,,,,,,,,,,,,,,,,,,,,,,,,,,,,,
,,,,,,,,,,,,,,,,,,,,,,,,,,,,,,,,,,,,,,,,,,,,,,,,,
,,,,#239 Elekid,,,,,Lv.56,,,#239 Elekid,,,,,Lv.56,,,#125 Electabuzz,,,,,Lv.59,,,,,,,,,,,,,,,,,,,,,,,,
,,,,,ELECTRIC,,,,,,,,ELECTRIC,,,,,,,,ELECTRIC,,,,,,,,,,,,,,,,,,,,,,,,,,,,
,,SCHOOL KID FORREST [341],HP,Atk,Def,SpA,SpD,Spe,Total,,HP,Atk,Def,SpA,SpD,Spe,Total,,HP,Atk,Def,SpA,SpD,Spe,Total,,,,,,,,,,,,,,,,,,,,,,,,
,,,45,63,37,65,55,95,360,,45,63,37,65,55,95,360,,65,83,57,95,85,105,490,,,,,,,,,,,,,,,,,,,,,,,,
,,,,No Item,,,Static,,,,,No Item,,,Static,,,,,No Item,,,Static,,,,,,,,,,,,,,,,,,,,,,,,,,
,,,"Bold (+Def, -Atk)",,,,,,24 IV,,"Bold (+Def, -Atk)",,,,,,24 IV,,"Modest (+SpA, -Atk)",,,,,,24 IV,,,,,,,,,,,,,,,,,,,,,,,,
,,,Thunderbolt,,,,90᠋,100%,15PP,,Wild Charge (!),,,,100᠎,100%,15PP,,Thunderbolt,,,,90᠋,100%,15PP,,,,,,,,,,,,,,,,,,,,,,,,
,,can use : 1 X SPEED,Light Screen,,,,--,--,30PP,,Brick Break,,,,75,100%,15PP,,Cross Chop,,,,100,80%,5PP,,,,,,,,,,,,,,,,,,,,,,,,
,,,Low Kick,,,,--,100%,20PP,,Fire Punch,,,,75,100%,15PP,,Light Screen,,,,--,--,30PP,,,,,,,,,,,,,,,,,,,,,,,,
,,(LOOKS UP),Quick Attack,,,,40,100%,30PP,,Quick Attack,,,,40,100%,30PP,,Ice Punch,,,,75,100%,15PP,,,,,,,,,,,,,,,,,,,,,,,,
,,,,,,,,,,,,,,,,,,,,,,,,,,,,,,,,,,,,,,,,,,,,,,,,,
,,,,,,,,,,,,,,,,,,,,,,,,,,,,,,,,,,,,,,,,,,,,,,,,,
,,,,,,,,,,,,,,,,,,,,,,,,,,,,,,,,,,,,,,,,,,,,,,,,,
,,,,#125 Electabuzz,,,,,Lv.60,,,#405 Luxray,,,,,Lv.60,,,,,,,,,,,,,,,,,,,,,,,,,,,,,,,,
,,,,,ELECTRIC,,,,,,,,ELECTRIC,,,DARK឵ ឵,,,,,,,,,,,,,,,,,,,,,,,,,,,,,,,,,
,,GUITARIST JERRY [301],HP,Atk,Def,SpA,SpD,Spe,Total,,HP,Atk,Def,SpA,SpD,Spe,Total,,,,,,,,,,,,,,,,,,,,,,,,,,,,,,,,
,,,65,83,57,95,85,105,490,,80,120,79,95,79,70,523,,,,,,,,,,,,,,,,,,,,,,,,,,,,,,,,
,,,,No Item,,,Static,,,,,No Item,,,Intimidate឵ ឵,,,,,,,,,,,,,,,,,,,,,,,,,,,,,,,,,,
,,,Docile (Neutral),,,,,,24 IV,,"Relaxed (+Def, -Spe)",,,,,,12 IV,,,,,,,,,,,,,,,,,,,,,,,,,,,,,,,,
,,,Wild Charge (!),,,,100᠎,100%,15PP,,Spark,,,,65,100%,20PP,,,,,,,,,,,,,,,,,,,,,,,,,,,,,,,,
,,,Cross Chop,,,,100,80%,5PP,,Crunch,,,,80,100%,15PP,,,,,,,,,,,,,,,,,,,,,,,,,,,,,,,,
,,,Fire Punch,,,,75,100%,15PP,,Fire Fang,,,,65,95%,15PP,,,,,,,,,,,,,,,,,,,,,,,,,,,,,,,,
,,(LOOKS DOWN),Ice Punch,,,,75,100%,15PP,,Charge,,,,--,--,20PP,,,,,,,,,,,,,,,,,,,,,,,,,,,,,,,,
,,,,,,,,,,,,,,,,,,,,,,,,,,,,,,,,,,,,,,,,,,,,,,,,,
,,,,,,,,,,,,,,,,,,,,,,,,,,,,,,,,,,,,,,,,,,,,,,,,,
,,,,,,,,,,,,,,,,,,,,,,,,,,,,,,,,,,,,,,,,,,,,,,,,,
,,,,#172 Pichu,,,,,Lv.56,,,#172 Pichu,,,,,Lv.56,,,#025 Pikachu,,,,,Lv.59,,,,,,,,,,,,,,,,,,,,,,,,
,,,,,ELECTRIC,,,,,,,,ELECTRIC,,,,,,,,ELECTRIC,,,,,,,,,,,,,,,,,,,,,,,,,,,,
,,POKÉ KID MEGHAN [331],HP,Atk,Def,SpA,SpD,Spe,Total,,HP,Atk,Def,SpA,SpD,Spe,Total,,HP,Atk,Def,SpA,SpD,Spe,Total,,,,,,,,,,,,,,,,,,,,,,,,
,,,20,40,15,35,35,60,205,,20,40,15,35,35,60,205,,35,55,40᠎,50,50᠎,90,320᠎,,,,,,,,,,,,,,,,,,,,,,,,
,,,,No Item,,,Static,,,,,No Item,,,Static,,,,,No Item,,,Static,,,,,,,,,,,,,,,,,,,,,,,,,,
,,,"Calm (+SpD, -Atk)",,,,,,24 IV,,"Calm (+SpD, -Atk)",,,,,,24 IV,,"Relaxed (+Def, -Spe)",,,,,,24 IV,,,,,,,,,,,,,,,,,,,,,,,,
,,,Nasty Plot,,,,--,--,20PP,,Nasty Plot,,,,--,--,20PP,,Thunderbolt,,,,90᠋,100%,15PP,,,,,,,,,,,,,,,,,,,,,,,,
,,,Sweet Kiss,,,,--,75%,10PP,,Sweet Kiss,,,,--,75%,10PP,,Agility,,,,--,--,30PP,,,,,,,,,,,,,,,,,,,,,,,,
,,,Thunderbolt,,,,90᠋,100%,15PP,,Thunderbolt,,,,90᠋,100%,15PP,,Light Screen,,,,--,--,30PP,,,,,,,,,,,,,,,,,,,,,,,,
,,(LOOKS UP AND DOWN),Charm,,,,--,100%,20PP,,Thunder Wave,,,,--,90%᠎,20PP,,Grass Knot,,,,--,100%,20PP,,,,,,,,,,,,,,,,,,,,,,,,
,,,,,,,,,,,,,,,,,,,,,,,,,,,,,,,,,,,,,,,,,,,,,,,,,
,,,,,,,,,,,,,,,,,,,,,,,,,,,,,,,,,,,,,,,,,,,,,,,,,
,,SUNYSHORE CITY GYM ~ THIRD ROOM,,,,,,,,,,,,,,,,,,,,,,,,,,,,,,,,,,,,,,,,,,,,,,,
,,,,,,,,,,,,,,,,,,,,,,,,,,,,,,,,,,,,,,,,,,,,,,,,,
,,,,,,,,,,,,,,,,,,,,,,,,,,,,,,,,,,,,,,,,,,,,,,,,,
,,,,#125 Electabuzz,,,,,Lv.60,,,#101 Electrode,,,,,Lv.60,,,,,,,,,,,,,,,,,,,,,,,,,,,,,,,,
,,,,,ELECTRIC,,,,,,,,ELECTRIC,,,,,,,,,,,,,,,,,,,,,,,,,,,,,,,,,,,,
,,GUITARIST LONNIE [303],HP,Atk,Def,SpA,SpD,Spe,Total,,HP,Atk,Def,SpA,SpD,Spe,Total,,,,,,,,,,,,,,,,,,,,,,,,,,,,,,,,
,,,65,83,57,95,85,105,490,,60,50,70,80,80,150᠎,490᠎,,,,,,,,,,,,,,,,,,,,,,,,,,,,,,,,
,,,,No Item,,,Static,,,,,No Item,,,Soundproof,,,,,,,,,,,,,,,,,,,,,,,,,,,,,,,,,,
,,,"Quiet (+SpA, -Spe)",,,,,,24 IV,,"Quiet (+SpA, -Spe)",,,,,,24 IV,,,,,,,,,,,,,,,,,,,,,,,,,,,,,,,,
,,,Thunder,,,,110᠋,70%,10PP,,Thunderbolt,,,,90᠋,100%,15PP,,,,,,,,,,,,,,,,,,,,,,,,,,,,,,,,
,,,Thunder Wave,,,,--,90%᠎,20PP,,Signal Beam,,,,75,100%,15PP,,,,,,,,,,,,,,,,,,,,,,,,,,,,,,,,
,,,Substitute,,,,--,--,10PP,,Explosion,,,,250,100%,5PP,,,,,,,,,,,,,,,,,,,,,,,,,,,,,,,,
,,(LOOKS UP AND DOWN),Focus Punch,,,,150,100%,20PP,,Toxic,,,,--,90%᠎,10PP,,,,,,,,,,,,,,,,,,,,,,,,,,,,,,,,
,,,,,,,,,,,,,,,,,,,,,,,,,,,,,,,,,,,,,,,,,,,,,,,,,
,,,,,,,,,,,,,,,,,,,,,,,,,,,,,,,,,,,,,,,,,,,,,,,,,
,,,,,,,,,,,,,,,,,,,,,,,,,,,,,,,,,,,,,,,,,,,,,,,,,
,,,,#026 Raichu,,,,,Lv.60,,,#171 Lanturn,,,,,Lv.60,,,#135 Jolteon,,,,,Lv.60,,,#405 Luxray,,,,,Lv.60,,,,,,,,,,,,,,,,
,,,,,ELECTRIC,,,,,,,,WATER,,,ELECTRIC,,,,,ELECTRIC,,,,,,,,ELECTRIC,,,DARK឵ ឵,,,,,,,,,,,,,,,,,
,,ACE TRAINER DESTINY [285],HP,Atk,Def,SpA,SpD,Spe,Total,,HP,Atk,Def,SpA,SpD,Spe,Total,,HP,Atk,Def,SpA,SpD,Spe,Total,,HP,Atk,Def,SpA,SpD,Spe,Total,,,,,,,,,,,,,,,,
,,,60,95᠎,55,95᠎,80,110᠎,495᠎,,125,58,58,76,76,67,460,,65,65,60,110,95,130,525,,80,120,79,95,79,70,523,,,,,,,,,,,,,,,,
,,,,No Item,,,Static,,,,,No Item,,,Volt Absorb,,,,,No Item,,,Volt Absorb,,,,,No Item,,,Intimidate឵ ឵,,,,,,,,,,,,,,,,,,
,,,Serious (Neutral),,,,,,30 IV,,"Calm (+SpD, -Atk)",,,,,,30 IV,,Serious (Neutral),,,,,,30 IV,,"Adamant (+Atk, -SpA)",,,,,,30 IV,,,,,,,,,,,,,,,,
,,,Wild Charge (!),,,,100᠎,100%,15PP,,Scald (!),,,,80,100%,15PP,,Discharge,,,,80,100%,15PP,,Iron Tail,,,,100,75%,15PP,,,,,,,,,,,,,,,,
,,,Focus Blast,,,,120,70%,5PP,,Discharge,,,,80,100%,15PP,,Shadow Ball,,,,80,100%,15PP,,Night Slash,,,,70,100%,15PP,,,,,,,,,,,,,,,,
,,,Thunder Wave,,,,--,90%᠎,20PP,,Ice Beam,,,,90᠋,100%,10PP,,Extrasensory,,,,80,100%,20PP᠋,,Wild Charge (!),,,,100᠎,100%,15PP,,,,,,,,,,,,,,,,
,,(LOOKS RIGHT),Teeter Dance,,,,--,100%,20PP,,Amnesia,,,,--,--,20PP,,Baton Pass,,,,--,--,40PP,,Howl,,,,--,--,40PP,,,,,,,,,,,,,,,,
,,,,,,,,,,,,,,,,,,,,,,,,,,,,,,,,,,,,,,,,,,,,,,,,,
,,,,,,,,,,,,,,,,,,,,,,,,,,,,,,,,,,,,,,,,,,,,,,,,,
,,,,,,,,,,,,,,,,,,,,,,,,,,,,,,,,,,,,,,,,,,,,,,,,,
,,,,#125 Electabuzz,,,,,Lv.60,,,#462 Magnezone,,,,,Lv.60,,,,,,,,,,,,,,,,,,,,,,,,,,,,,,,,
,,,,,ELECTRIC,,,,,,,,ELECTRIC,,,STEEL,,,,,,,,,,,,,,,,,,,,,,,,,,,,,,,,,
,,GUITARIST PRESTON [302],HP,Atk,Def,SpA,SpD,Spe,Total,,HP,Atk,Def,SpA,SpD,Spe,Total,,,,,,,,,,,,,,,,,,,,,,,,,,,,,,,,
,,,65,83,57,95,85,105,490,,70,70,115,130,90,60,535,,,,,,,,,,,,,,,,,,,,,,,,,,,,,,,,
,,,,No Item,,,Static,,,,,No Item,,,Magnet Pull,,,,,,,,,,,,,,,,,,,,,,,,,,,,,,,,,,
,,,"Gentle (+SpD, -Def)",,,,,,24 IV,,Docile (Neutral),,,,,,24 IV,,,,,,,,,,,,,,,,,,,,,,,,,,,,,,,,
,,,Light Screen,,,,--,--,30PP,,Discharge,,,,80,100%,15PP,,,,,,,,,,,,,,,,,,,,,,,,,,,,,,,,
,,,Psychic,,,,90,100%,10PP,,Flash Cannon,,,,80,100%,10PP,,,,,,,,,,,,,,,,,,,,,,,,,,,,,,,,
,,,Discharge,,,,80,100%,15PP,,Signal Beam,,,,75,100%,15PP,,,,,,,,,,,,,,,,,,,,,,,,,,,,,,,,
,,(LOOKS DOWN),Focus Blast,,,,120,70%,5PP,,Supersonic,,,,--,55%,20PP,,,,,,,,,,,,,,,,,,,,,,,,,,,,,,,,
,,,,,,,,,,,,,,,,,,,,,,,,,,,,,,,,,,,,,,,,,,,,,,,,,
,,,,,,,,,,,,,,,,,,,,,,,,,,,,,,,,,,,,,,,,,,,,,,,,,
,,,,,,,,,,,,,,,,,,,,,,,,,,,,,,,,,,,,,,,,,,,,,,,,,
,,,,#181 Ampharos,,,,,Lv.60,,,#462 Magnezone,,,,,Lv.60,,,#310 Manectric,,,,,Lv.60,,,#101 Electrode,,,,,Lv.60,,,,,,,,,,,,,,,,
,,,,,ELECTRIC,,,DRAGON឵ ឵,,,,,ELECTRIC,,,STEEL,,,,,ELECTRIC,,,,,,,,ELECTRIC,,,,,,,,,,,,,,,,,,,,
,,ACE TRAINER ZACHERY [281],HP,Atk,Def,SpA,SpD,Spe,Total,,HP,Atk,Def,SpA,SpD,Spe,Total,,HP,Atk,Def,SpA,SpD,Spe,Total,,HP,Atk,Def,SpA,SpD,Spe,Total,,,,,,,,,,,,,,,,
,,,90,75,85᠎,115,90,55,510᠎,,70,70,115,130,90,60,535,,70,75,60,105,60,105,475,,60,50,70,80,80,150᠎,490᠎,,,,,,,,,,,,,,,,
,,,,No Item,,,Static,,,,,No Item,,,Magnet Pull,,,,,No Item,,,Static,,,,,No Item,,,Soundproof,,,,,,,,,,,,,,,,,,
,,,Hardy (Neutral),,,,,,30 IV,,"Quiet (+SpA, -Spe)",,,,,,30 IV,,"Rash (+SpA, -SpD)",,,,,,30 IV,,"Gentle (+SpD, -Def)",,,,,,30 IV,,,,,,,,,,,,,,,,
,,,Thunderbolt,,,,90᠋,100%,15PP,,Thunderbolt,,,,90᠋,100%,15PP,,Thunderbolt,,,,90᠋,100%,15PP,,Thunder,,,,110᠋,70%,10PP,,,,,,,,,,,,,,,,
,,,Dragon Pulse,,,,85᠋,100%,10PP,,Flash Cannon,,,,80,100%,10PP,,Ice Fang,,,,65,95%,15PP,,Signal Beam,,,,75,100%,15PP,,,,,,,,,,,,,,,,
,,,Focus Blast,,,,120,70%,5PP,,Signal Beam,,,,75,100%,15PP,,Flamethrower,,,,90᠋,100%,15PP,,Explosion,,,,250,100%,5PP,,,,,,,,,,,,,,,,
,,(LOOKS LEFT),Power Gem,,,,80᠎,100%,20PP,,Mirror Coat,,,,--,100%,20PP,,Crunch,,,,80,100%,15PP,,Sucker Punch,,,,70᠋,100%,5PP,,,,,,,,,,,,,,,,
,,,,,,,,,,,,,,,,,,,,,,,,,,,,,,,,,,,,,,,,,,,,,,,,,
,,,,,,,,,,,,,,,,,,,,,,,,,,,,,,,,,,,,,,,,,,,,,,,,,
,,,,,,,,,,,,,,,,,,,,,,,,,,,,,,,,,,,,,,,,,,,,,,,,,
,,,,#135 Jolteon,,,,,Lv.61,,,#026 Raichu,,,,,Lv.61,,,#479 Rotom (Wash),,,,,Lv.61,,,#479 Rotom (Heat),,,,,Lv.61,,,#405 Luxray,,,,,Lv.61,,,#466 Electivire,,,,,Lv.62
,,,,,ELECTRIC,,,,,,,,ELECTRIC,,,,,,,,ELECTRIC,,,WATER឵ ឵,,,,,ELECTRIC,,,FIRE឵ ឵,,,,,ELECTRIC,,,DARK឵ ឵,,,,,ELECTRIC,,,FIGHTING឵ ឵,
,,GYM LEADER VOLKNER [320],HP,Atk,Def,SpA,SpD,Spe,Total,,HP,Atk,Def,SpA,SpD,Spe,Total,,HP,Atk,Def,SpA,SpD,Spe,Total,,HP,Atk,Def,SpA,SpD,Spe,Total,,HP,Atk,Def,SpA,SpD,Spe,Total,,HP,Atk,Def,SpA,SpD,Spe,Total
,,⚠ BUG : the Rotoms do not have the expected 86 Base Speed but 101 like the base form. it only applies to foes,65,65,60,110,95,130,525,,60,95᠎,55,95᠎,80,110᠎,495᠎,,50,65,107,105,107,101,520,,50,65,107,105,107,101,520,,80,120,79,95,79,70,523,,75,123,67,95,85,95,540
,,,,Focus Sash,,,Volt Absorb,,,,,Expert Belt,,,Static,,,,,Sitrus Berry,,,Levitate,,,,,White Herb,,,Levitate,,,,,Choice Band,,,Intimidate឵ ឵,,,,,Life Orb,,,Motor Drive,,
,,,"Naive (+Spe, -SpD)",,,,,,30 IV,,"Timid (+Spe, -Atk)",,,,,,30 IV,,"Modest (+SpA, -Atk)",,,,,,29 IV,,"Modest (+SpA, -Atk)",,,,,,29 IV,,"Naughty (+Atk, -SpD)",,,,,,30 IV,,"Jolly (+Spe, -SpA)",,,,,,30 IV
,,Once beaten he gives you the Beacon Badge allowing you to use Waterfall outside of battle and TM57s Wild Charge,Thunderbolt,,,,90᠋,100%,15PP,,Thunderbolt,,,,90᠋,100%,15PP,,Thunderbolt,,,,90᠋,100%,15PP,,Thunderbolt,,,,90᠋,100%,15PP,,Wild Charge (!),,,,100᠎,100%,15PP,,Wild Charge (!),,,,100᠎,100%,15PP
,,,Shadow Ball,,,,80,100%,15PP,,Grass Knot,,,,--,100%,20PP,,Hydro Pump,,,,110᠋,80%,5PP,,Overheat,,,,130᠋,90%,5PP,,Crunch,,,,80,100%,15PP,,Close Combat,,,,120,100%,5PP
,,,Grass Knot,,,,--,100%,20PP,,Focus Blast,,,,120,70%,5PP,,Shadow Ball,,,,80,100%,15PP,,Shadow Ball,,,,80,100%,15PP,,Ice Fang,,,,65,95%,15PP,,Ice Punch,,,,75,100%,15PP
,,Can use : 1 HYPER POTION,Thunder Wave,,,,--,90%᠎,20PP,,Surf,,,,90᠋,100%,15PP,,Thunder Wave,,,,--,90%᠎,20PP,,Will-O-Wisp,,,,--,85%᠎,15PP,,Fire Fang,,,,65,95%,15PP,,Earthquake,,,,100,100%,10PP
,,1 FULL RESTORE,,,,,,,,,,,,,,,,,,,,,,,,,,,,,,,,,,,,,,,,,,,,,,,