,,WAKE SPLIT,,,,,LVL CAP : 44,,,,,,,,,,,,,,,,,,,,,,,,,,,,,,,,,,,,,,,,,,
,,,,,,,,,,,,,,,,,,,,,,,,,,,,,,,,,,,,,,,,,,,,,,,,,
,,,,,,,,,,,,,,,,,,,,,,,,,,,,,,,,,,,,,,,,,,,,,,,,,
,,,,#000 Pokemon,,,,,Lv.00,,Icon,#000 Pokemon,,,,,Lv.00,,Icon,#000 Pokemon,,,,,Lv.00,,Icon,#000 Pokemon,,,,,Lv.00,,Icon,#000 Pokemon,,,,,Lv.00,,Icon,#000 Pokemon,,,,,Lv.00
,,,,,TYPE I,,,TYPE II,,,,,TYPE I,,,TYPE II,,,,,NEW I,,,TYPE II,,,,,TYPE I,,,NEW II,,,,,TYPE I,,,TYPE II,,,,,TYPE I,,,TYPE II,
,,MandatoryOptional,HP,Atk,Def,SpA,SpD,Spe,Total,,HP,Atk,Def,SpA,SpD,Spe,Total,,HP,Atk,Def,SpA,SpD,Spe,Total,,HP,Atk,Def,SpA,SpD,Spe,Total,,HP,Atk,Def,SpA,SpD,Spe,Total,,HP,Atk,Def,SpA,SpD,Spe,Total
,,Conditions,Stats,,,,,,,,Stats,,,,,,,,Stats,,,,,,,,Stats,,,,,,,,Increased Stats᠎,,,,,,,,Decreased Stats᠋,,,,,,
,,Situated,Icon,Held Item,,,Ability I,,,,Icon,Held Item,,,Ability I,,,,Icon,Held Item,,,Ability I,,,,Icon,Held Item,,,Ability I,,,,Icon,Held Item,,,Switched Ability឵,,,,Icon,Held Item,,,New Ability (!),,
,,Use,"Nature (+Stat, -Stat)",,,,,,00 IV,,"Nature (+Stat, -Stat)",,,,,,00 IV,,"Nature (+Stat, -Stat)",,,,,,00 IV,,"Nature (+Stat, -Stat)",,,,,,00 IV,,"Nature (+Stat, -Stat)",,,,,,00 IV,,"Nature (+Stat, -Stat)",,,,,,00 IV
,,Move,New Attack 1 (!),,,Type,Pow,Acc,PP,,Attack 1,,,NEW,Pow,Acc,PP,,Attack 1,,,Type,Pow,Acc,PP,,Attack 1,,,Type,Pow,Acc,PP,,Attack 1,,,Type,Increased Stats᠎,,,,Attack 1,,,Type,Decreased Stats᠋,,
,,Info,New Attack 2 (!),,,Type,Pow,Acc,PP,,Attack 2,,,NEW,Pow,Acc,PP,,Attack 2,,,Type,Pow,Acc,PP,,Attack 2,,,Type,Pow,Acc,PP,,Attack 2,,,Type,Increased Stats᠎,,,,Attack 2,,,Type,Decreased Stats᠋,,
,,Gifts,New Attack 3 (!),,,Type,Pow,Acc,PP,,Attack 3,,,NEW,Pow,Acc,PP,,Attack 3,,,Type,Pow,Acc,PP,,Attack 3,,,Type,Pow,Acc,PP,,Attack 3,,,Type,Increased Stats᠎,,,,Attack 3,,,Type,Decreased Stats᠋,,
,,Spinning,New Attack 4 (!),,,Type,Pow,Acc,PP,,Attack 4,,,NEW,Pow,Acc,PP,,Attack 4,,,Type,Pow,Acc,PP,,Attack 4,,,Type,Pow,Acc,PP,,Attack 4,,,Type,Increased Stats᠎,,,,Attack 4,,,Type,Decreased Stats᠋,,
,,,,,,,,,,,,,,,,,,,,,,,,,,,,,,,,,,,,,,,,,,,,,,,,,
,,,,,,,,,,,,,,,,,,,,,,,,,,,,,,,,,,,,,,,,,,,,,,,,,
,,VEILSTONE CITY,,,,,,,,,,,,,,,,,,,,,,,,,,,,,,,,,,,,,,,,,,,,,,,
,,,,,,,,,,,,,,,,,,,,,,,,,,,,,,,,,,,,,,,,,,,,,,,,,
,,,,,,,,,,,,,,,,,,,,,,,,,,,,,,,,,,,,,,,,,,,,,,,,,
,,,,#435 Skuntank,,,,,Lv.35,,,#269 Dustox,,,,,Lv.35,,,#413 Wormadam (P),,,,,Lv.35,,,,,,,,,,,,,,,,,,,,,,,,
,,,,,POISON,,,DARK,,,,,BUG,,,POISON,,,,,BUG,,,GRASS,,,,,,,,,,,,,,,,,,,,,,,,,
,,GALACTIC GRUNT [849],HP,Atk,Def,SpA,SpD,Spe,Total,,HP,Atk,Def,SpA,SpD,Spe,Total,,HP,Atk,Def,SpA,SpD,Spe,Total,,,,,,,,,,,,,,,,,,,,,,,,
,,MULTI BATTLE,115᠎,95᠎,70᠎,70᠋,60᠋,85᠎,495᠎,,60,50,75᠎,75᠎,115᠎,75᠎,450᠎,,60,50᠋,90᠎,110᠎,110᠎,30᠋,450᠎,,,,,,,,,,,,,,,,,,,,,,,,
,,Partner to Galactic Grunt [848],,No Item,,,Aftermath឵ ឵,,,,,No Item,,,Shield Dust,,,,,No Item,,,Battle Armor (!),,,,,,,,,,,,,,,,,,,,,,,,,,
,,Team on the Left,"Careful (+SpD, -SpA)",,,,,,12 IV,,Hardy (Neutral),,,,,,12 IV,,"Sassy (+SpD, -Spe)",,,,,,12 IV,,,,,,,,,,,,,,,,,,,,,,,,
,,,Toxic,,,,--,90%᠎,10PP,,Moonlight,,,,--,--,5PP,,Bug Buzz,,,,90,100%,10PP,,,,,,,,,,,,,,,,,,,,,,,,
,,Grunts who took the Professor's assistant's dex,Poison Jab,,,,80,100%,20PP,,Bug Buzz,,,,90,100%,10PP,,Growth,,,,--,--,20PP᠋,,,,,,,,,,,,,,,,,,,,,,,,
,,,Flamethrower,,,,90᠋,100%,15PP,,Light Screen,,,,--,--,30PP,,Energy Ball,,,,90᠎,100%,10PP,,,,,,,,,,,,,,,,,,,,,,,,
,,,Memento,,,,--,100%,10PP,,Toxic,,,,--,90%᠎,10PP,,Psybeam,,,,65,100%,20PP,,,,,,,,,,,,,,,,,,,,,,,,
,,,,,,,,,,,,,,,,,,,,,,,,,,,,,,,,,,,,,,,,,,,,,,,,,
,,,,,,,,,,,,,,,,,,,,,,,,,,,,,,,,,,,,,,,,,,,,,,,,,
,,,,#110 Weezing,,,,,Lv.35,,,#042 Golbat,,,,,Lv.35,,,#049 Venomoth,,,,,Lv.35,,,,,,,,,,,,,,,,,,,,,,,,
,,,,,POISON,,,,,,,,POISON,,,FLYING,,,,,BUG,,,POISON,,,,,,,,,,,,,,,,,,,,,,,,,
,,GALACTIC GRUNT [848],HP,Atk,Def,SpA,SpD,Spe,Total,,HP,Atk,Def,SpA,SpD,Spe,Total,,HP,Atk,Def,SpA,SpD,Spe,Total,,,,,,,,,,,,,,,,,,,,,,,,
,,,65,90,120,85,70,60,490,,75,80,70,65,75,90,455,,70,55᠋,60,100᠎,75,90,450,,,,,,,,,,,,,,,,,,,,,,,,
,,Partner to Galactic Grunt [849],,No Item,,,Levitate,,,,,No Item,,,Inner Focus,,,,,No Item,,,Tinted Lens឵឵ ឵,,,,,,,,,,,,,,,,,,,,,,,,,,
,,Team on the Right,"Brave (+Atk, -Spe)",,,,,,12 IV,,Quirky (Neutral),,,,,,12 IV,,Quirky (Neutral),,,,,,12 IV,,,,,,,,,,,,,,,,,,,,,,,,
,,,Sludge Bomb,,,,90,100%,10PP,,Leech Life,,,,80᠎,100%,10PP᠋,,Zen Headbutt,,,,80,90%,15PP,,,,,,,,,,,,,,,,,,,,,,,,
,,,Lava Plume,,,,80,100%,15PP,,Swift,,,,60,--,20PP,,Signal Beam,,,,75,100%,15PP,,,,,,,,,,,,,,,,,,,,,,,,
,,Once you've beaten them you get the HM02 Fly,Destiny Bond,,,,--,--,5PP,,Hypnosis,,,,--,60%᠋,20PP,,Gust,,,,40,100%,35PP,,,,,,,,,,,,,,,,,,,,,,,,
,,,Double Hit,,,,35,90%,10PP,,Air Slash,,,,75,95%,15PP᠋,,Baton Pass,,,,--,--,40PP,,,,,,,,,,,,,,,,,,,,,,,,
,,,,,,,,,,,,,,,,,,,,,,,,,,,,,,,,,,,,,,,,,,,,,,,,,
,,,,,,,,,,,,,,,,,,,,,,,,,,,,,,,,,,,,,,,,,,,,,,,,,
,,,,,,,,,,,,,,,,,,,,,,,,,,,,,,,,,,,,,,,,,,,,,,,,,
,,,,#064 Kadabra,,,,,Lv.35,,,#221 Piloswine,,,,,Lv.35,,,#389 Torterra,,,,,Lv.36,,,,,,,,,,,,,,,,,,,,,,,,
,,,,,PSYCHIC,,,,,,,,ICE,,,GROUND,,,,,GRASS,,,GROUND,,,,,,,,,,,,,,,,,,,,,,,,,
,,PKMN TRAINER DAWN [625],HP,Atk,Def,SpA,SpD,Spe,Total,,HP,Atk,Def,SpA,SpD,Spe,Total,,HP,Atk,Def,SpA,SpD,Spe,Total,,,,,,,,,,,,,,,,,,,,,,,,
,,,40,35,30,120,70,105,400,,100,100,80,60,60,50,450,,95,114᠎,110᠎,75,85,56,535᠎,,,,,,,,,,,,,,,,,,,,,,,,
,,Your partner in the double battle,,No Item,,,Magic Guard (!),,,,,No Item,,,Thick Fat (!),,,,,No Item,,,Overgrow,,,,,,,,,,,,,,,,,,,,,,,,,,
,,,"Naive (+Spe, -SpD)",,,,,,31 IV,,"Lax (+Def, -SpD)",,,,,,31 IV,,"Careful (+SpD, -SpA)",,,,,,31 IV,,,,,,,,,,,,,,,,,,,,,,,,
,,If you're playing as a Boy,Psychic,,,,90,100%,10PP,,Avalanche,,,,60,100%,10PP,,Seed Bomb,,,,80,100%,15PP,,,,,,,,,,,,,,,,,,,,,,,,
,,If you chose Chimchar,Recover,,,,--,--,10PP,,Take Down,,,,90,85%,20PP,,Earthquake,,,,100,100%,10PP,,,,,,,,,,,,,,,,,,,,,,,,
,,,Shock Wave,,,,60,--,20PP,,Rock Slide,,,,75,90%,10PP,,Leech Seed,,,,--,90%,10PP,,,,,,,,,,,,,,,,,,,,,,,,
,,can use : 1 POTION,Disable,,,,--,100%᠎,20PP,,Ice Shard,,,,40,100%,30PP,,Crunch,,,,80,100%,15PP,,,,,,,,,,,,,,,,,,,,,,,,
,,,,,,,,,,,,,,,,,,,,,,,,,,,,,,,,,,,,,,,,,,,,,,,,,
,,,,,,,,,,,,,,,,,,,,,,,,,,,,,,,,,,,,,,,,,,,,,,,,,
,,,,#064 Kadabra,,,,,Lv.35,,,#221 Piloswine,,,,,Lv.35,,,#392 Infernape,,,,,Lv.36,,,,,,,,,,,,,,,,,,,,,,,,
,,,,,PSYCHIC,,,,,,,,ICE,,,GROUND,,,,,FIRE,,,FIGHTING,,,,,,,,,,,,,,,,,,,,,,,,,
,,PKMN TRAINER DAWN [626],HP,Atk,Def,SpA,SpD,Spe,Total,,HP,Atk,Def,SpA,SpD,Spe,Total,,HP,Atk,Def,SpA,SpD,Spe,Total,,,,,,,,,,,,,,,,,,,,,,,,
,,,40,35,30,120,70,105,400,,100,100,80,60,60,50,450,,76,104,71,104,71,109᠎,535᠎,,,,,,,,,,,,,,,,,,,,,,,,
,,Your partner in the double battle,,No Item,,,Magic Guard (!),,,,,No Item,,,Thick Fat (!),,,,,No Item,,,Iron Fist (!),,,,,,,,,,,,,,,,,,,,,,,,,,
,,,"Calm (+SpD, -Atk)",,,,,,31 IV,,"Modest (+SpA, -Atk)",,,,,,31 IV,,"Relaxed (+Def, -Spe)",,,,,,31 IV,,,,,,,,,,,,,,,,,,,,,,,,
,,If you're playing as a Boy,Psychic,,,,90,100%,10PP,,Avalanche,,,,60,100%,10PP,,Flamethrower,,,,90᠋,100%,15PP,,,,,,,,,,,,,,,,,,,,,,,,
,,If you chose Piplup,Recover,,,,--,--,10PP,,Take Down,,,,90,85%,20PP,,Close Combat,,,,120,100%,5PP,,,,,,,,,,,,,,,,,,,,,,,,
,,,Shock Wave,,,,60,--,20PP,,Rock Slide,,,,75,90%,10PP,,Vacuum Wave,,,,40,100%,30PP,,,,,,,,,,,,,,,,,,,,,,,,
,,can use : 1 POTION,Disable,,,,--,100%᠎,20PP,,Ice Shard,,,,40,100%,30PP,,Fake Out,,,,40,100%,10PP,,,,,,,,,,,,,,,,,,,,,,,,
,,,,,,,,,,,,,,,,,,,,,,,,,,,,,,,,,,,,,,,,,,,,,,,,,
,,,,,,,,,,,,,,,,,,,,,,,,,,,,,,,,,,,,,,,,,,,,,,,,,
,,,,#064 Kadabra,,,,,Lv.35,,,#221 Piloswine,,,,,Lv.35,,,#395 Empoleon,,,,,Lv.36,,,,,,,,,,,,,,,,,,,,,,,,
,,,,,PSYCHIC,,,,,,,,ICE,,,GROUND,,,,,WATER,,,STEEL,,,,,,,,,,,,,,,,,,,,,,,,,
,,PKMN TRAINER DAWN [624],HP,Atk,Def,SpA,SpD,Spe,Total,,HP,Atk,Def,SpA,SpD,Spe,Total,,HP,Atk,Def,SpA,SpD,Spe,Total,,,,,,,,,,,,,,,,,,,,,,,,
,,,40,35,30,120,70,105,400,,100,100,80,60,60,50,450,,84,86,88,116᠎,101,60,535᠎,,,,,,,,,,,,,,,,,,,,,,,,
,,Your partner in the double battle,,No Item,,,Magic Guard (!),,,,,No Item,,,Thick Fat (!),,,,,No Item,,,Torrent,,,,,,,,,,,,,,,,,,,,,,,,,,
,,,"Impish (+Def, -SpA)",,,,,,31 IV,,"Adamant (+Atk, -SpA)",,,,,,31 IV,,"Jolly (+Spe, -SpA)",,,,,,31 IV,,,,,,,,,,,,,,,,,,,,,,,,
,,If you're playing as a Boy,Psychic,,,,90,100%,10PP,,Avalanche,,,,60,100%,10PP,,Scald (!),,,,80,100%,15PP,,,,,,,,,,,,,,,,,,,,,,,,
,,If you chose Turtwig,Recover,,,,--,--,10PP,,Take Down,,,,90,85%,20PP,,Flash Cannon,,,,80,100%,10PP,,,,,,,,,,,,,,,,,,,,,,,,
,,,Shock Wave,,,,60,--,20PP,,Rock Slide,,,,75,90%,10PP,,Feather Dance,,,,--,100%,15PP,,,,,,,,,,,,,,,,,,,,,,,,
,,can use : 1 POTION,Disable,,,,--,100%᠎,20PP,,Ice Shard,,,,40,100%,30PP,,Swagger,,,,--,85%᠋,15PP,,,,,,,,,,,,,,,,,,,,,,,,
,,,,,,,,,,,,,,,,,,,,,,,,,,,,,,,,,,,,,,,,,,,,,,,,,
,,,,,,,,,,,,,,,,,,,,,,,,,,,,,,,,,,,,,,,,,,,,,,,,,
,,,,#064 Kadabra,,,,,Lv.35,,,#221 Piloswine,,,,,Lv.35,,,#389 Torterra,,,,,Lv.36,,,,,,,,,,,,,,,,,,,,,,,,
,,,,,PSYCHIC,,,,,,,,ICE,,,GROUND,,,,,GRASS,,,GROUND,,,,,,,,,,,,,,,,,,,,,,,,,
,,PKMN TRAINER LUCAS [622],HP,Atk,Def,SpA,SpD,Spe,Total,,HP,Atk,Def,SpA,SpD,Spe,Total,,HP,Atk,Def,SpA,SpD,Spe,Total,,,,,,,,,,,,,,,,,,,,,,,,
,,,40,35,30,120,70,105,400,,100,100,80,60,60,50,450,,95,114᠎,110᠎,75,85,56,535᠎,,,,,,,,,,,,,,,,,,,,,,,,
,,Your partner in the double battle,,No Item,,,Magic Guard (!),,,,,No Item,,,Thick Fat (!),,,,,No Item,,,Overgrow,,,,,,,,,,,,,,,,,,,,,,,,,,
,,,Docile (Neutral),,,,,,31 IV,,Hardy (Neutral),,,,,,31 IV,,"Naive (+Spe, -SpD)",,,,,,31 IV,,,,,,,,,,,,,,,,,,,,,,,,
,,If you're playing as a Girl,Psychic,,,,90,100%,10PP,,Avalanche,,,,60,100%,10PP,,Seed Bomb,,,,80,100%,15PP,,,,,,,,,,,,,,,,,,,,,,,,
,,If you chose Chimchar,Recover,,,,--,--,10PP,,Take Down,,,,90,85%,20PP,,Earthquake,,,,100,100%,10PP,,,,,,,,,,,,,,,,,,,,,,,,
,,,Shock Wave,,,,60,--,20PP,,Rock Slide,,,,75,90%,10PP,,Leech Seed,,,,--,90%,10PP,,,,,,,,,,,,,,,,,,,,,,,,
,,can use : 1 POTION,Disable,,,,--,100%᠎,20PP,,Ice Shard,,,,40,100%,30PP,,Crunch,,,,80,100%,15PP,,,,,,,,,,,,,,,,,,,,,,,,
,,,,,,,,,,,,,,,,,,,,,,,,,,,,,,,,,,,,,,,,,,,,,,,,,
,,,,,,,,,,,,,,,,,,,,,,,,,,,,,,,,,,,,,,,,,,,,,,,,,
,,,,#064 Kadabra,,,,,Lv.35,,,#221 Piloswine,,,,,Lv.35,,,#392 Infernape,,,,,Lv.36,,,,,,,,,,,,,,,,,,,,,,,,
,,,,,PSYCHIC,,,,,,,,ICE,,,GROUND,,,,,FIRE,,,FIGHTING,,,,,,,,,,,,,,,,,,,,,,,,,
,,PKMN TRAINER LUCAS [623],HP,Atk,Def,SpA,SpD,Spe,Total,,HP,Atk,Def,SpA,SpD,Spe,Total,,HP,Atk,Def,SpA,SpD,Spe,Total,,,,,,,,,,,,,,,,,,,,,,,,
,,,40,35,30,120,70,105,400,,100,100,80,60,60,50,450,,76,104,71,104,71,109᠎,535᠎,,,,,,,,,,,,,,,,,,,,,,,,
,,Your partner in the double battle,,No Item,,,Magic Guard (!),,,,,No Item,,,Thick Fat (!),,,,,No Item,,,Iron Fist (!),,,,,,,,,,,,,,,,,,,,,,,,,,
,,,"Bold (+Def, -Atk)",,,,,,31 IV,,"Impish (+Def, -SpA)",,,,,,31 IV,,"Lonely (+Atk, -Def)",,,,,,31 IV,,,,,,,,,,,,,,,,,,,,,,,,
,,If you're playing as a Girl,Psychic,,,,90,100%,10PP,,Avalanche,,,,60,100%,10PP,,Flamethrower,,,,90᠋,100%,15PP,,,,,,,,,,,,,,,,,,,,,,,,
,,If you chose Piplup,Recover,,,,--,--,10PP,,Take Down,,,,90,85%,20PP,,Close Combat,,,,120,100%,5PP,,,,,,,,,,,,,,,,,,,,,,,,
,,,Shock Wave,,,,60,--,20PP,,Rock Slide,,,,75,90%,10PP,,Vacuum Wave,,,,40,100%,30PP,,,,,,,,,,,,,,,,,,,,,,,,
,,can use : 1 POTION,Disable,,,,--,100%᠎,20PP,,Ice Shard,,,,40,100%,30PP,,Fake Out,,,,40,100%,10PP,,,,,,,,,,,,,,,,,,,,,,,,
,,,,,,,,,,,,,,,,,,,,,,,,,,,,,,,,,,,,,,,,,,,,,,,,,
,,,,,,,,,,,,,,,,,,,,,,,,,,,,,,,,,,,,,,,,,,,,,,,,,
,,,,#064 Kadabra,,,,,Lv.35,,,#221 Piloswine,,,,,Lv.35,,,#395 Empoleon,,,,,Lv.36,,,,,,,,,,,,,,,,,,,,,,,,
,,,,,PSYCHIC,,,,,,,,ICE,,,GROUND,,,,,WATER,,,STEEL,,,,,,,,,,,,,,,,,,,,,,,,,
,,PKMN TRAINER LUCAS [621],HP,Atk,Def,SpA,SpD,Spe,Total,,HP,Atk,Def,SpA,SpD,Spe,Total,,HP,Atk,Def,SpA,SpD,Spe,Total,,,,,,,,,,,,,,,,,,,,,,,,
,,,40,35,30,120,70,105,400,,100,100,80,60,60,50,450,,84,86,88,116᠎,101,60,535᠎,,,,,,,,,,,,,,,,,,,,,,,,
,,Your partner in the double battle,,No Item,,,Magic Guard (!),,,,,No Item,,,Thick Fat (!),,,,,No Item,,,Torrent,,,,,,,,,,,,,,,,,,,,,,,,,,
,,,"Jolly (+Spe, -SpA)",,,,,,31 IV,,"Relaxed (+Def, -Spe)",,,,,,31 IV,,Hardy (Neutral),,,,,,31 IV,,,,,,,,,,,,,,,,,,,,,,,,
,,If you're playing as a Girl,Psychic,,,,90,100%,10PP,,Avalanche,,,,60,100%,10PP,,Scald (!),,,,80,100%,15PP,,,,,,,,,,,,,,,,,,,,,,,,
,,If you chose Turtwig,Recover,,,,--,--,10PP,,Take Down,,,,90,85%,20PP,,Flash Cannon,,,,80,100%,10PP,,,,,,,,,,,,,,,,,,,,,,,,
,,,Shock Wave,,,,60,--,20PP,,Rock Slide,,,,75,90%,10PP,,Feather Dance,,,,--,100%,15PP,,,,,,,,,,,,,,,,,,,,,,,,
,,can use : 1 POTION,Disable,,,,--,100%᠎,20PP,,Ice Shard,,,,40,100%,30PP,,Swagger,,,,--,85%᠋,15PP,,,,,,,,,,,,,,,,,,,,,,,,
,,,,,,,,,,,,,,,,,,,,,,,,,,,,,,,,,,,,,,,,,,,,,,,,,
,,,,,,,,,,,,,,,,,,,,,,,,,,,,,,,,,,,,,,,,,,,,,,,,,
,,ROUTE 214,,,,,,,,,,,,,,,,,,,,,,,,,,,,,,,,,,,,,,,,,,,,,,,
,,,,,,,,,,,,,,,,,,,,,,,,,,,,,,,,,,,,,,,,,,,,,,,,,
,,,,,,,,,,,,,,,,,,,,,,,,,,,,,,,,,,,,,,,,,,,,,,,,,
,,,,#281 Kirlia,,,,,Lv.34,,,#358 Chimecho,,,,,Lv.34,,,#203 Girafarig,,,,,Lv.34,,,,,,,,,,,,,,,,,,,,,,,,
,,,,,PSYCHIC,,,FAIRY឵ ឵,,,,,PSYCHIC,,,,,,,,NORMAL,,,PSYCHIC,,,,,,,,,,,,,,,,,,,,,,,,,
,,PSYCHIC ABIGAIL [120],HP,Atk,Def,SpA,SpD,Spe,Total,,HP,Atk,Def,SpA,SpD,Spe,Total,,HP,Atk,Def,SpA,SpD,Spe,Total,,,,,,,,,,,,,,,,,,,,,,,,
,,,38,35,35,95᠎,85᠎,50,338᠎,,75᠎,40᠋,80᠎,110᠎,100᠎,65,470᠎,,70,80,65,90,65,85,455,,,,,,,,,,,,,,,,,,,,,,,,
,,First Psychic of the route when coming from Veilstone City,,No Item,,,Synchronize,,,,,No Item,,,Levitate,,,,,No Item,,,Inner Focus,,,,,,,,,,,,,,,,,,,,,,,,,,
,,,"Relaxed (+Def, -Spe)",,,,,,24 IV,,"Lax (+Def, -SpD)",,,,,,24 IV,,"Mild (+SpA, -Def)",,,,,,24 IV,,,,,,,,,,,,,,,,,,,,,,,,
,,,Magical Leaf,,,,60,--,20PP,,Extrasensory,,,,80,100%,20PP᠋,,Uproar,,,,90᠎,100%,10PP,,,,,,,,,,,,,,,,,,,,,,,,
,,,Hypnosis,,,,--,60%᠋,20PP,,Heal Bell,,,,--,--,5PP,,Zen Headbutt,,,,80,90%,15PP,,,,,,,,,,,,,,,,,,,,,,,,
,,,Psychic,,,,90,100%,10PP,,Safeguard,,,,--,--,25PP,,Magic Coat,,,,--,--,15PP,,,,,,,,,,,,,,,,,,,,,,,,
,,,Calm Mind,,,,--,--,20PP,,Psychic,,,,90,100%,10PP,,Crunch,,,,80,100%,15PP,,,,,,,,,,,,,,,,,,,,,,,,
,,,,,,,,,,,,,,,,,,,,,,,,,,,,,,,,,,,,,,,,,,,,,,,,,
,,,,,,,,,,,,,,,,,,,,,,,,,,,,,,,,,,,,,,,,,,,,,,,,,
,,,,,,,,,,,,,,,,,,,,,,,,,,,,,,,,,,,,,,,,,,,,,,,,,
,,,,#051 Dugtrio,,,,,Lv.36,,,,,,,,,,,,,,,,,,,,,,,,,,,,,,,,,,,,,,,,
,,,,,GROUND,,,,,,,,,,,,,,,,,,,,,,,,,,,,,,,,,,,,,,,,,,,,
,,PI CARLOS [121],HP,Atk,Def,SpA,SpD,Spe,Total,,,,,,,,,,,,,,,,,,,,,,,,,,,,,,,,,,,,,,,,
,,,35,100᠎,50,50,70,120,425᠎,,,,,,,,,,,,,,,,,,,,,,,,,,,,,,,,,,,,,,,,
,,,,No Item,,,Sand Veil,,,,,,,,,,,,,,,,,,,,,,,,,,,,,,,,,,,,,,,,,,
,,,"Sassy (+SpD, -Spe)",,,,,,12 IV,,,,,,,,,,,,,,,,,,,,,,,,,,,,,,,,,,,,,,,,
,,,Fissure,,,,--,30%,5PP,,,,,,,,,,,,,,,,,,,,,,,,,,,,,,,,,,,,,,,,
,,Stands right next to a Max Repel,Rock Slide,,,,75,90%,10PP,,,,,,,,,,,,,,,,,,,,,,,,,,,,,,,,,,,,,,,,
,,,,,,,,,,,,,,,,,,,,,,,,,,,,,,,,,,,,,,,,,,,,,,,,,
,,(LOOKS UP AND DOWN),,,,,,,,,,,,,,,,,,,,,,,,,,,,,,,,,,,,,,,,,,,,,,,
,,,,,,,,,,,,,,,,,,,,,,,,,,,,,,,,,,,,,,,,,,,,,,,,,
,,,,,,,,,,,,,,,,,,,,,,,,,,,,,,,,,,,,,,,,,,,,,,,,,
,,,,,,,,,,,,,,,,,,,,,,,,,,,,,,,,,,,,,,,,,,,,,,,,,
,,,,#115 Kangaskhan,,,,,Lv.33,,,#357 Tropius,,,,,Lv.33,,,#317 Swalot,,,,,Lv.33,,,,,,,,,,,,,,,,,,,,,,,,
,,,,,NORMAL,,,,,,,,GRASS,,,FLYING,,,,,POISON,,,,,,,,,,,,,,,,,,,,,,,,,,,,
,,COLLECTOR BRADY [273],HP,Atk,Def,SpA,SpD,Spe,Total,,HP,Atk,Def,SpA,SpD,Spe,Total,,HP,Atk,Def,SpA,SpD,Spe,Total,,,,,,,,,,,,,,,,,,,,,,,,
,,,105,95,80,40,80,90,490,,110᠎,95᠎,95᠎,95᠎,95᠎,45᠋,535᠎,,100,73,83,73,83,55,467,,,,,,,,,,,,,,,,,,,,,,,,
,,,,No Item,,,Scrappy឵ ឵,,,,,No Item,,,Chlorophyll,,,,,No Item,,,Liquid Ooze,,,,,,,,,,,,,,,,,,,,,,,,,,
,,,Serious (Neutral),,,,,,12 IV,,"Quiet (+SpA, -Spe)",,,,,,12 IV,,"Sassy (+SpD, -Spe)",,,,,,12 IV,,,,,,,,,,,,,,,,,,,,,,,,
,,,Mega Punch,,,,80,85%,20PP,,Nature Power,,,,--,--,20PP,,Pain Split,,,,--,--,20PP,,,,,,,,,,,,,,,,,,,,,,,,
,,(WALKS UP LOOKS LEFT AND RIGHT THEN WALKS DOWN AND LOOKS LEFT AND RIGHT),Dizzy Punch,,,,70,100%,10PP,,Body Slam,,,,85,100%,15PP,,Body Slam,,,,85,100%,15PP,,,,,,,,,,,,,,,,,,,,,,,,
,,,Crunch,,,,80,100%,15PP,,Air Slash,,,,75,95%,15PP᠋,,Sludge Bomb,,,,90,100%,10PP,,,,,,,,,,,,,,,,,,,,,,,,
,,,Body Slam,,,,85,100%,15PP,,Energy Ball,,,,90᠎,100%,10PP,,Toxic,,,,--,90%᠎,10PP,,,,,,,,,,,,,,,,,,,,,,,,
,,,,,,,,,,,,,,,,,,,,,,,,,,,,,,,,,,,,,,,,,,,,,,,,,
,,,,,,,,,,,,,,,,,,,,,,,,,,,,,,,,,,,,,,,,,,,,,,,,,
,,,,,,,,,,,,,,,,,,,,,,,,,,,,,,,,,,,,,,,,,,,,,,,,,
,,,,#413 Wormadam (P),,,,,Lv.33,,,#413 Wormadam (S),,,,,Lv.33,,,#413 Wormadam (T),,,,,Lv.33,,,,,,,,,,,,,,,,,,,,,,,,
,,,,,BUG,,,GRASS,,,,,BUG,,,GROUND,,,,,BUG,,,STEEL,,,,,,,,,,,,,,,,,,,,,,,,,
,,BEAUTY DEVON [491],HP,Atk,Def,SpA,SpD,Spe,Total,,HP,Atk,Def,SpA,SpD,Spe,Total,,HP,Atk,Def,SpA,SpD,Spe,Total,,,,,,,,,,,,,,,,,,,,,,,,
,,,60,50᠋,90᠎,110᠎,110᠎,30᠋,450᠎,,60,50᠋,110᠎,110᠎,90᠎,30᠋,450᠎,,60,50᠋,100᠎,110᠎,100᠎,30᠋,450᠎,,,,,,,,,,,,,,,,,,,,,,,,
,,Only Beauty on the route,,No Item,,,Battle Armor (!),,,,,No Item,,,Battle Armor (!),,,,,No Item,,,Battle Armor (!),,,,,,,,,,,,,,,,,,,,,,,,,,
,,Even though Wormadam Sand and Trash don't have the same learnset as Wormadam Plant the game doesn't recognize them as their specific cloak form and just gives them Wormadam Plant's learnset,"Bold (+Def, -Atk)",,,,,,0 IV,,"Bold (+Def, -Atk)",,,,,,0 IV,,"Bold (+Def, -Atk)",,,,,,0 IV,,,,,,,,,,,,,,,,,,,,,,,,
,,,Confusion,,,,50,100%,25PP,,Confusion,,,,50,100%,25PP,,Confusion,,,,50,100%,25PP,,,,,,,,,,,,,,,,,,,,,,,,
,,,Bug Buzz,,,,90,100%,10PP,,Bug Buzz,,,,90,100%,10PP,,Bug Buzz,,,,90,100%,10PP,,,,,,,,,,,,,,,,,,,,,,,,
,,,Growth,,,,--,--,20PP᠋,,Growth,,,,--,--,20PP᠋,,Growth,,,,--,--,20PP᠋,,,,,,,,,,,,,,,,,,,,,,,,
,,,Energy Ball,,,,90᠎,100%,10PP,,Energy Ball,,,,90᠎,100%,10PP,,Energy Ball,,,,90᠎,100%,10PP,,,,,,,,,,,,,,,,,,,,,,,,
,,,,,,,,,,,,,,,,,,,,,,,,,,,,,,,,,,,,,,,,,,,,,,,,,
,,,,,,,,,,,,,,,,,,,,,,,,,,,,,,,,,,,,,,,,,,,,,,,,,
,,,,,,,,,,,,,,,,,,,,,,,,,,,,,,,,,,,,,,,,,,,,,,,,,
,,,,#064 Kadabra,,,,,Lv.34,,,#326 Grumpig,,,,,Lv.34,,,#097 Hypno,,,,,Lv.34,,,,,,,,,,,,,,,,,,,,,,,,
,,,,,PSYCHIC,,,,,,,,PSYCHIC,,,,,,,,PSYCHIC,,,,,,,,,,,,,,,,,,,,,,,,,,,,
,,PSYCHIC MITCHELL [119],HP,Atk,Def,SpA,SpD,Spe,Total,,HP,Atk,Def,SpA,SpD,Spe,Total,,HP,Atk,Def,SpA,SpD,Spe,Total,,,,,,,,,,,,,,,,,,,,,,,,
,,,40,35,30,120,70,105,400,,80,45,65,90,110,80,470,,85,73,70,73,115,67,483,,,,,,,,,,,,,,,,,,,,,,,,
,,Second Psychic of the route,,No Item,,,Magic Guard (!),,,,,No Item,,,Thick Fat,,,,,No Item,,,Insomnia,,,,,,,,,,,,,,,,,,,,,,,,,,
,,,"Brave (+Atk, -Spe)",,,,,,24 IV,,"Lax (+Def, -SpD)",,,,,,24 IV,,"Relaxed (+Def, -Spe)",,,,,,24 IV,,,,,,,,,,,,,,,,,,,,,,,,
,,,Reflect,,,,--,--,20PP,,Rest,,,,--,--,10PP,,Psycho Cut,,,,70,100%,20PP,,,,,,,,,,,,,,,,,,,,,,,,
,,,Light Screen,,,,--,--,30PP,,Snore,,,,50᠎,100%,15PP,,Wake-Up Slap,,,,70᠎,100%,10PP,,,,,,,,,,,,,,,,,,,,,,,,
,,(i am not describing all of that but he walks and turns in a set pattern),Psycho Cut,,,,70,100%,20PP,,Sleep Talk,,,,--,--,10PP,,Psych Up,,,,--,--,10PP,,,,,,,,,,,,,,,,,,,,,,,,
,,,Recover,,,,--,--,10PP,,Teeter Dance,,,,--,100%,20PP,,Zen Headbutt,,,,80,90%,15PP,,,,,,,,,,,,,,,,,,,,,,,,
,,,,,,,,,,,,,,,,,,,,,,,,,,,,,,,,,,,,,,,,,,,,,,,,,
,,,,,,,,,,,,,,,,,,,,,,,,,,,,,,,,,,,,,,,,,,,,,,,,,
,,,,,,,,,,,,,,,,,,,,,,,,,,,,,,,,,,,,,,,,,,,,,,,,,
,,,,#347 Anorith,,,,,Lv.33,,,#345 Lileep,,,,,Lv.33,,,#142 Aerodactyl,,,,,Lv.33,,,,,,,,,,,,,,,,,,,,,,,,
,,,,,ROCK,,,BUG,,,,,ROCK,,,GRASS,,,,,ROCK,,,FLYING,,,,,,,,,,,,,,,,,,,,,,,,,
,,RUIN MANIAC BRYAN [113],HP,Atk,Def,SpA,SpD,Spe,Total,,HP,Atk,Def,SpA,SpD,Spe,Total,,HP,Atk,Def,SpA,SpD,Spe,Total,,,,,,,,,,,,,,,,,,,,,,,,
,,,45,95,50,40,50,75,355,,66,41,77,61,87,23,355,,80,105,65,60,75,130,515,,,,,,,,,,,,,,,,,,,,,,,,
,,Only Ruin Maniac on the route,,No Item,,,Battle Armor,,,,,No Item,,,Suction Cups,,,,,No Item,,,Rock Head,,,,,,,,,,,,,,,,,,,,,,,,,,
,,Stands on the right path of the route,"Impish (+Def, -SpA)",,,,,,12 IV,,"Gentle (+SpD, -Def)",,,,,,12 IV,,"Sassy (+SpD, -Spe)",,,,,,12 IV,,,,,,,,,,,,,,,,,,,,,,,,
,,Is looking to the right,Metal Claw,,,,50,95%,35PP,,Giga Drain,,,,75᠎,100%,10PP,,Ancient Power,,,,60,100%,5PP,,,,,,,,,,,,,,,,,,,,,,,,
,,,Water Pulse,,,,60,100%,20PP,,Gastro Acid,,,,--,100%,10PP,,Crunch,,,,80,100%,15PP,,,,,,,,,,,,,,,,,,,,,,,,
,,,X-Scissor,,,,80,100%,15PP,,Amnesia,,,,--,--,20PP,,Rock Slide,,,,75,90%,10PP,,,,,,,,,,,,,,,,,,,,,,,,
,,,Slash,,,,70,100%,20PP,,Earth Power,,,,90,100%,10PP,,Take Down,,,,90,85%,20PP,,,,,,,,,,,,,,,,,,,,,,,,
,,,,,,,,,,,,,,,,,,,,,,,,,,,,,,,,,,,,,,,,,,,,,,,,,
,,,,,,,,,,,,,,,,,,,,,,,,,,,,,,,,,,,,,,,,,,,,,,,,,
,,,,,,,,,,,,,,,,,,,,,,,,,,,,,,,,,,,,,,,,,,,,,,,,,
,,,,#131 Lapras,,,,,Lv.35,,,,,,,,,,,,,,,,,,,,,,,,,,,,,,,,,,,,,,,,
,,,,,WATER,,,ICE,,,,,,,,,,,,,,,,,,,,,,,,,,,,,,,,,,,,,,,,,
,,COLLECTOR JAMAL [382],HP,Atk,Def,SpA,SpD,Spe,Total,,,,,,,,,,,,,,,,,,,,,,,,,,,,,,,,,,,,,,,,
,,,130,85,80,85,95,60,535,,,,,,,,,,,,,,,,,,,,,,,,,,,,,,,,,,,,,,,,
,,Collector in the high grass,,No Item,,,Water Absorb,,,,,,,,,,,,,,,,,,,,,,,,,,,,,,,,,,,,,,,,,,
,,,"Sassy (+SpD, -Spe)",,,,,,12 IV,,,,,,,,,,,,,,,,,,,,,,,,,,,,,,,,,,,,,,,,
,,,Ice Beam,,,,90᠋,100%,10PP,,,,,,,,,,,,,,,,,,,,,,,,,,,,,,,,,,,,,,,,
,,,Bubble Beam,,,,75᠎,100%,15PP᠎,,,,,,,,,,,,,,,,,,,,,,,,,,,,,,,,,,,,,,,,
,,,Safeguard,,,,--,--,25PP,,,,,,,,,,,,,,,,,,,,,,,,,,,,,,,,,,,,,,,,
,,(SPINS REGULARLY),Dragon Pulse,,,,85᠋,100%,10PP,,,,,,,,,,,,,,,,,,,,,,,,,,,,,,,,,,,,,,,,
,,,,,,,,,,,,,,,,,,,,,,,,,,,,,,,,,,,,,,,,,,,,,,,,,
,,,,,,,,,,,,,,,,,,,,,,,,,,,,,,,,,,,,,,,,,,,,,,,,,
,,,,,,,,,,,,,,,,,,,,,,,,,,,,,,,,,,,,,,,,,,,,,,,,,
,,,,#369 Relicanth,,,,,Lv.35,,,,,,,,,,,,,,,,,,,,,,,,,,,,,,,,,,,,,,,,
,,,,,WATER,,,ROCK,,,,,,,,,,,,,,,,,,,,,,,,,,,,,,,,,,,,,,,,,
,,RUIN MANIAC RONALD [114],HP,Atk,Def,SpA,SpD,Spe,Total,,,,,,,,,,,,,,,,,,,,,,,,,,,,,,,,,,,,,,,,
,,,100,90,130,45,65,55,485,,,,,,,,,,,,,,,,,,,,,,,,,,,,,,,,,,,,,,,,
,,,,No Item,,,Rock Head឵ ឵,,,,,,,,,,,,,,,,,,,,,,,,,,,,,,,,,,,,,,,,,,
,,,"Naive (+Spe, -SpD)",,,,,,12 IV,,,,,,,,,,,,,,,,,,,,,,,,,,,,,,,,,,,,,,,,
,,,Magnitude,,,,--,100%,30PP,,,,,,,,,,,,,,,,,,,,,,,,,,,,,,,,,,,,,,,,
,,,Aqua Tail,,,,90,90%,10PP,,,,,,,,,,,,,,,,,,,,,,,,,,,,,,,,,,,,,,,,
,,,Rest,,,,--,--,10PP,,,,,,,,,,,,,,,,,,,,,,,,,,,,,,,,,,,,,,,,
,,(LOOKS UP AND DOWN),Zen Headbutt,,,,80,90%,15PP,,,,,,,,,,,,,,,,,,,,,,,,,,,,,,,,,,,,,,,,
,,,,,,,,,,,,,,,,,,,,,,,,,,,,,,,,,,,,,,,,,,,,,,,,,
,,,,,,,,,,,,,,,,,,,,,,,,,,,,,,,,,,,,,,,,,,,,,,,,,
,,,,,,,,,,,,,,,,,,,,,,,,,,,,,,,,,,,,,,,,,,,,,,,,,
,,,,#135 Jolteon,,,,,Lv.33,,,#134 Vaporeon,,,,,Lv.33,,,#136 Flareon,,,,,Lv.33,,,,,,,,,,,,,,,,,,,,,,,,
,,,,,ELECTRIC,,,,,,,,WATER,,,,,,,,FIRE,,,,,,,,,,,,,,,,,,,,,,,,,,,,
,,COLLECTOR DOUGLAS [272],HP,Atk,Def,SpA,SpD,Spe,Total,,HP,Atk,Def,SpA,SpD,Spe,Total,,HP,Atk,Def,SpA,SpD,Spe,Total,,,,,,,,,,,,,,,,,,,,,,,,
,,,65,65,60,110,95,130,525,,130,65,60,110,95,65,525,,110᠎,130,60,65᠋,65᠋,95᠎,525,,,,,,,,,,,,,,,,,,,,,,,,
,,,,No Item,,,Volt Absorb,,,,,No Item,,,Water Absorb,,,,,No Item,,,Flash Fire,,,,,,,,,,,,,,,,,,,,,,,,,,
,,,"Naughty (+Atk, -SpD)",,,,,,0 IV,,"Bold (+Def, -Atk)",,,,,,0 IV,,"Rash (+SpA, -SpD)",,,,,,0 IV,,,,,,,,,,,,,,,,,,,,,,,,
,,,Thunder Fang,,,,65,95%,15PP,,Aqua Ring,,,,--,--,20PP,,Flame Wheel,,,,75᠎,100%,15PP᠋,,,,,,,,,,,,,,,,,,,,,,,,
,,,Discharge,,,,80,100%,15PP,,Scald (!),,,,80,100%,15PP,,Lava Plume,,,,80,100%,15PP,,,,,,,,,,,,,,,,,,,,,,,,
,,,Extrasensory,,,,80,100%,20PP᠋,,Extrasensory,,,,80,100%,20PP᠋,,Play Rough (!),,,,90,90%,10PP,,,,,,,,,,,,,,,,,,,,,,,,
,,(LOOKS UP AND LEFT),Agility,,,,--,--,30PP,,Acid Armor,,,,--,--,20PP᠋,,Scary Face,,,,--,100%᠎,10PP,,,,,,,,,,,,,,,,,,,,,,,,
,,,,,,,,,,,,,,,,,,,,,,,,,,,,,,,,,,,,,,,,,,,,,,,,,
,,,,,,,,,,,,,,,,,,,,,,,,,,,,,,,,,,,,,,,,,,,,,,,,,
,,SEVEN STARS RESTAURANT (Trainers are listed from top row of tables to bottom row and from left to right),,,,,,,,,,,,,,,,,,,,,,,,,,,,,,,,,,,,,,,,,,,,,,,
,,,,,,,,,,,,,,,,,,,,,,,,,,,,,,,,,,,,,,,,,,,,,,,,,
,,,,,,,,,,,,,,,,,,,,,,,,,,,,,,,,,,,,,,,,,,,,,,,,,
,,,,#235 Smeargle,,,,,Lv.37,,,,,,,,,,,,,,,,,,,,,,,,,,,,,,,,,,,,,,,,
,,,,,NORMAL,,,,,,,,,,,,,,,,,,,,,,,,,,,,,,,,,,,,,,,,,,,,
,,ARTIST ISMAEL [536],HP,Atk,Def,SpA,SpD,Spe,Total,,,,,,,,,,,,,,,,,,,,,,,,,,,,,,,,,,,,,,,,
,,DOUBLE BATTLE,55,20,35,20,45,75,250,,,,,,,,,,,,,,,,,,,,,,,,,,,,,,,,,,,,,,,,
,,,,No Item,,,Technician឵ ឵,,,,,,,,,,,,,,,,,,,,,,,,,,,,,,,,,,,,,,,,,,
,,,"Adamant (+Atk, -SpA)",,,,,,12 IV,,,,,,,,,,,,,,,,,,,,,,,,,,,,,,,,,,,,,,,,
,,,Dark Void,,,,--,50%᠋,10PP,,,,,,,,,,,,,,,,,,,,,,,,,,,,,,,,,,,,,,,,
,,,Protect,,,,--,--,10PP,,,,,,,,,,,,,,,,,,,,,,,,,,,,,,,,,,,,,,,,
,,,Leech Seed,,,,--,90%,10PP,,,,,,,,,,,,,,,,,,,,,,,,,,,,,,,,,,,,,,,,
,,,Substitute,,,,--,--,10PP,,,,,,,,,,,,,,,,,,,,,,,,,,,,,,,,,,,,,,,,
,,,,,,,,,,,,,,,,,,,,,,,,,,,,,,,,,,,,,,,,,,,,,,,,,
,,,,,,,,,,,,,,,,,,,,,,,,,,,,,,,,,,,,,,,,,,,,,,,,,
,,,,#055 Golduck,,,,,Lv.37,,,,,,,,,,,,,,,,,,,,,,,,,,,,,,,,,,,,,,,,
,,,,,WATER,,,PSYCHIC ឵,,,,,,,,,,,,,,,,,,,,,,,,,,,,,,,,,,,,,,,,,
,,BEAUTY HARLEY [551],HP,Atk,Def,SpA,SpD,Spe,Total,,,,,,,,,,,,,,,,,,,,,,,,,,,,,,,,,,,,,,,,
,,DOUBLE BATTLE,80,82,78,95,80,85,500,,,,,,,,,,,,,,,,,,,,,,,,,,,,,,,,,,,,,,,,
,,,,No Item,,,Damp,,,,,,,,,,,,,,,,,,,,,,,,,,,,,,,,,,,,,,,,,,
,,,"Brave (+Atk, -Spe)",,,,,,12 IV,,,,,,,,,,,,,,,,,,,,,,,,,,,,,,,,,,,,,,,,
,,,Hypnosis,,,,--,60%᠋,20PP,,,,,,,,,,,,,,,,,,,,,,,,,,,,,,,,,,,,,,,,
,,,Aqua Tail,,,,90,90%,10PP,,,,,,,,,,,,,,,,,,,,,,,,,,,,,,,,,,,,,,,,
,,,Power Gem,,,,80᠎,100%,20PP,,,,,,,,,,,,,,,,,,,,,,,,,,,,,,,,,,,,,,,,
,,,Psychic,,,,90,100%,10PP,,,,,,,,,,,,,,,,,,,,,,,,,,,,,,,,,,,,,,,,
,,,,,,,,,,,,,,,,,,,,,,,,,,,,,,,,,,,,,,,,,,,,,,,,,
,,,,,,,,,,,,,,,,,,,,,,,,,,,,,,,,,,,,,,,,,,,,,,,,,
,,,,,,,,,,,,,,,,,,,,,,,,,,,,,,,,,,,,,,,,,,,,,,,,,
,,,,#059 Arcanine,,,,,Lv.37,,,,,,,,,,,,,,,,,,,,,,,,,,,,,,,,,,,,,,,,
,,,,,FIRE,,,,,,,,,,,,,,,,,,,,,,,,,,,,,,,,,,,,,,,,,,,,
,,RICH BOY ROMAN [545],HP,Atk,Def,SpA,SpD,Spe,Total,,,,,,,,,,,,,,,,,,,,,,,,,,,,,,,,,,,,,,,,
,,DOUBLE BATTLE,90,110,80,100,80,95,555,,,,,,,,,,,,,,,,,,,,,,,,,,,,,,,,,,,,,,,,
,,,,No Item,,,Intimidate,,,,,,,,,,,,,,,,,,,,,,,,,,,,,,,,,,,,,,,,,,
,,,"Lax (+Def, -SpD)",,,,,,12 IV,,,,,,,,,,,,,,,,,,,,,,,,,,,,,,,,,,,,,,,,
,,,Roar,,,,--,--,20PP,,,,,,,,,,,,,,,,,,,,,,,,,,,,,,,,,,,,,,,,
,,,Odor Sleuth,,,,--,--,40PP,,,,,,,,,,,,,,,,,,,,,,,,,,,,,,,,,,,,,,,,
,,,Fire Fang,,,,65,95%,15PP,,,,,,,,,,,,,,,,,,,,,,,,,,,,,,,,,,,,,,,,
,,can use : 1 FULL RESTORE,Extreme Speed,,,,80,100%,5PP,,,,,,,,,,,,,,,,,,,,,,,,,,,,,,,,,,,,,,,,
,,,,,,,,,,,,,,,,,,,,,,,,,,,,,,,,,,,,,,,,,,,,,,,,,
,,,,,,,,,,,,,,,,,,,,,,,,,,,,,,,,,,,,,,,,,,,,,,,,,
,,,,#045 Vileplume,,,,,Lv.37,,,,,,,,,,,,,,,,,,,,,,,,,,,,,,,,,,,,,,,,
,,,,,GRASS,,,POISON,,,,,,,,,,,,,,,,,,,,,,,,,,,,,,,,,,,,,,,,,
,,LADY KYLIE [546],HP,Atk,Def,SpA,SpD,Spe,Total,,,,,,,,,,,,,,,,,,,,,,,,,,,,,,,,,,,,,,,,
,,DOUBLE BATTLE,75,80,85,110᠎,90,50,490᠎,,,,,,,,,,,,,,,,,,,,,,,,,,,,,,,,,,,,,,,,
,,,,No Item,,,Chlorophyll,,,,,,,,,,,,,,,,,,,,,,,,,,,,,,,,,,,,,,,,,,
,,,"Mild (+SpA, -Def)",,,,,,12 IV,,,,,,,,,,,,,,,,,,,,,,,,,,,,,,,,,,,,,,,,
,,,Stun Spore,,,,--,75%,30PP,,,,,,,,,,,,,,,,,,,,,,,,,,,,,,,,,,,,,,,,
,,,Aromatherapy,,,,--,--,5PP,,,,,,,,,,,,,,,,,,,,,,,,,,,,,,,,,,,,,,,,
,,,Earth Power,,,,90,100%,10PP,,,,,,,,,,,,,,,,,,,,,,,,,,,,,,,,,,,,,,,,
,,can use : 1 FULL RESTORE,Teeter Dance,,,,--,100%,20PP,,,,,,,,,,,,,,,,,,,,,,,,,,,,,,,,,,,,,,,,
,,,,,,,,,,,,,,,,,,,,,,,,,,,,,,,,,,,,,,,,,,,,,,,,,
,,,,,,,,,,,,,,,,,,,,,,,,,,,,,,,,,,,,,,,,,,,,,,,,,
,,,,,,,,,,,,,,,,,,,,,,,,,,,,,,,,,,,,,,,,,,,,,,,,,
,,,,#441 Chatot,,,,,Lv.37,,,,,,,,,,,,,,,,,,,,,,,,,,,,,,,,,,,,,,,,
,,,,,NORMAL,,,FLYING,,,,,,,,,,,,,,,,,,,,,,,,,,,,,,,,,,,,,,,,,
,,GENTLEMAN LEONARDO [542],HP,Atk,Def,SpA,SpD,Spe,Total,,,,,,,,,,,,,,,,,,,,,,,,,,,,,,,,,,,,,,,,
,,DOUBLE BATTLE,75᠋,45᠋,55᠎,110᠎,55᠎,110᠎,450᠎,,,,,,,,,,,,,,,,,,,,,,,,,,,,,,,,,,,,,,,,
,,,,No Item,,,Soundproof (!),,,,,,,,,,,,,,,,,,,,,,,,,,,,,,,,,,,,,,,,,,
,,,"Lonely (+Atk, -Def)",,,,,,0 IV,,,,,,,,,,,,,,,,,,,,,,,,,,,,,,,,,,,,,,,,
,,,Mimic,,,,--,--,10PP,,,,,,,,,,,,,,,,,,,,,,,,,,,,,,,,,,,,,,,,
,,,Chatter,,,,90᠎,100%,15PP᠎,,,,,,,,,,,,,,,,,,,,,,,,,,,,,,,,,,,,,,,,
,,,Roost,,,,--,--,10PP,,,,,,,,,,,,,,,,,,,,,,,,,,,,,,,,,,,,,,,,
,,can use : 1 FULL RESTORE,Agility,,,,--,--,30PP,,,,,,,,,,,,,,,,,,,,,,,,,,,,,,,,,,,,,,,,
,,,,,,,,,,,,,,,,,,,,,,,,,,,,,,,,,,,,,,,,,,,,,,,,,
,,,,,,,,,,,,,,,,,,,,,,,,,,,,,,,,,,,,,,,,,,,,,,,,,
,,,,#053 Persian,,,,,Lv.37,,,,,,,,,,,,,,,,,,,,,,,,,,,,,,,,,,,,,,,,
,,,,,NORMAL,,,,,,,,,,,,,,,,,,,,,,,,,,,,,,,,,,,,,,,,,,,,
,,SOCIALITE REBECCA [543],HP,Atk,Def,SpA,SpD,Spe,Total,,,,,,,,,,,,,,,,,,,,,,,,,,,,,,,,,,,,,,,,
,,DOUBLE BATTLE,65,80᠎,60,80᠎,65,115,465᠎,,,,,,,,,,,,,,,,,,,,,,,,,,,,,,,,,,,,,,,,
,,,,No Item,,,Technician឵ ឵,,,,,,,,,,,,,,,,,,,,,,,,,,,,,,,,,,,,,,,,,,
,,,"Calm (+SpD, -Atk)",,,,,,12 IV,,,,,,,,,,,,,,,,,,,,,,,,,,,,,,,,,,,,,,,,
,,,Taunt,,,,--,100%,20PP,,,,,,,,,,,,,,,,,,,,,,,,,,,,,,,,,,,,,,,,
,,,Power Gem,,,,80᠎,100%,20PP,,,,,,,,,,,,,,,,,,,,,,,,,,,,,,,,,,,,,,,,
,,,Assurance,,,,60᠎,100%,10PP,,,,,,,,,,,,,,,,,,,,,,,,,,,,,,,,,,,,,,,,
,,can use : 1 FULL RESTORE,Hypnosis,,,,--,60%᠋,20PP,,,,,,,,,,,,,,,,,,,,,,,,,,,,,,,,,,,,,,,,
,,,,,,,,,,,,,,,,,,,,,,,,,,,,,,,,,,,,,,,,,,,,,,,,,
,,,,,,,,,,,,,,,,,,,,,,,,,,,,,,,,,,,,,,,,,,,,,,,,,
,,,,,,,,,,,,,,,,,,,,,,,,,,,,,,,,,,,,,,,,,,,,,,,,,
,,,,#350 Milotic,,,,,Lv.37,,,,,,,,,,,,,,,,,,,,,,,,,,,,,,,,,,,,,,,,
,,,,,WATER,,,FAIRY឵ ឵,,,,,,,,,,,,,,,,,,,,,,,,,,,,,,,,,,,,,,,,,
,,COLLECTOR EUGENE [539],HP,Atk,Def,SpA,SpD,Spe,Total,,,,,,,,,,,,,,,,,,,,,,,,,,,,,,,,,,,,,,,,
,,DOUBLE BATTLE,95,60,79,100,125,81,540,,,,,,,,,,,,,,,,,,,,,,,,,,,,,,,,,,,,,,,,
,,,,No Item,,,Marvel Scale,,,,,,,,,,,,,,,,,,,,,,,,,,,,,,,,,,,,,,,,,,
,,,"Hasty (+Spe, -Def)",,,,,,12 IV,,,,,,,,,,,,,,,,,,,,,,,,,,,,,,,,,,,,,,,,
,,,Recover,,,,--,--,10PP,,,,,,,,,,,,,,,,,,,,,,,,,,,,,,,,,,,,,,,,
,,,Hypnosis,,,,--,60%᠋,20PP,,,,,,,,,,,,,,,,,,,,,,,,,,,,,,,,,,,,,,,,
,,,Attract,,,,--,100%,15PP,,,,,,,,,,,,,,,,,,,,,,,,,,,,,,,,,,,,,,,,
,,,Moonblast (!),,,,95,100%,15PP,,,,,,,,,,,,,,,,,,,,,,,,,,,,,,,,,,,,,,,,
,,,,,,,,,,,,,,,,,,,,,,,,,,,,,,,,,,,,,,,,,,,,,,,,,
,,,,,,,,,,,,,,,,,,,,,,,,,,,,,,,,,,,,,,,,,,,,,,,,,
,,,,#154 Meganium,,,,,Lv.37,,,,,,,,,,,,,,,,,,,,,,,,,,,,,,,,,,,,,,,,
,,,,,GRASS,,,FAIRY឵ ឵,,,,,,,,,,,,,,,,,,,,,,,,,,,,,,,,,,,,,,,,,
,,AROMA LADY ALISON [535],HP,Atk,Def,SpA,SpD,Spe,Total,,,,,,,,,,,,,,,,,,,,,,,,,,,,,,,,,,,,,,,,
,,DOUBLE BATTLE,80,82,100,93᠎,100,80,535᠎,,,,,,,,,,,,,,,,,,,,,,,,,,,,,,,,,,,,,,,,
,,,,No Item,,,Serene Grace (!),,,,,,,,,,,,,,,,,,,,,,,,,,,,,,,,,,,,,,,,,,
,,,"Quiet (+SpA, -Spe)",,,,,,12 IV,,,,,,,,,,,,,,,,,,,,,,,,,,,,,,,,,,,,,,,,
,,,Energy Ball,,,,90᠎,100%,10PP,,,,,,,,,,,,,,,,,,,,,,,,,,,,,,,,,,,,,,,,
,,,Sweet Scent,,,,--,100%,20PP,,,,,,,,,,,,,,,,,,,,,,,,,,,,,,,,,,,,,,,,
,,,Petal Dance,,,,120᠎,100%,10PP᠋,,,,,,,,,,,,,,,,,,,,,,,,,,,,,,,,,,,,,,,,
,,,Body Slam,,,,85,100%,15PP,,,,,,,,,,,,,,,,,,,,,,,,,,,,,,,,,,,,,,,,
,,,,,,,,,,,,,,,,,,,,,,,,,,,,,,,,,,,,,,,,,,,,,,,,,
,,,,,,,,,,,,,,,,,,,,,,,,,,,,,,,,,,,,,,,,,,,,,,,,,
,,,,,,,,,,,,,,,,,,,,,,,,,,,,,,,,,,,,,,,,,,,,,,,,,
,,,,#195 Quagsire,,,,,Lv.37,,,,,,,,,,,,,,,,,,,,,,,,,,,,,,,,,,,,,,,,
,,,,,WATER,,,GROUND,,,,,,,,,,,,,,,,,,,,,,,,,,,,,,,,,,,,,,,,,
,,SCHOOL KID ESTEBAN [548],HP,Atk,Def,SpA,SpD,Spe,Total,,,,,,,,,,,,,,,,,,,,,,,,,,,,,,,,,,,,,,,,
,,DOUBLE BATTLE,95,95᠎,95᠎,65,65,35,450᠎,,,,,,,,,,,,,,,,,,,,,,,,,,,,,,,,,,,,,,,,
,,,,No Item,,,Water Absorb឵ ឵,,,,,,,,,,,,,,,,,,,,,,,,,,,,,,,,,,,,,,,,,,
,,,"Naughty (+Atk, -SpD)",,,,,,0 IV,,,,,,,,,,,,,,,,,,,,,,,,,,,,,,,,,,,,,,,,
,,,Aqua Tail,,,,90,90%,10PP,,,,,,,,,,,,,,,,,,,,,,,,,,,,,,,,,,,,,,,,
,,,Yawn,,,,--,--,10PP,,,,,,,,,,,,,,,,,,,,,,,,,,,,,,,,,,,,,,,,
,,,Body Slam,,,,85,100%,15PP,,,,,,,,,,,,,,,,,,,,,,,,,,,,,,,,,,,,,,,,
,,can use : 1 X SP. DEF,Earthquake,,,,100,100%,10PP,,,,,,,,,,,,,,,,,,,,,,,,,,,,,,,,,,,,,,,,
,,,,,,,,,,,,,,,,,,,,,,,,,,,,,,,,,,,,,,,,,,,,,,,,,
,,,,,,,,,,,,,,,,,,,,,,,,,,,,,,,,,,,,,,,,,,,,,,,,,
,,,,#417 Pachirisu,,,,,Lv.37,,,,,,,,,,,,,,,,,,,,,,,,,,,,,,,,,,,,,,,,
,,,,,ELECTRIC,,,,,,,,,,,,,,,,,,,,,,,,,,,,,,,,,,,,,,,,,,,,
,,POKÉFAN MEREDITH [540],HP,Atk,Def,SpA,SpD,Spe,Total,,,,,,,,,,,,,,,,,,,,,,,,,,,,,,,,,,,,,,,,
,,DOUBLE BATTLE,60,45,80᠎,80᠎,90,95,450᠎,,,,,,,,,,,,,,,,,,,,,,,,,,,,,,,,,,,,,,,,
,,,,Sitrus Berry,,,Volt Absorb (!),,,,,,,,,,,,,,,,,,,,,,,,,,,,,,,,,,,,,,,,,,
,,,"Adamant (+Atk, -SpA)",,,,,,12 IV,,,,,,,,,,,,,,,,,,,,,,,,,,,,,,,,,,,,,,,,
,,,Sweet Kiss,,,,--,75%,10PP,,,,,,,,,,,,,,,,,,,,,,,,,,,,,,,,,,,,,,,,
,,,Thunder Wave,,,,--,90%᠎,20PP,,,,,,,,,,,,,,,,,,,,,,,,,,,,,,,,,,,,,,,,
,,,Thunderbolt,,,,90᠋,100%,15PP,,,,,,,,,,,,,,,,,,,,,,,,,,,,,,,,,,,,,,,,
,,,Fake Tears,,,,--,100%,20PP,,,,,,,,,,,,,,,,,,,,,,,,,,,,,,,,,,,,,,,,
,,,,,,,,,,,,,,,,,,,,,,,,,,,,,,,,,,,,,,,,,,,,,,,,,
,,,,,,,,,,,,,,,,,,,,,,,,,,,,,,,,,,,,,,,,,,,,,,,,,
,,,,,,,,,,,,,,,,,,,,,,,,,,,,,,,,,,,,,,,,,,,,,,,,,
,,,,#257 Blaziken,,,,,Lv.37,,,,,,,,,,,,,,,,,,,,,,,,,,,,,,,,,,,,,,,,
,,,,,FIRE,,,FIGHTING,,,,,,,,,,,,,,,,,,,,,,,,,,,,,,,,,,,,,,,,,
,,VETERAN EMANUEL [552],HP,Atk,Def,SpA,SpD,Spe,Total,,,,,,,,,,,,,,,,,,,,,,,,,,,,,,,,,,,,,,,,
,,DOUBLE BATTLE,80,120,75᠎,110,70,80,535᠎,,,,,,,,,,,,,,,,,,,,,,,,,,,,,,,,,,,,,,,,
,,,,No Item,,,Speed Boost (!),,,,,,,,,,,,,,,,,,,,,,,,,,,,,,,,,,,,,,,,,,
,,,"Timid (+Spe, -Atk)",,,,,,24 IV,,,,,,,,,,,,,,,,,,,,,,,,,,,,,,,,,,,,,,,,
,,,Focus Energy,,,,--,--,30PP,,,,,,,,,,,,,,,,,,,,,,,,,,,,,,,,,,,,,,,,
,,,Sky Uppercut,,,,85,90%,15PP,,,,,,,,,,,,,,,,,,,,,,,,,,,,,,,,,,,,,,,,
,,,Flamethrower,,,,90᠋,100%,15PP,,,,,,,,,,,,,,,,,,,,,,,,,,,,,,,,,,,,,,,,
,,,Blaze Kick,,,,90᠎,100%᠎,10PP,,,,,,,,,,,,,,,,,,,,,,,,,,,,,,,,,,,,,,,,
,,,,,,,,,,,,,,,,,,,,,,,,,,,,,,,,,,,,,,,,,,,,,,,,,
,,,,,,,,,,,,,,,,,,,,,,,,,,,,,,,,,,,,,,,,,,,,,,,,,
,,,,#428 Lopunny,,,,,Lv.37,,,,,,,,,,,,,,,,,,,,,,,,,,,,,,,,,,,,,,,,
,,,,,NORMAL,,,FIGHTING឵ ឵,,,,,,,,,,,,,,,,,,,,,,,,,,,,,,,,,,,,,,,,,
,,LASS BLYTHE [544],HP,Atk,Def,SpA,SpD,Spe,Total,,,,,,,,,,,,,,,,,,,,,,,,,,,,,,,,,,,,,,,,
,,DOUBLE BATTLE,65,106᠎,84,44᠋,96,105,500᠎,,,,,,,,,,,,,,,,,,,,,,,,,,,,,,,,,,,,,,,,
,,,,No Item,,,Scrappy (!),,,,,,,,,,,,,,,,,,,,,,,,,,,,,,,,,,,,,,,,,,
,,,"Adamant (+Atk, -SpA)",,,,,,12 IV,,,,,,,,,,,,,,,,,,,,,,,,,,,,,,,,,,,,,,,,
,,,Agility,,,,--,--,30PP,,,,,,,,,,,,,,,,,,,,,,,,,,,,,,,,,,,,,,,,
,,,Switcheroo,,,,--,100%,10PP,,,,,,,,,,,,,,,,,,,,,,,,,,,,,,,,,,,,,,,,
,,,Charm,,,,--,100%,20PP,,,,,,,,,,,,,,,,,,,,,,,,,,,,,,,,,,,,,,,,
,,,Flail,,,,--,100%,15PP,,,,,,,,,,,,,,,,,,,,,,,,,,,,,,,,,,,,,,,,
,,,,,,,,,,,,,,,,,,,,,,,,,,,,,,,,,,,,,,,,,,,,,,,,,
,,,,,,,,,,,,,,,,,,,,,,,,,,,,,,,,,,,,,,,,,,,,,,,,,
,,,,,,,,,,,,,,,,,,,,,,,,,,,,,,,,,,,,,,,,,,,,,,,,,
,,,,#082 Magneton,,,,,Lv.37,,,,,,,,,,,,,,,,,,,,,,,,,,,,,,,,,,,,,,,,
,,,,,ELECTRIC,,,STEEL,,,,,,,,,,,,,,,,,,,,,,,,,,,,,,,,,,,,,,,,,
,,CAMERAMAN DARRYL [538],HP,Atk,Def,SpA,SpD,Spe,Total,,,,,,,,,,,,,,,,,,,,,,,,,,,,,,,,,,,,,,,,
,,DOUBLE BATTLE,50,60,95,120,70,70,465,,,,,,,,,,,,,,,,,,,,,,,,,,,,,,,,,,,,,,,,
,,,,No Item,,,Magnet Pull,,,,,,,,,,,,,,,,,,,,,,,,,,,,,,,,,,,,,,,,,,
,,,"Hasty (+Spe, -Def)",,,,,,12 IV,,,,,,,,,,,,,,,,,,,,,,,,,,,,,,,,,,,,,,,,
,,,Discharge,,,,80,100%,15PP,,,,,,,,,,,,,,,,,,,,,,,,,,,,,,,,,,,,,,,,
,,,Tri Attack,,,,80,100%,10PP,,,,,,,,,,,,,,,,,,,,,,,,,,,,,,,,,,,,,,,,
,,,Flash Cannon,,,,80,100%,10PP,,,,,,,,,,,,,,,,,,,,,,,,,,,,,,,,,,,,,,,,
,,,Screech,,,,--,85%,40PP,,,,,,,,,,,,,,,,,,,,,,,,,,,,,,,,,,,,,,,,
,,,,,,,,,,,,,,,,,,,,,,,,,,,,,,,,,,,,,,,,,,,,,,,,,
,,,,,,,,,,,,,,,,,,,,,,,,,,,,,,,,,,,,,,,,,,,,,,,,,
,,,,#294 Loudred,,,,,Lv.37,,,,,,,,,,,,,,,,,,,,,,,,,,,,,,,,,,,,,,,,
,,,,,NORMAL,,,,,,,,,,,,,,,,,,,,,,,,,,,,,,,,,,,,,,,,,,,,
,,REPORTER VALERIE [547],HP,Atk,Def,SpA,SpD,Spe,Total,,,,,,,,,,,,,,,,,,,,,,,,,,,,,,,,,,,,,,,,
,,DOUBLE BATTLE,84,71,43,71,43,48,360,,,,,,,,,,,,,,,,,,,,,,,,,,,,,,,,,,,,,,,,
,,,,No Item,,,Soundproof,,,,,,,,,,,,,,,,,,,,,,,,,,,,,,,,,,,,,,,,,,
,,,"Gentle (+SpD, -Def)",,,,,,12 IV,,,,,,,,,,,,,,,,,,,,,,,,,,,,,,,,,,,,,,,,
,,,Extrasensory,,,,80,100%,20PP᠋,,,,,,,,,,,,,,,,,,,,,,,,,,,,,,,,,,,,,,,,
,,,Fake Tears,,,,--,100%,20PP,,,,,,,,,,,,,,,,,,,,,,,,,,,,,,,,,,,,,,,,
,,,Hyper Voice,,,,90,100%,10PP,,,,,,,,,,,,,,,,,,,,,,,,,,,,,,,,,,,,,,,,
,,,Roar,,,,--,--,20PP,,,,,,,,,,,,,,,,,,,,,,,,,,,,,,,,,,,,,,,,
,,,,,,,,,,,,,,,,,,,,,,,,,,,,,,,,,,,,,,,,,,,,,,,,,
,,,,,,,,,,,,,,,,,,,,,,,,,,,,,,,,,,,,,,,,,,,,,,,,,
,,,,,,,,,,,,,,,,,,,,,,,,,,,,,,,,,,,,,,,,,,,,,,,,,
,,,,#112 Rhydon,,,,,Lv.37,,,,,,,,,,,,,,,,,,,,,,,,,,,,,,,,,,,,,,,,
,,,,,GROUND,,,ROCK,,,,,,,,,,,,,,,,,,,,,,,,,,,,,,,,,,,,,,,,,
,,PI KENDRICK [541],HP,Atk,Def,SpA,SpD,Spe,Total,,,,,,,,,,,,,,,,,,,,,,,,,,,,,,,,,,,,,,,,
,,DOUBLE BATTLE,105,130,120,45,45,40,485,,,,,,,,,,,,,,,,,,,,,,,,,,,,,,,,,,,,,,,,
,,,,No Item,,,Rock Head឵ ឵,,,,,,,,,,,,,,,,,,,,,,,,,,,,,,,,,,,,,,,,,,
,,,"Bold (+Def, -Atk)",,,,,,24 IV,,,,,,,,,,,,,,,,,,,,,,,,,,,,,,,,,,,,,,,,
,,,Crunch,,,,80,100%,15PP,,,,,,,,,,,,,,,,,,,,,,,,,,,,,,,,,,,,,,,,
,,,Rock Slide,,,,75,90%,10PP,,,,,,,,,,,,,,,,,,,,,,,,,,,,,,,,,,,,,,,,
,,,Poison Jab,,,,80,100%,20PP,,,,,,,,,,,,,,,,,,,,,,,,,,,,,,,,,,,,,,,,
,,,Hammer Arm,,,,100,90%,10PP,,,,,,,,,,,,,,,,,,,,,,,,,,,,,,,,,,,,,,,,
,,,,,,,,,,,,,,,,,,,,,,,,,,,,,,,,,,,,,,,,,,,,,,,,,
,,,,,,,,,,,,,,,,,,,,,,,,,,,,,,,,,,,,,,,,,,,,,,,,,
,,,,#457 Lumineon,,,,,Lv.37,,,,,,,,,,,,,,,,,,,,,,,,,,,,,,,,,,,,,,,,
,,,,,WATER,,,,,,,,,,,,,,,,,,,,,,,,,,,,,,,,,,,,,,,,,,,,
,,BEAUTY GABRIELLA [550],HP,Atk,Def,SpA,SpD,Spe,Total,,,,,,,,,,,,,,,,,,,,,,,,,,,,,,,,,,,,,,,,
,,DOUBLE BATTLE,70᠎,40᠋,75᠋,105᠎,90᠎,105᠎,485᠎,,,,,,,,,,,,,,,,,,,,,,,,,,,,,,,,,,,,,,,,
,,,,No Item,,,Swift Swim,,,,,,,,,,,,,,,,,,,,,,,,,,,,,,,,,,,,,,,,,,
,,,"Calm (+SpD, -Atk)",,,,,,12 IV,,,,,,,,,,,,,,,,,,,,,,,,,,,,,,,,,,,,,,,,
,,,Captivate,,,,--,100%,20PP,,,,,,,,,,,,,,,,,,,,,,,,,,,,,,,,,,,,,,,,
,,,Safeguard,,,,--,--,25PP,,,,,,,,,,,,,,,,,,,,,,,,,,,,,,,,,,,,,,,,
,,,Aqua Tail,,,,90,90%,10PP,,,,,,,,,,,,,,,,,,,,,,,,,,,,,,,,,,,,,,,,
,,,Silver Wind,,,,60,100%,5PP,,,,,,,,,,,,,,,,,,,,,,,,,,,,,,,,,,,,,,,,
,,,,,,,,,,,,,,,,,,,,,,,,,,,,,,,,,,,,,,,,,,,,,,,,,
,,,,,,,,,,,,,,,,,,,,,,,,,,,,,,,,,,,,,,,,,,,,,,,,,
,,,,,,,,,,,,,,,,,,,,,,,,,,,,,,,,,,,,,,,,,,,,,,,,,
,,,,#065 Alakazam,,,,,Lv.37,,,,,,,,,,,,,,,,,,,,,,,,,,,,,,,,,,,,,,,,
,,,,,PSYCHIC,,,,,,,,,,,,,,,,,,,,,,,,,,,,,,,,,,,,,,,,,,,,
,,SCIENTIST EMILIO [549],HP,Atk,Def,SpA,SpD,Spe,Total,,,,,,,,,,,,,,,,,,,,,,,,,,,,,,,,,,,,,,,,
,,DOUBLE BATTLE,55,50,45,135,95᠎,120,500᠎,,,,,,,,,,,,,,,,,,,,,,,,,,,,,,,,,,,,,,,,
,,,,No Item,,,Magic Guard (!),,,,,,,,,,,,,,,,,,,,,,,,,,,,,,,,,,,,,,,,,,
,,,"Brave (+Atk, -Spe)",,,,,,12 IV,,,,,,,,,,,,,,,,,,,,,,,,,,,,,,,,,,,,,,,,
,,,Light Screen,,,,--,--,30PP,,,,,,,,,,,,,,,,,,,,,,,,,,,,,,,,,,,,,,,,
,,,Psycho Cut,,,,70,100%,20PP,,,,,,,,,,,,,,,,,,,,,,,,,,,,,,,,,,,,,,,,
,,,Recover,,,,--,--,10PP,,,,,,,,,,,,,,,,,,,,,,,,,,,,,,,,,,,,,,,,
,,can use : 1 X SPECIAL,Psychic,,,,90,100%,10PP,,,,,,,,,,,,,,,,,,,,,,,,,,,,,,,,,,,,,,,,
,,,,,,,,,,,,,,,,,,,,,,,,,,,,,,,,,,,,,,,,,,,,,,,,,
,,,,,,,,,,,,,,,,,,,,,,,,,,,,,,,,,,,,,,,,,,,,,,,,,
,,,,#184 Azumarill,,,,,Lv.37,,,,,,,,,,,,,,,,,,,,,,,,,,,,,,,,,,,,,,,,
,,,,,WATER,,,FAIRY឵ ឵,,,,,,,,,,,,,,,,,,,,,,,,,,,,,,,,,,,,,,,,,
,,PKMN BREEDER KAYLEE [537],HP,Atk,Def,SpA,SpD,Spe,Total,,,,,,,,,,,,,,,,,,,,,,,,,,,,,,,,,,,,,,,,
,,DOUBLE BATTLE,110᠎,50,80,80᠎,80,50,450᠎,,,,,,,,,,,,,,,,,,,,,,,,,,,,,,,,,,,,,,,,
,,,,No Item,,,Huge Power឵ ឵,,,,,,,,,,,,,,,,,,,,,,,,,,,,,,,,,,,,,,,,,,
,,,"Hasty (+Spe, -Def)",,,,,,12 IV,,,,,,,,,,,,,,,,,,,,,,,,,,,,,,,,,,,,,,,,
,,,Aqua Tail,,,,90,90%,10PP,,,,,,,,,,,,,,,,,,,,,,,,,,,,,,,,,,,,,,,,
,,,Play Rough (!),,,,90,90%,10PP,,,,,,,,,,,,,,,,,,,,,,,,,,,,,,,,,,,,,,,,
,,,Aqua Ring,,,,--,--,20PP,,,,,,,,,,,,,,,,,,,,,,,,,,,,,,,,,,,,,,,,
,,,Rain Dance,,,,--,--,5PP,,,,,,,,,,,,,,,,,,,,,,,,,,,,,,,,,,,,,,,,
,,,,,,,,,,,,,,,,,,,,,,,,,,,,,,,,,,,,,,,,,,,,,,,,,
,,,,,,,,,,,,,,,,,,,,,,,,,,,,,,,,,,,,,,,,,,,,,,,,,
,,ROUTE 213,,,,,,,,,,,,,,,,,,,,,,,,,,,,,,,,,,,,,,,,,,,,,,,
,,,,,,,,,,,,,,,,,,,,,,,,,,,,,,,,,,,,,,,,,,,,,,,,,
,,,,,,,,,,,,,,,,,,,,,,,,,,,,,,,,,,,,,,,,,,,,,,,,,
,,,,#184 Azumarill,,,,,Lv.37,,,,,,,,,,,,,,,,,,,,,,,,,,,,,,,,,,,,,,,,
,,,,,WATER,,,FAIRY឵ ឵,,,,,,,,,,,,,,,,,,,,,,,,,,,,,,,,,,,,,,,,,
,,TUBER CHELSEA [108],HP,Atk,Def,SpA,SpD,Spe,Total,,,,,,,,,,,,,,,,,,,,,,,,,,,,,,,,,,,,,,,,
,,,110᠎,50,80,80᠎,80,50,450᠎,,,,,,,,,,,,,,,,,,,,,,,,,,,,,,,,,,,,,,,,
,,Only female Tuber on the Route,,No Item,,,Huge Power឵ ឵,,,,,,,,,,,,,,,,,,,,,,,,,,,,,,,,,,,,,,,,,,
,,,Bashful (Neutral),,,,,,12 IV,,,,,,,,,,,,,,,,,,,,,,,,,,,,,,,,,,,,,,,,
,,,Aqua Tail,,,,90,90%,10PP,,,,,,,,,,,,,,,,,,,,,,,,,,,,,,,,,,,,,,,,
,,,Play Rough (!),,,,90,90%,10PP,,,,,,,,,,,,,,,,,,,,,,,,,,,,,,,,,,,,,,,,
,,(SPINNING BUT NEVER LOOKS TO THE RIGHT),Aqua Ring,,,,--,--,20PP,,,,,,,,,,,,,,,,,,,,,,,,,,,,,,,,,,,,,,,,
,,,Rain Dance,,,,--,--,5PP,,,,,,,,,,,,,,,,,,,,,,,,,,,,,,,,,,,,,,,,
,,,,,,,,,,,,,,,,,,,,,,,,,,,,,,,,,,,,,,,,,,,,,,,,,
,,,,,,,,,,,,,,,,,,,,,,,,,,,,,,,,,,,,,,,,,,,,,,,,,
,,,,,,,,,,,,,,,,,,,,,,,,,,,,,,,,,,,,,,,,,,,,,,,,,
,,,,#423 Gastrodon,,,,,Lv.37,,,,,,,,,,,,,,,,,,,,,,,,,,,,,,,,,,,,,,,,
,,,,,WATER,,,GROUND,,,,,,,,,,,,,,,,,,,,,,,,,,,,,,,,,,,,,,,,,
,,TUBER JARED [107],HP,Atk,Def,SpA,SpD,Spe,Total,,,,,,,,,,,,,,,,,,,,,,,,,,,,,,,,,,,,,,,,
,,,111,83,68,92,82,39,475,,,,,,,,,,,,,,,,,,,,,,,,,,,,,,,,,,,,,,,,
,,Only male Tuber on the Route,,No Item,,,Sticky Hold,,,,,,,,,,,,,,,,,,,,,,,,,,,,,,,,,,,,,,,,,,
,,,Hardy (Neutral),,,,,,12 IV,,,,,,,,,,,,,,,,,,,,,,,,,,,,,,,,,,,,,,,,
,,,Earth Power,,,,90,100%,10PP,,,,,,,,,,,,,,,,,,,,,,,,,,,,,,,,,,,,,,,,
,,,Sludge Bomb,,,,90,100%,10PP,,,,,,,,,,,,,,,,,,,,,,,,,,,,,,,,,,,,,,,,
,,,Muddy Water,,,,90᠋,85%,10PP,,,,,,,,,,,,,,,,,,,,,,,,,,,,,,,,,,,,,,,,
,,(WALKS BACK AND FORTH),Body Slam,,,,85,100%,15PP,,,,,,,,,,,,,,,,,,,,,,,,,,,,,,,,,,,,,,,,
,,,,,,,,,,,,,,,,,,,,,,,,,,,,,,,,,,,,,,,,,,,,,,,,,
,,,,,,,,,,,,,,,,,,,,,,,,,,,,,,,,,,,,,,,,,,,,,,,,,
,,,,,,,,,,,,,,,,,,,,,,,,,,,,,,,,,,,,,,,,,,,,,,,,,
,,,,#318 Carvanha,,,,,Lv.36,,,#223 Remoraid,,,,,Lv.36,,,#116 Horsea,,,,,Lv.36,,,,,,,,,,,,,,,,,,,,,,,,
,,,,,WATER,,,DARK,,,,,WATER,,,,,,,,WATER,,,,,,,,,,,,,,,,,,,,,,,,,,,,
,,FISHERMAN KENNETH [111],HP,Atk,Def,SpA,SpD,Spe,Total,,HP,Atk,Def,SpA,SpD,Spe,Total,,HP,Atk,Def,SpA,SpD,Spe,Total,,,,,,,,,,,,,,,,,,,,,,,,
,,,45,90,20,65,20,65,305,,35,65,35,65,35,65,300,,30,40,70,70,25,60,295,,,,,,,,,,,,,,,,,,,,,,,,
,,At the bottom of the beach there are two fishermen. Fisherman Kenneth is the one on the right.,,No Item,,,Speed Boost (!),,,,,No Item,,,Hustle,,,,,No Item,,,Swift Swim,,,,,,,,,,,,,,,,,,,,,,,,,,
,,,"Adamant (+Atk, -SpA)",,,,,,12 IV,,"Brave (+Atk, -Spe)",,,,,,12 IV,,"Naive (+Spe, -SpD)",,,,,,12 IV,,,,,,,,,,,,,,,,,,,,,,,,
,,,Waterfall,,,,80,100%,15PP,,Signal Beam,,,,75,100%,15PP,,Octazooka,,,,65,85%,10PP,,,,,,,,,,,,,,,,,,,,,,,,
,,He only fights you when talked to,Scary Face,,,,--,100%᠎,10PP,,Ice Beam,,,,90᠋,100%,10PP,,Agility,,,,--,--,30PP,,,,,,,,,,,,,,,,,,,,,,,,
,,,Crunch,,,,80,100%,15PP,,Seed Bomb,,,,80,100%,15PP,,Muddy Water,,,,90᠋,85%,10PP,,,,,,,,,,,,,,,,,,,,,,,,
,,,Poison Fang,,,,65᠎,95%᠋,15PP,,Flamethrower,,,,90᠋,100%,15PP,,Dragon Pulse,,,,85᠋,100%,10PP,,,,,,,,,,,,,,,,,,,,,,,,
,,,,,,,,,,,,,,,,,,,,,,,,,,,,,,,,,,,,,,,,,,,,,,,,,
,,,,,,,,,,,,,,,,,,,,,,,,,,,,,,,,,,,,,,,,,,,,,,,,,
,,,,,,,,,,,,,,,,,,,,,,,,,,,,,,,,,,,,,,,,,,,,,,,,,
,,,,#301 Delcatty,,,,,Lv.37,,,#053 Persian,,,,,Lv.37,,,,,,,,,,,,,,,,,,,,,,,,,,,,,,,,
,,,,,NORMAL,,,,,,,,NORMAL,,,,,,,,,,,,,,,,,,,,,,,,,,,,,,,,,,,,
,,BEAUTY CYNDY [346],HP,Atk,Def,SpA,SpD,Spe,Total,,HP,Atk,Def,SpA,SpD,Spe,Total,,,,,,,,,,,,,,,,,,,,,,,,,,,,,,,,
,,,70,95᠎,65,85᠎,55,95᠎,465᠎,,65,80᠎,60,80᠎,65,115,465᠎,,,,,,,,,,,,,,,,,,,,,,,,,,,,,,,,
,,,,No Item,,,Cute Charm,,,,,No Item,,,Technician឵ ឵,,,,,,,,,,,,,,,,,,,,,,,,,,,,,,,,,,
,,,"Gentle (+SpD, -Def)",,,,,,12 IV,,Serious (Neutral),,,,,,12 IV,,,,,,,,,,,,,,,,,,,,,,,,,,,,,,,,
,,The Collector looking around up the road does not fight you.,Fake Out,,,,40,100%,10PP,,Taunt,,,,--,100%,20PP,,,,,,,,,,,,,,,,,,,,,,,,,,,,,,,,
,,,Sing,,,,--,55%,15PP,,Power Gem,,,,80᠎,100%,20PP,,,,,,,,,,,,,,,,,,,,,,,,,,,,,,,,
,,,Attract,,,,--,100%,15PP,,Assurance,,,,60᠎,100%,10PP,,,,,,,,,,,,,,,,,,,,,,,,,,,,,,,,
,,(LOOKS LEFT AND RIGHT),Double Slap,,,,15,85%,10PP,,Hypnosis,,,,--,60%᠋,20PP,,,,,,,,,,,,,,,,,,,,,,,,,,,,,,,,
,,,,,,,,,,,,,,,,,,,,,,,,,,,,,,,,,,,,,,,,,,,,,,,,,
,,,,,,,,,,,,,,,,,,,,,,,,,,,,,,,,,,,,,,,,,,,,,,,,,
,,PASTORIA CITY POKEMON CENTER,,,,,,,,,,,,,,,,,,,,,,,,,,,,,,,,,,,,,,,,,,,,,,,
,,,,,,,,,,,,,,,,,,,,,,,,,,,,,,,,,,,,,,,,,,,,,,,,,
,,,,,,,,,,,,,,,,,,,,,,,,,,,,,,,,,,,,,,,,,,,,,,,,,
,,,,#402 Kricketune,,,,,Lv.30,,,#101 Electrode,,,,,Lv.30,,,,,,,,,,,,,,,,,,,,,,,,,,,,,,,,
,,,,,BUG,,,,,,,,ELECTRIC,,,,,,,,,,,,,,,,,,,,,,,,,,,,,,,,,,,,
,,GUITARIST ARTURO [877],HP,Atk,Def,SpA,SpD,Spe,Total,,HP,Atk,Def,SpA,SpD,Spe,Total,,,,,,,,,,,,,,,,,,,,,,,,,,,,,,,,
,,,80᠎,115᠎,70᠎,50᠋,70᠎,65,450᠎,,60,50,70,80,80,150᠎,490᠎,,,,,,,,,,,,,,,,,,,,,,,,,,,,,,,,
,,Only fights you when talked to,,No Item,,,Technician (!),,,,,No Item,,,Soundproof,,,,,,,,,,,,,,,,,,,,,,,,,,,,,,,,,,
,,,"Lonely (+Atk, -Def)",,,,,,12 IV,,"Mild (+SpA, -Def)",,,,,,12 IV,,,,,,,,,,,,,,,,,,,,,,,,,,,,,,,,
,,,Focus Energy,,,,--,--,30PP,,Charge Beam,,,,50,90%,10PP,,,,,,,,,,,,,,,,,,,,,,,,,,,,,,,,
,,,Slash,,,,70,100%,20PP,,Swift,,,,60,--,20PP,,,,,,,,,,,,,,,,,,,,,,,,,,,,,,,,
,,,Night Slash,,,,70,100%,15PP,,Self-Destruct,,,,200,100%,5PP,,,,,,,,,,,,,,,,,,,,,,,,,,,,,,,,
,,,X-Scissor,,,,80,100%,15PP,,Discharge,,,,80,100%,15PP,,,,,,,,,,,,,,,,,,,,,,,,,,,,,,,,
,,,,,,,,,,,,,,,,,,,,,,,,,,,,,,,,,,,,,,,,,,,,,,,,,
,,,,,,,,,,,,,,,,,,,,,,,,,,,,,,,,,,,,,,,,,,,,,,,,,
,,ROUTE 212 ~ SOUTH,,,,,,,,,,,,,,,,,,,,,,,,,,,,,,,,,,,,,,,,,,,,,,,
,,,,,,,,,,,,,,,,,,,,,,,,,,,,,,,,,,,,,,,,,,,,,,,,,
,,,,,,,,,,,,,,,,,,,,,,,,,,,,,,,,,,,,,,,,,,,,,,,,,
,,,,#455 Carnivine,,,,,Lv.39,,,#352 Kecleon,,,,,Lv.39,,,#125 Electabuzz,,,,,Lv.39,,,,,,,,,,,,,,,,,,,,,,,,
,,,,,GRASS,,,,,,,,NORMAL,,,,,,,,ELECTRIC,,,,,,,,,,,,,,,,,,,,,,,,,,,,
,,PKMN RANGER TAYLOR [94],HP,Atk,Def,SpA,SpD,Spe,Total,,HP,Atk,Def,SpA,SpD,Spe,Total,,HP,Atk,Def,SpA,SpD,Spe,Total,,,,,,,,,,,,,,,,,,,,,,,,
,,Raining,74,110᠎,72,100᠎,72,36᠋,464᠎,,60,100᠎,70,60,120,40,450᠎,,65,83,57,95,85,105,490,,,,,,,,,,,,,,,,,,,,,,,,
,,First trainer on the route when coming from Pastoria City,,No Item,,,Levitate,,,,,No Item,,,Color Change,,,,,No Item,,,Static,,,,,,,,,,,,,,,,,,,,,,,,,,
,,,"Lonely (+Atk, -Def)",,,,,,24 IV,,Bashful (Neutral),,,,,,24 IV,,"Calm (+SpD, -Atk)",,,,,,24 IV,,,,,,,,,,,,,,,,,,,,,,,,
,,,Spit Up,,,,--,100%,10PP,,Fake Out,,,,40,100%,10PP,,Brick Break,,,,75,100%,15PP,,,,,,,,,,,,,,,,,,,,,,,,
,,,Swallow,,,,--,--,10PP,,Camouflage,,,,--,--,20PP,,Discharge,,,,80,100%,15PP,,,,,,,,,,,,,,,,,,,,,,,,
,,,Crunch,,,,80,100%,15PP,,Shadow Claw,,,,80᠎,100%,15PP,,Screech,,,,--,85%,40PP,,,,,,,,,,,,,,,,,,,,,,,,
,,,Energy Ball,,,,90᠎,100%,10PP,,Screech,,,,--,85%,40PP,,Cross Chop,,,,100,80%,5PP,,,,,,,,,,,,,,,,,,,,,,,,
,,,,,,,,,,,,,,,,,,,,,,,,,,,,,,,,,,,,,,,,,,,,,,,,,
,,,,,,,,,,,,,,,,,,,,,,,,,,,,,,,,,,,,,,,,,,,,,,,,,
,,,,,,,,,,,,,,,,,,,,,,,,,,,,,,,,,,,,,,,,,,,,,,,,,
,,,,#117 Seadra,,,,,Lv.38,,,#055 Golduck,,,,,Lv.38,,,,,,,,,,,,,,,,,,,,,,,,,,,,,,,,
,,,,,WATER,,,,,,,,WATER,,,PSYCHIC ឵,,,,,,,,,,,,,,,,,,,,,,,,,,,,,,,,,
,,PARASOL LADY ALEXA [327],HP,Atk,Def,SpA,SpD,Spe,Total,,HP,Atk,Def,SpA,SpD,Spe,Total,,,,,,,,,,,,,,,,,,,,,,,,,,,,,,,,
,,Raining,55,65,95,95,45,85,440,,80,82,78,95,80,85,500,,,,,,,,,,,,,,,,,,,,,,,,,,,,,,,,
,,Parasol Lady closest to the Move Tutor house,,No Item,,,Poison Point,,,,,No Item,,,Damp,,,,,,,,,,,,,,,,,,,,,,,,,,,,,,,,,,
,,,"Rash (+SpA, -SpD)",,,,,,12 IV,,"Hasty (+Spe, -Def)",,,,,,12 IV,,,,,,,,,,,,,,,,,,,,,,,,,,,,,,,,
,,,Octazooka,,,,65,85%,10PP,,Aqua Tail,,,,90,90%,10PP,,,,,,,,,,,,,,,,,,,,,,,,,,,,,,,,
,,,Agility,,,,--,--,30PP,,Power Gem,,,,80᠎,100%,20PP,,,,,,,,,,,,,,,,,,,,,,,,,,,,,,,,
,,,Muddy Water,,,,90᠋,85%,10PP,,Psychic,,,,90,100%,10PP,,,,,,,,,,,,,,,,,,,,,,,,,,,,,,,,
,,(SPINS REGULARLY),Dragon Pulse,,,,85᠋,100%,10PP,,Psych Up,,,,--,--,10PP,,,,,,,,,,,,,,,,,,,,,,,,,,,,,,,,
,,,,,,,,,,,,,,,,,,,,,,,,,,,,,,,,,,,,,,,,,,,,,,,,,
,,,,,,,,,,,,,,,,,,,,,,,,,,,,,,,,,,,,,,,,,,,,,,,,,
,,,,,,,,,,,,,,,,,,,,,,,,,,,,,,,,,,,,,,,,,,,,,,,,,
,,,,#082 Magneton,,,,,Lv.37,,,#101 Electrode,,,,,Lv.37,,,#233 Porygon2,,,,,Lv.37,,,,,,,,,,,,,,,,,,,,,,,,
,,,,,ELECTRIC,,,STEEL,,,,,ELECTRIC,,,,,,,,NORMAL,,,,,,,,,,,,,,,,,,,,,,,,,,,,
,,SCIENTIST SHAUN [486],HP,Atk,Def,SpA,SpD,Spe,Total,,HP,Atk,Def,SpA,SpD,Spe,Total,,HP,Atk,Def,SpA,SpD,Spe,Total,,,,,,,,,,,,,,,,,,,,,,,,
,,Raining,50,60,95,120,70,70,465,,60,50,70,80,80,150᠎,490᠎,,85,80,90,105,95,60,515,,,,,,,,,,,,,,,,,,,,,,,,
,,First trainer you can fight when taking the top path of the route (accessible through riding the bike on the tight plank),,No Item,,,Magnet Pull,,,,,No Item,,,Soundproof,,,,,No Item,,,Trace,,,,,,,,,,,,,,,,,,,,,,,,,,
,,,Quirky (Neutral),,,,,,12 IV,,Quirky (Neutral),,,,,,12 IV,,Bashful (Neutral),,,,,,12 IV,,,,,,,,,,,,,,,,,,,,,,,,
,,,Discharge,,,,80,100%,15PP,,Self-Destruct,,,,200,100%,5PP,,Discharge,,,,80,100%,15PP,,,,,,,,,,,,,,,,,,,,,,,,
,,,Tri Attack,,,,80,100%,10PP,,Discharge,,,,80,100%,15PP,,Lock-On,,,,--,--,5PP,,,,,,,,,,,,,,,,,,,,,,,,
,,can use : 1 X SPECIAL,Flash Cannon,,,,80,100%,10PP,,Light Screen,,,,--,--,30PP,,Magic Coat,,,,--,--,15PP,,,,,,,,,,,,,,,,,,,,,,,,
,,(LOOKS UP AND RIGHT),Screech,,,,--,85%,40PP,,Magnet Rise,,,,--,--,10PP,,Thunderbolt,,,,90᠋,100%,15PP,,,,,,,,,,,,,,,,,,,,,,,,
,,,,,,,,,,,,,,,,,,,,,,,,,,,,,,,,,,,,,,,,,,,,,,,,,
,,,,,,,,,,,,,,,,,,,,,,,,,,,,,,,,,,,,,,,,,,,,,,,,,
,,,,,,,,,,,,,,,,,,,,,,,,,,,,,,,,,,,,,,,,,,,,,,,,,
,,,,#351 Castform,,,,,Lv.39,,,,,,,,,,,,,,,,,,,,,,,,,,,,,,,,,,,,,,,,
,,,,,NORMAL,,,,,,,,,,,,,,,,,,,,,,,,,,,,,,,,,,,,,,,,,,,,
,,PARASOL LADY SABRINA [328],HP,Atk,Def,SpA,SpD,Spe,Total,,,,,,,,,,,,,,,,,,,,,,,,,,,,,,,,,,,,,,,,
,,Raining,60᠋,60᠋,60᠋,105᠎,70,95᠎,450᠎,,,,,,,,,,,,,,,,,,,,,,,,,,,,,,,,,,,,,,,,
,,Due to permanent rain on this route #351 Castform is Water type here,,No Item,,,Forecast,,,,,,,,,,,,,,,,,,,,,,,,,,,,,,,,,,,,,,,,,,
,,,Hardy (Neutral),,,,,,12 IV,,,,,,,,,,,,,,,,,,,,,,,,,,,,,,,,,,,,,,,,
,,Second trainer you can fight when taking the top path of the route (accessible through riding the bike on the tight plank),Weather Ball,,,,50,100%,10PP,,,,,,,,,,,,,,,,,,,,,,,,,,,,,,,,,,,,,,,,
,,,Hydro Pump,,,,110᠋,80%,5PP,,,,,,,,,,,,,,,,,,,,,,,,,,,,,,,,,,,,,,,,
,,,Fire Blast,,,,110᠋,85%,5PP,,,,,,,,,,,,,,,,,,,,,,,,,,,,,,,,,,,,,,,,
,,(LOOKS DOWN AND LEFT),Blizzard,,,,110᠋,70%,5PP,,,,,,,,,,,,,,,,,,,,,,,,,,,,,,,,,,,,,,,,
,,,,,,,,,,,,,,,,,,,,,,,,,,,,,,,,,,,,,,,,,,,,,,,,,
,,,,,,,,,,,,,,,,,,,,,,,,,,,,,,,,,,,,,,,,,,,,,,,,,
,,,,,,,,,,,,,,,,,,,,,,,,,,,,,,,,,,,,,,,,,,,,,,,,,
,,,,#090 Shellder,,,,,Lv.36,,,#366 Clamperl,,,,,Lv.36,,,#091 Cloyster,,,,,Lv.39,,,,,,,,,,,,,,,,,,,,,,,,
,,,,,WATER,,,,,,,,WATER,,,,,,,,WATER,,,ICE,,,,,,,,,,,,,,,,,,,,,,,,,
,,FISHERMAN JUAN [91],HP,Atk,Def,SpA,SpD,Spe,Total,,HP,Atk,Def,SpA,SpD,Spe,Total,,HP,Atk,Def,SpA,SpD,Spe,Total,,,,,,,,,,,,,,,,,,,,,,,,
,,Raining,30,65,100,45,25,40,305,,35,64,85,74,55,32,345,,50,95,180,85,45,70,525,,,,,,,,,,,,,,,,,,,,,,,,
,,First fisherman on the bridge. He's looking up.,,No Item,,,Skill Link឵ ឵,,,,,No Item,,,Shell Armor,,,,,No Item,,,Skill Link឵ ឵,,,,,,,,,,,,,,,,,,,,,,,,,,
,,,"Naive (+Spe, -SpD)",,,,,,12 IV,,"Calm (+SpD, -Atk)",,,,,,12 IV,,"Quiet (+SpA, -Spe)",,,,,,12 IV,,,,,,,,,,,,,,,,,,,,,,,,
,,Only fights you if you talk to him,Whirlpool,,,,35᠎,85%᠎,15PP,,Whirlpool,,,,35᠎,85%᠎,15PP,,Spike Cannon,,,,20,100%,15PP,,,,,,,,,,,,,,,,,,,,,,,,
,,,Iron Defense,,,,--,--,15PP,,Iron Defense,,,,--,--,15PP,,Spikes,,,,--,--,20PP,,,,,,,,,,,,,,,,,,,,,,,,
,,,Ice Beam,,,,90᠋,100%,10PP,,Water Pulse,,,,60,100%,20PP,,Twineedle,,,,25,100%,20PP,,,,,,,,,,,,,,,,,,,,,,,,
,,,Aqua Ring,,,,--,--,20PP,,Muddy Water,,,,90᠋,85%,10PP,,Rock Blast,,,,25,90%᠎,10PP,,,,,,,,,,,,,,,,,,,,,,,,
,,,,,,,,,,,,,,,,,,,,,,,,,,,,,,,,,,,,,,,,,,,,,,,,,
,,,,,,,,,,,,,,,,,,,,,,,,,,,,,,,,,,,,,,,,,,,,,,,,,
,,,,,,,,,,,,,,,,,,,,,,,,,,,,,,,,,,,,,,,,,,,,,,,,,
,,,,#223 Remoraid,,,,,Lv.36,,,#118 Goldeen,,,,,Lv.36,,,#224 Octillery,,,,,Lv.39,,,,,,,,,,,,,,,,,,,,,,,,
,,,,,WATER,,,,,,,,WATER,,,,,,,,WATER,,,,,,,,,,,,,,,,,,,,,,,,,,,,
,,FISHERMAN JOSH [92],HP,Atk,Def,SpA,SpD,Spe,Total,,HP,Atk,Def,SpA,SpD,Spe,Total,,HP,Atk,Def,SpA,SpD,Spe,Total,,,,,,,,,,,,,,,,,,,,,,,,
,,Raining,35,65,35,65,35,65,300,,45,77᠎,60,25᠋,50,73᠎,330᠎,,75,105,75,105,75,45,480,,,,,,,,,,,,,,,,,,,,,,,,
,,Fisherman on the bridge going up. He's looking to the left.,,No Item,,,Hustle,,,,,No Item,,,Swift Swim,,,,,No Item,,,Suction Cups,,,,,,,,,,,,,,,,,,,,,,,,,,
,,,"Naive (+Spe, -SpD)",,,,,,12 IV,,"Careful (+SpD, -SpA)",,,,,,12 IV,,"Quiet (+SpA, -Spe)",,,,,,12 IV,,,,,,,,,,,,,,,,,,,,,,,,
,,Only fights you if you talk to him,Signal Beam,,,,75,100%,15PP,,Agility,,,,--,--,30PP,,Octazooka,,,,65,85%,10PP,,,,,,,,,,,,,,,,,,,,,,,,
,,You can take this path and then two tight planks (one going down and one left) to get to TM84s Poison Jab,Ice Beam,,,,90᠋,100%,10PP,,Body Slam,,,,85,100%,15PP,,Signal Beam,,,,75,100%,15PP,,,,,,,,,,,,,,,,,,,,,,,,
,,,Seed Bomb,,,,80,100%,15PP,,Aqua Tail,,,,90,90%,10PP,,Ice Beam,,,,90᠋,100%,10PP,,,,,,,,,,,,,,,,,,,,,,,,
,,,Flamethrower,,,,90᠋,100%,15PP,,Knock Off,,,,65᠎,100%,20PP,,Seed Bomb,,,,80,100%,15PP,,,,,,,,,,,,,,,,,,,,,,,,
,,,,,,,,,,,,,,,,,,,,,,,,,,,,,,,,,,,,,,,,,,,,,,,,,
,,,,,,,,,,,,,,,,,,,,,,,,,,,,,,,,,,,,,,,,,,,,,,,,,
,,,,,,,,,,,,,,,,,,,,,,,,,,,,,,,,,,,,,,,,,,,,,,,,,
,,,,#339 Barboach,,,,,Lv.38,,,#211 Qwilfish,,,,,Lv.38,,,,,,,,,,,,,,,,,,,,,,,,,,,,,,,,
,,,,,WATER,,,GROUND,,,,,WATER,,,POISON,,,,,,,,,,,,,,,,,,,,,,,,,,,,,,,,,
,,FISHERMAN TRAVIS [93],HP,Atk,Def,SpA,SpD,Spe,Total,,HP,Atk,Def,SpA,SpD,Spe,Total,,,,,,,,,,,,,,,,,,,,,,,,,,,,,,,,
,,Raining,50,48,43,46,41,60,288,,65,95,95᠎,45᠋,55,95᠎,450᠎,,,,,,,,,,,,,,,,,,,,,,,,,,,,,,,,
,,Fisherman on the bridge going left. He's looking down.,,No Item,,,Oblivious,,,,,No Item,,,Poison Point,,,,,,,,,,,,,,,,,,,,,,,,,,,,,,,,,,
,,,"Lonely (+Atk, -Def)",,,,,,12 IV,,"Naughty (+Atk, -SpD)",,,,,,12 IV,,,,,,,,,,,,,,,,,,,,,,,,,,,,,,,,
,,Only fights you if you talk to him,Earth Power,,,,90,100%,10PP,,Poison Jab,,,,80,100%,20PP,,,,,,,,,,,,,,,,,,,,,,,,,,,,,,,,
,,,Muddy Water,,,,90᠋,85%,10PP,,Revenge,,,,60,100%,10PP,,,,,,,,,,,,,,,,,,,,,,,,,,,,,,,,
,,,Future Sight,,,,120᠎,100%᠎,10PP᠋,,Aqua Tail,,,,90,90%,10PP,,,,,,,,,,,,,,,,,,,,,,,,,,,,,,,,
,,,Earthquake,,,,100,100%,10PP,,Pin Missile,,,,25᠎,95%᠎,20PP,,,,,,,,,,,,,,,,,,,,,,,,,,,,,,,,
,,,,,,,,,,,,,,,,,,,,,,,,,,,,,,,,,,,,,,,,,,,,,,,,,
,,,,,,,,,,,,,,,,,,,,,,,,,,,,,,,,,,,,,,,,,,,,,,,,,
,,,,,,,,,,,,,,,,,,,,,,,,,,,,,,,,,,,,,,,,,,,,,,,,,
,,,,#197 Umbreon,,,,,Lv.37,,,#196 Espeon,,,,,Lv.37,,,#471 Glaceon,,,,,Lv.37,,,,,,,,,,,,,,,,,,,,,,,,
,,,,,DARK,,,,,,,,PSYCHIC,,,,,,,,ICE,,,,,,,,,,,,,,,,,,,,,,,,,,,,
,,COLLECTOR DEAN [381],HP,Atk,Def,SpA,SpD,Spe,Total,,HP,Atk,Def,SpA,SpD,Spe,Total,,HP,Atk,Def,SpA,SpD,Spe,Total,,,,,,,,,,,,,,,,,,,,,,,,
,,Raining,95,65,110,60,130,65,525,,65,65,60,130,95,110,525,,65,60,110,130,65᠋,95᠎,525,,,,,,,,,,,,,,,,,,,,,,,,
,,Collector past Fisherman Travis. When you go past him and atop the stairs you can access TM62s Bug Buzz across the tight plank going right,,No Item,,,Synchronize,,,,,No Item,,,Synchronize,,,,,No Item,,,Snow Cloak,,,,,,,,,,,,,,,,,,,,,,,,,,
,,,"Timid (+Spe, -Atk)",,,,,,12 IV,,"Calm (+SpD, -Atk)",,,,,,12 IV,,"Calm (+SpD, -Atk)",,,,,,12 IV,,,,,,,,,,,,,,,,,,,,,,,,
,,,Play Rough (!),,,,90,90%,10PP,,Power Gem,,,,80᠎,100%,20PP,,Extrasensory,,,,80,100%,20PP᠋,,,,,,,,,,,,,,,,,,,,,,,,
,,,Moonlight,,,,--,--,5PP,,Morning Sun,,,,--,--,5PP,,Barrier,,,,--,--,20PP᠋,,,,,,,,,,,,,,,,,,,,,,,,
,,,Sucker Punch,,,,70᠋,100%,5PP,,Psychic,,,,90,100%,10PP,,Ice Beam,,,,90᠋,100%,10PP,,,,,,,,,,,,,,,,,,,,,,,,
,,(LOOKS UP AND RIGHT),Gunk Shot,,,,120,80%᠎,5PP,,Aura Sphere,,,,80᠋,--,20PP,,Earth Power,,,,90,100%,10PP,,,,,,,,,,,,,,,,,,,,,,,,
,,,,,,,,,,,,,,,,,,,,,,,,,,,,,,,,,,,,,,,,,,,,,,,,,
,,,,,,,,,,,,,,,,,,,,,,,,,,,,,,,,,,,,,,,,,,,,,,,,,
,,,,,,,,,,,,,,,,,,,,,,,,,,,,,,,,,,,,,,,,,,,,,,,,,
,,,,#058 Growlithe,,,,,Lv.37,,,#067 Machoke,,,,,Lv.37,,,#164 Noctowl,,,,,Lv.37,,,,,,,,,,,,,,,,,,,,,,,,
,,,,,FIRE,,,,,,,,FIGHTING,,,,,,,,PSYCHIC឵ ឵,,,FLYING,,,,,,,,,,,,,,,,,,,,,,,,,
,,POLICEMAN DANNY [332],HP,Atk,Def,SpA,SpD,Spe,Total,,HP,Atk,Def,SpA,SpD,Spe,Total,,HP,Atk,Def,SpA,SpD,Spe,Total,,,,,,,,,,,,,,,,,,,,,,,,
,,Raining,55,70,45,70,50,60,350,,80,100,70,50,60,45,405,,100,40᠋,40᠋,106᠎,116᠎,60᠋,462᠎,,,,,,,,,,,,,,,,,,,,,,,,
,,Can be fought at night,,No Item,,,Intimidate,,,,,No Item,,,Guts,,,,,No Item,,,Tinted Lens (!),,,,,,,,,,,,,,,,,,,,,,,,,,
,,Policeman on the ground past Collector Dean,"Mild (+SpA, -Def)",,,,,,12 IV,,Quirky (Neutral),,,,,,12 IV,,"Modest (+SpA, -Atk)",,,,,,12 IV,,,,,,,,,,,,,,,,,,,,,,,,
,,,Flamethrower,,,,90᠋,100%,15PP,,Vital Throw,,,,70,--,10PP,,Psycho Shift,,,,--,100%᠎,10PP,,,,,,,,,,,,,,,,,,,,,,,,
,,,Crunch,,,,80,100%,15PP,,Wake-Up Slap,,,,70᠎,100%,10PP,,Air Slash,,,,75,95%,15PP᠋,,,,,,,,,,,,,,,,,,,,,,,,
,,,Outrage,,,,120,100%,10PP᠋,,Payback,,,,50,100%,10PP,,Reflect,,,,--,--,20PP,,,,,,,,,,,,,,,,,,,,,,,,
,,(LOOKS LEFT AND DOWN),Heat Wave,,,,95᠋,90%,10PP,,Counter,,,,--,100%,20PP,,Psychic,,,,90,100%,10PP,,,,,,,,,,,,,,,,,,,,,,,,
,,,,,,,,,,,,,,,,,,,,,,,,,,,,,,,,,,,,,,,,,,,,,,,,,
,,,,,,,,,,,,,,,,,,,,,,,,,,,,,,,,,,,,,,,,,,,,,,,,,
,,,,,,,,,,,,,,,,,,,,,,,,,,,,,,,,,,,,,,,,,,,,,,,,,
,,,,#089 Muk,,,,,Lv.38,,,#110 Weezing,,,,,Lv.38,,,,,,,,,,,,,,,,,,,,,,,,,,,,,,,,
,,,,,POISON,,,,,,,,POISON,,,,,,,,,,,,,,,,,,,,,,,,,,,,,,,,,,,,
,,SCIENTIST STEFANO [99],HP,Atk,Def,SpA,SpD,Spe,Total,,HP,Atk,Def,SpA,SpD,Spe,Total,,,,,,,,,,,,,,,,,,,,,,,,,,,,,,,,
,,Raining,105,105,75,65,100,50,500,,65,90,120,85,70,60,490,,,,,,,,,,,,,,,,,,,,,,,,,,,,,,,,
,,Scientist on the bottom path of the route,,No Item,,,Stench,,,,,No Item,,,Levitate,,,,,,,,,,,,,,,,,,,,,,,,,,,,,,,,,,
,,,Docile (Neutral),,,,,,12 IV,,"Sassy (+SpD, -Spe)",,,,,,12 IV,,,,,,,,,,,,,,,,,,,,,,,,,,,,,,,,
,,Defends a Full Heal,Poison Jab,,,,80,100%,20PP,,Lava Plume,,,,80,100%,15PP,,,,,,,,,,,,,,,,,,,,,,,,,,,,,,,,
,,,Payback,,,,50,100%,10PP,,Destiny Bond,,,,--,--,5PP,,,,,,,,,,,,,,,,,,,,,,,,,,,,,,,,
,,can use : 1 X DEFEND,Screech,,,,--,85%,40PP,,Double Hit,,,,35,90%,10PP,,,,,,,,,,,,,,,,,,,,,,,,,,,,,,,,
,,(LOOKS LEFT AND DOWN),Sludge Bomb,,,,90,100%,10PP,,Dark Pulse,,,,80,100%,15PP,,,,,,,,,,,,,,,,,,,,,,,,,,,,,,,,
,,,,,,,,,,,,,,,,,,,,,,,,,,,,,,,,,,,,,,,,,,,,,,,,,
,,,,,,,,,,,,,,,,,,,,,,,,,,,,,,,,,,,,,,,,,,,,,,,,,
,,,,,,,,,,,,,,,,,,,,,,,,,,,,,,,,,,,,,,,,,,,,,,,,,
,,,,#126 Magmar,,,,,Lv.39,,,#310 Manectric,,,,,Lv.39,,,#034 Nidoking,,,,,Lv.39,,,,,,,,,,,,,,,,,,,,,,,,
,,,,,FIRE,,,,,,,,ELECTRIC,,,,,,,,POISON,,,GROUND,,,,,,,,,,,,,,,,,,,,,,,,,
,,PKMN RANGER JEFFREY [95],HP,Atk,Def,SpA,SpD,Spe,Total,,HP,Atk,Def,SpA,SpD,Spe,Total,,HP,Atk,Def,SpA,SpD,Spe,Total,,,,,,,,,,,,,,,,,,,,,,,,
,,Raining,65,95,57,100,85,93,495,,70,75,60,105,60,105,475,,81,102᠎,77,85,75,85,505᠎,,,,,,,,,,,,,,,,,,,,,,,,
,,Can be fought alone or with PKMN Ranger Allison but has to be fought,,No Item,,,Flame Body,,,,,No Item,,,Static,,,,,No Item,,,Poison Point,,,,,,,,,,,,,,,,,,,,,,,,,,
,,,"Rash (+SpA, -SpD)",,,,,,24 IV,,"Jolly (+Spe, -SpA)",,,,,,24 IV,,"Hasty (+Spe, -Def)",,,,,,24 IV,,,,,,,,,,,,,,,,,,,,,,,,
,,,Brick Break,,,,75,100%,15PP,,Fire Fang,,,,65,95%,15PP,,Double Kick,,,,30,100%,30PP,,,,,,,,,,,,,,,,,,,,,,,,
,,His team is on the left side of the double battle,Lava Plume,,,,80,100%,15PP,,Ice Fang,,,,65,95%,15PP,,Poison Sting,,,,15,100%,35PP,,,,,,,,,,,,,,,,,,,,,,,,
,,,Sunny Day,,,,--,--,5PP,,Discharge,,,,80,100%,15PP,,Thrash,,,,120᠎,100%,10PP᠋,,,,,,,,,,,,,,,,,,,,,,,,
,,,Cross Chop,,,,100,80%,5PP,,Crunch,,,,80,100%,15PP,,Earth Power,,,,90,100%,10PP,,,,,,,,,,,,,,,,,,,,,,,,
,,,,,,,,,,,,,,,,,,,,,,,,,,,,,,,,,,,,,,,,,,,,,,,,,
,,,,,,,,,,,,,,,,,,,,,,,,,,,,,,,,,,,,,,,,,,,,,,,,,
,,,,#350 Milotic,,,,,Lv.39,,,#470 Leafeon,,,,,Lv.39,,,#124 Jynx,,,,,Lv.39,,,,,,,,,,,,,,,,,,,,,,,,
,,,,,WATER,,,FAIRY឵ ឵,,,,,GRASS,,,,,,,,ICE,,,PSYCHIC,,,,,,,,,,,,,,,,,,,,,,,,,
,,PKMN RANGER ALLISON [96],HP,Atk,Def,SpA,SpD,Spe,Total,,HP,Atk,Def,SpA,SpD,Spe,Total,,HP,Atk,Def,SpA,SpD,Spe,Total,,,,,,,,,,,,,,,,,,,,,,,,
,,Raining,95,60,79,100,125,81,540,,65,110,130,60,65,95,525,,75᠎,40᠋,35,125᠎,95,95,465᠎,,,,,,,,,,,,,,,,,,,,,,,,
,,Can be fought alone or with PKMN Ranger Jeffrey but has to be fought,,No Item,,,Marvel Scale,,,,,No Item,,,Leaf Guard,,,,,No Item,,,Dry Skin (!),,,,,,,,,,,,,,,,,,,,,,,,,,
,,,Serious (Neutral),,,,,,12 IV,,"Careful (+SpD, -SpA)",,,,,,12 IV,,"Lax (+Def, -SpD)",,,,,,12 IV,,,,,,,,,,,,,,,,,,,,,,,,
,,,Hypnosis,,,,--,60%᠋,20PP,,Night Slash,,,,70,100%,15PP,,Wake-Up Slap,,,,70᠎,100%,10PP,,,,,,,,,,,,,,,,,,,,,,,,
,,Her team is on the right side of the double battle,Attract,,,,--,100%,15PP,,Swords Dance,,,,--,--,20PP᠎,,Ice Beam,,,,90᠋,100%,10PP,,,,,,,,,,,,,,,,,,,,,,,,
,,,Moonblast (!),,,,95,100%,15PP,,Leaf Blade,,,,90,100%,15PP,,Wring Out,,,,--,100%,5PP,,,,,,,,,,,,,,,,,,,,,,,,
,,,Dragon Pulse,,,,85᠋,100%,10PP,,Psycho Cut,,,,70,100%,20PP,,Body Slam,,,,85,100%,15PP,,,,,,,,,,,,,,,,,,,,,,,,
,,,,,,,,,,,,,,,,,,,,,,,,,,,,,,,,,,,,,,,,,,,,,,,,,
,,,,,,,,,,,,,,,,,,,,,,,,,,,,,,,,,,,,,,,,,,,,,,,,,
,,PASTORIA CITY,,,,,,,,,,,,,,,,,,,,,,,,,,,,,,,,,,,,,,,,,,,,,,,
,,,,,,,,,,,,,,,,,,,,,,,,,,,,,,,,,,,,,,,,,,,,,,,,,
,,,,,,,,,,,,,,,,,,,,,,,,,,,,,,,,,,,,,,,,,,,,,,,,,
,,,,#398 Staraptor,,,,,Lv.41,,,#214 Heracross,,,,,Lv.41,,,#143 Snorlax,,,,,Lv.41,,,#184 Azumarill,,,,,Lv.41,,,#059 Arcanine,,,,,Lv.41,,,#389 Torterra,,,,,Lv.42
,,,,,NORMAL,,,FLYING,,,,,BUG,,,FIGHTING,,,,,NORMAL,,,,,,,,WATER,,,FAIRY឵ ឵,,,,,FIRE,,,,,,,,GRASS,,,GROUND,
,,PKMN TRAINER BARRY [473],HP,Atk,Def,SpA,SpD,Spe,Total,,HP,Atk,Def,SpA,SpD,Spe,Total,,HP,Atk,Def,SpA,SpD,Spe,Total,,HP,Atk,Def,SpA,SpD,Spe,Total,,HP,Atk,Def,SpA,SpD,Spe,Total,,HP,Atk,Def,SpA,SpD,Spe,Total
,,(IF YOU CHOSE PIPLUP),85,120,70,50,60᠎,100,485᠎,,80,125,75,40,95,85,500,,160,110,65,65,110,30,540,,110᠎,50,80,80᠎,80,50,450᠎,,90,110,80,100,80,95,555,,95,114᠎,110᠎,75,85,56,535᠎
,,Fights you when you walk to the door of the Pastoria Gym,,Muscle Band,,,Reckless (!),,,,,Coba Berry,,,Guts ឵,,,,,Leftovers,,,Thick Fat឵ ឵,,,,,Life Orb,,,Huge Power឵ ឵,,,,,Expert Belt,,,Intimidate,,,,,Sitrus Berry,,,Overgrow,,
,,,"Gentle (+SpD, -Def)",,,,,,31 IV,,"Naive (+Spe, -SpD)",,,,,,31 IV,,"Impish (+Def, -SpA)",,,,,,31 IV,,Docile (Neutral),,,,,,31 IV,,"Hasty (+Spe, -Def)",,,,,,31 IV,,"Rash (+SpA, -SpD)",,,,,,31 IV
,,,Double-Edge,,,,120,100%,15PP,,Megahorn,,,,120,85%,10PP,,Body Slam,,,,85,100%,15PP,,Aqua Tail,,,,90,90%,10PP,,Heat Wave,,,,95᠋,90%,10PP,,Seed Bomb,,,,80,100%,15PP
,,,Close Combat,,,,120,100%,5PP,,Brick Break,,,,75,100%,15PP,,Crunch,,,,80,100%,15PP,,Play Rough (!),,,,90,90%,10PP,,Thunder Fang,,,,65,95%,15PP,,Earthquake,,,,100,100%,10PP
,,,Aerial Ace,,,,60,--,20PP,,Bullet Seed,,,,25᠎,100%,30PP,,Rest,,,,--,--,10PP,,Body Slam,,,,85,100%,15PP,,Outrage,,,,120,100%,10PP᠋,,Crunch,,,,80,100%,15PP
,,,Roost,,,,--,--,10PP,,Night Slash,,,,70,100%,15PP,,Sleep Talk,,,,--,--,10PP,,Aqua Jet,,,,40,100%,20PP,,Crunch,,,,80,100%,15PP,,Iron Head,,,,80,100%,15PP
,,,,,,,,,,,,,,,,,,,,,,,,,,,,,,,,,,,,,,,,,,,,,,,,,
,,,,,,,,,,,,,,,,,,,,,,,,,,,,,,,,,,,,,,,,,,,,,,,,,
,,,,,,,,,,,,,,,,,,,,,,,,,,,,,,,,,,,,,,,,,,,,,,,,,
,,,,#398 Staraptor,,,,,Lv.41,,,#214 Heracross,,,,,Lv.41,,,#143 Snorlax,,,,,Lv.41,,,#184 Azumarill,,,,,Lv.41,,,#286 Breloom,,,,,Lv.41,,,#392 Infernape,,,,,Lv.42
,,,,,NORMAL,,,FLYING,,,,,BUG,,,FIGHTING,,,,,NORMAL,,,,,,,,WATER,,,FAIRY឵ ឵,,,,,GRASS,,,FIGHTING,,,,,FIRE,,,FIGHTING,
,,PKMN TRAINER BARRY [474],HP,Atk,Def,SpA,SpD,Spe,Total,,HP,Atk,Def,SpA,SpD,Spe,Total,,HP,Atk,Def,SpA,SpD,Spe,Total,,HP,Atk,Def,SpA,SpD,Spe,Total,,HP,Atk,Def,SpA,SpD,Spe,Total,,HP,Atk,Def,SpA,SpD,Spe,Total
,,(IF YOU CHOSE TURTWIG),85,120,70,50,60᠎,100,485᠎,,80,125,75,40,95,85,500,,160,110,65,65,110,30,540,,110᠎,50,80,80᠎,80,50,450᠎,,60,130,80,60,60,70,460,,76,104,71,104,71,109᠎,535᠎
,,Fights you when you walk to the door of the Pastoria Gym,,Muscle Band,,,Reckless (!),,,,,Coba Berry,,,Guts ឵,,,,,Leftovers,,,Thick Fat឵ ឵,,,,,Life Orb,,,Huge Power឵ ឵,,,,,Focus Sash,,,Technician (!),,,,,Sitrus Berry,,,Iron Fist (!),,
,,,"Modest (+SpA, -Atk)",,,,,,31 IV,,"Naive (+Spe, -SpD)",,,,,,31 IV,,"Brave (+Atk, -Spe)",,,,,,31 IV,,"Mild (+SpA, -Def)",,,,,,31 IV,,"Bold (+Def, -Atk)",,,,,,31 IV,,"Quiet (+SpA, -Spe)",,,,,,31 IV
,,,Double-Edge,,,,120,100%,15PP,,Megahorn,,,,120,85%,10PP,,Body Slam,,,,85,100%,15PP,,Aqua Tail,,,,90,90%,10PP,,Bullet Seed,,,,25᠎,100%,30PP,,Flamethrower,,,,90᠋,100%,15PP
,,,Close Combat,,,,120,100%,5PP,,Brick Break,,,,75,100%,15PP,,Crunch,,,,80,100%,15PP,,Play Rough (!),,,,90,90%,10PP,,Force Palm,,,,60,100%,10PP,,Close Combat,,,,120,100%,5PP
,,,Aerial Ace,,,,60,--,20PP,,Bullet Seed,,,,25᠎,100%,30PP,,Rest,,,,--,--,10PP,,Body Slam,,,,85,100%,15PP,,Spore,,,,--,100%,15PP,,Fake Out,,,,40,100%,10PP
,,,Roost,,,,--,--,10PP,,Night Slash,,,,70,100%,15PP,,Sleep Talk,,,,--,--,10PP,,Aqua Jet,,,,40,100%,20PP,,Rock Tomb,,,,60᠎,80%,15PP᠎,,Thunder Punch,,,,75,100%,15PP
,,,,,,,,,,,,,,,,,,,,,,,,,,,,,,,,,,,,,,,,,,,,,,,,,
,,,,,,,,,,,,,,,,,,,,,,,,,,,,,,,,,,,,,,,,,,,,,,,,,
,,,,,,,,,,,,,,,,,,,,,,,,,,,,,,,,,,,,,,,,,,,,,,,,,
,,,,#398 Staraptor,,,,,Lv.41,,,#214 Heracross,,,,,Lv.41,,,#143 Snorlax,,,,,Lv.41,,,#286 Breloom,,,,,Lv.41,,,#059 Arcanine,,,,,Lv.41,,,#395 Empoleon,,,,,Lv.42
,,,,,NORMAL,,,FLYING,,,,,BUG,,,FIGHTING,,,,,NORMAL,,,,,,,,GRASS,,,FIGHTING,,,,,FIRE,,,,,,,,WATER,,,STEEL,
,,PKMN TRAINER BARRY [475],HP,Atk,Def,SpA,SpD,Spe,Total,,HP,Atk,Def,SpA,SpD,Spe,Total,,HP,Atk,Def,SpA,SpD,Spe,Total,,HP,Atk,Def,SpA,SpD,Spe,Total,,HP,Atk,Def,SpA,SpD,Spe,Total,,HP,Atk,Def,SpA,SpD,Spe,Total
,,(IF YOU CHOSE CHIMCHAR),85,120,70,50,60᠎,100,485᠎,,80,125,75,40,95,85,500,,160,110,65,65,110,30,540,,60,130,80,60,60,70,460,,90,110,80,100,80,95,555,,84,86,88,116᠎,101,60,535᠎
,,Fights you when you walk to the door of the Pastoria Gym,,Muscle Band,,,Reckless (!),,,,,Coba Berry,,,Guts ឵,,,,,Leftovers,,,Thick Fat឵ ឵,,,,,Focus Sash,,,Technician (!),,,,,Expert Belt,,,Intimidate,,,,,Sitrus Berry,,,Torrent,,
,,,Hardy (Neutral),,,,,,31 IV,,Quirky (Neutral),,,,,,31 IV,,"Gentle (+SpD, -Def)",,,,,,31 IV,,"Bold (+Def, -Atk)",,,,,,31 IV,,"Modest (+SpA, -Atk)",,,,,,31 IV,,"Gentle (+SpD, -Def)",,,,,,31 IV
,,,Double-Edge,,,,120,100%,15PP,,Megahorn,,,,120,85%,10PP,,Body Slam,,,,85,100%,15PP,,Bullet Seed,,,,25᠎,100%,30PP,,Heat Wave,,,,95᠋,90%,10PP,,Scald (!),,,,80,100%,15PP
,,,Close Combat,,,,120,100%,5PP,,Brick Break,,,,75,100%,15PP,,Crunch,,,,80,100%,15PP,,Force Palm,,,,60,100%,10PP,,Thunder Fang,,,,65,95%,15PP,,Flash Cannon,,,,80,100%,10PP
,,,Aerial Ace,,,,60,--,20PP,,Bullet Seed,,,,25᠎,100%,30PP,,Rest,,,,--,--,10PP,,Spore,,,,--,100%,15PP,,Outrage,,,,120,100%,10PP᠋,,Agility,,,,--,--,30PP
,,,Roost,,,,--,--,10PP,,Night Slash,,,,70,100%,15PP,,Sleep Talk,,,,--,--,10PP,,Rock Tomb,,,,60᠎,80%,15PP᠎,,Crunch,,,,80,100%,15PP,,Swagger,,,,--,85%᠋,15PP
,,,,,,,,,,,,,,,,,,,,,,,,,,,,,,,,,,,,,,,,,,,,,,,,,
,,,,,,,,,,,,,,,,,,,,,,,,,,,,,,,,,,,,,,,,,,,,,,,,,
,,PASTORIA CITY GYM,,,,,,,,,,,,,,,,,,,,,,,,,,,,,,,,,,,,,,,,,,,,,,,
,,,,,,,,,,,,,,,,,,,,,,,,,,,,,,,,,,,,,,,,,,,,,,,,,
,,,,,,,,,,,,,,,,,,,,,,,,,,,,,,,,,,,,,,,,,,,,,,,,,
,,,,#340 Whiscash,,,,,Lv.39,,,#171 Lanturn,,,,,Lv.39,,,#119 Seaking,,,,,Lv.39,,,,,,,,,,,,,,,,,,,,,,,,
,,,,,WATER,,,GROUND,,,,,WATER,,,ELECTRIC,,,,,WATER,,,,,,,,,,,,,,,,,,,,,,,,,,,,
,,FISHERMAN WALTER [401],HP,Atk,Def,SpA,SpD,Spe,Total,,HP,Atk,Def,SpA,SpD,Spe,Total,,HP,Atk,Def,SpA,SpD,Spe,Total,,,,,,,,,,,,,,,,,,,,,,,,
,,Raining,110,78,73,76,71,60,468,,125,58,58,76,76,67,460,,80,122᠎,80᠎,45᠋,80,78᠎,485᠎,,,,,,,,,,,,,,,,,,,,,,,,
,,Fisherman standing on the platform in front of Wake. He's looking down,,No Item,,,Oblivious,,,,,No Item,,,Volt Absorb,,,,,No Item,,,Swift Swim,,,,,,,,,,,,,,,,,,,,,,,,,,
,,,"Careful (+SpD, -SpA)",,,,,,24 IV,,"Bold (+Def, -Atk)",,,,,,24 IV,,"Gentle (+SpD, -Def)",,,,,,24 IV,,,,,,,,,,,,,,,,,,,,,,,,
,,Only fights you when talked to,Earth Power,,,,90,100%,10PP,,Signal Beam,,,,75,100%,15PP,,Body Slam,,,,85,100%,15PP,,,,,,,,,,,,,,,,,,,,,,,,
,,,Thrash,,,,120᠎,100%,10PP᠋,,Discharge,,,,80,100%,15PP,,Aqua Tail,,,,90,90%,10PP,,,,,,,,,,,,,,,,,,,,,,,,
,,,Muddy Water,,,,90᠋,85%,10PP,,Flail,,,,--,100%,15PP,,Knock Off,,,,65᠎,100%,20PP,,,,,,,,,,,,,,,,,,,,,,,,
,,,Future Sight,,,,120᠎,100%᠎,10PP᠋,,Thunderbolt,,,,90᠋,100%,15PP,,Drill Run (!),,,,80,95%,10PP,,,,,,,,,,,,,,,,,,,,,,,,
,,,,,,,,,,,,,,,,,,,,,,,,,,,,,,,,,,,,,,,,,,,,,,,,,
,,,,,,,,,,,,,,,,,,,,,,,,,,,,,,,,,,,,,,,,,,,,,,,,,
,,,,,,,,,,,,,,,,,,,,,,,,,,,,,,,,,,,,,,,,,,,,,,,,,
,,,,#279 Pelipper,,,,,Lv.39,,,#159 Croconaw,,,,,Lv.39,,,#055 Golduck,,,,,Lv.39,,,,,,,,,,,,,,,,,,,,,,,,
,,,,,WATER,,,FLYING,,,,,WATER,,,,,,,,WATER,,,PSYCHIC ឵,,,,,,,,,,,,,,,,,,,,,,,,,
,,SAILOR DAMIAN [339],HP,Atk,Def,SpA,SpD,Spe,Total,,HP,Atk,Def,SpA,SpD,Spe,Total,,HP,Atk,Def,SpA,SpD,Spe,Total,,,,,,,,,,,,,,,,,,,,,,,,
,,Raining,60,50,110᠎,95᠎,80᠎,65,460᠎,,65,80,80,59,63,58,405,,80,82,78,95,80,85,500,,,,,,,,,,,,,,,,,,,,,,,,
,,Sailor looking down standing next to a blue button,,No Item,,,Drizzle (!),,,,,No Item,,,Intimidate (!),,,,,No Item,,,Damp,,,,,,,,,,,,,,,,,,,,,,,,,,
,,,"Rash (+SpA, -SpD)",,,,,,24 IV,,"Bold (+Def, -Atk)",,,,,,24 IV,,"Mild (+SpA, -Def)",,,,,,24 IV,,,,,,,,,,,,,,,,,,,,,,,,
,,,Spit Up,,,,--,100%,10PP,,Aqua Tail,,,,90,90%,10PP,,Aqua Tail,,,,90,90%,10PP,,,,,,,,,,,,,,,,,,,,,,,,
,,,Roost,,,,--,--,10PP,,Slash,,,,70,100%,20PP,,Power Gem,,,,80᠎,100%,20PP,,,,,,,,,,,,,,,,,,,,,,,,
,,,Air Slash,,,,75,95%,15PP᠋,,Night Slash,,,,70,100%,15PP,,Psychic,,,,90,100%,10PP,,,,,,,,,,,,,,,,,,,,,,,,
,,,Tailwind,,,,--,--,15PP᠋,,Screech,,,,--,85%,40PP,,Psych Up,,,,--,--,10PP,,,,,,,,,,,,,,,,,,,,,,,,
,,,,,,,,,,,,,,,,,,,,,,,,,,,,,,,,,,,,,,,,,,,,,,,,,
,,,,,,,,,,,,,,,,,,,,,,,,,,,,,,,,,,,,,,,,,,,,,,,,,
,,,,,,,,,,,,,,,,,,,,,,,,,,,,,,,,,,,,,,,,,,,,,,,,,
,,,,#400 Bibarel,,,,,Lv.39,,,#008 Wartortle,,,,,Lv.39,,,#364 Sealeo,,,,,Lv.39,,,,,,,,,,,,,,,,,,,,,,,,
,,,,,NORMAL,,,WATER,,,,,WATER,,,,,,,,ICE,,,WATER,,,,,,,,,,,,,,,,,,,,,,,,,
,,TUBER JACKY [497],HP,Atk,Def,SpA,SpD,Spe,Total,,HP,Atk,Def,SpA,SpD,Spe,Total,,HP,Atk,Def,SpA,SpD,Spe,Total,,,,,,,,,,,,,,,,,,,,,,,,
,,Raining,94᠎,100᠎,65᠎,55,65᠎,71,450᠎,,59,63,80,65,80,58,405,,90,60,70,75,70,45,410,,,,,,,,,,,,,,,,,,,,,,,,
,,Only boy tuber in the gym,,No Item,,,Simple,,,,,No Item,,,Rain Dish (!),,,,,No Item,,,Thick Fat,,,,,,,,,,,,,,,,,,,,,,,,,,
,,,"Lax (+Def, -SpD)",,,,,,24 IV,,"Brave (+Atk, -Spe)",,,,,,24 IV,,Hardy (Neutral),,,,,,24 IV,,,,,,,,,,,,,,,,,,,,,,,,
,,,Take Down,,,,90,85%,20PP,,Protect,,,,--,--,10PP,,Rest,,,,--,--,10PP,,,,,,,,,,,,,,,,,,,,,,,,
,,,Super Fang,,,,--,90%,10PP,,Muddy Water,,,,90᠋,85%,10PP,,Hail,,,,--,--,10PP,,,,,,,,,,,,,,,,,,,,,,,,
,,,Amnesia,,,,--,--,20PP,,Iron Defense,,,,--,--,15PP,,Ice Beam,,,,90᠋,100%,10PP,,,,,,,,,,,,,,,,,,,,,,,,
,,,Swords Dance,,,,--,--,20PP᠎,,Skull Bash,,,,130᠎,100%,10PP᠎,,Aqua Tail,,,,90,90%,10PP,,,,,,,,,,,,,,,,,,,,,,,,
,,,,,,,,,,,,,,,,,,,,,,,,,,,,,,,,,,,,,,,,,,,,,,,,,
,,,,,,,,,,,,,,,,,,,,,,,,,,,,,,,,,,,,,,,,,,,,,,,,,
,,,,,,,,,,,,,,,,,,,,,,,,,,,,,,,,,,,,,,,,,,,,,,,,,
,,,,#184 Azumarill,,,,,Lv.39,,,#259 Marshtomp,,,,,Lv.39,,,#087 Dewgong,,,,,Lv.39,,,,,,,,,,,,,,,,,,,,,,,,
,,,,,WATER,,,FAIRY឵ ឵,,,,,WATER,,,GROUND,,,,,WATER,,,ICE,,,,,,,,,,,,,,,,,,,,,,,,,
,,TUBER CAITLYN [498],HP,Atk,Def,SpA,SpD,Spe,Total,,HP,Atk,Def,SpA,SpD,Spe,Total,,HP,Atk,Def,SpA,SpD,Spe,Total,,,,,,,,,,,,,,,,,,,,,,,,
,,Raining,110᠎,50,80,80᠎,80,50,450᠎,,70,85,70,60,70,50,405,,90,80᠎,80,80᠎,95,70,495᠎,,,,,,,,,,,,,,,,,,,,,,,,
,,Only girl tuber in the gym,,No Item,,,Huge Power឵ ឵,,,,,No Item,,,Torrent,,,,,No Item,,,Thick Fat,,,,,,,,,,,,,,,,,,,,,,,,,,
,,,Bashful (Neutral),,,,,,24 IV,,"Jolly (+Spe, -SpA)",,,,,,24 IV,,"Adamant (+Atk, -SpA)",,,,,,24 IV,,,,,,,,,,,,,,,,,,,,,,,,
,,,Play Rough (!),,,,90,90%,10PP,,Aqua Tail,,,,90,90%,10PP,,Take Down,,,,90,85%,20PP,,,,,,,,,,,,,,,,,,,,,,,,
,,,Aqua Ring,,,,--,--,20PP,,Protect,,,,--,--,10PP,,Drill Run (!),,,,80,95%,10PP,,,,,,,,,,,,,,,,,,,,,,,,
,,,Rain Dance,,,,--,--,5PP,,Take Down,,,,90,85%,20PP,,Sheer Cold,,,,--,30%,5PP,,,,,,,,,,,,,,,,,,,,,,,,
,,,Belly Drum,,,,--,--,10PP,,Earthquake,,,,100,100%,10PP,,Safeguard,,,,--,--,25PP,,,,,,,,,,,,,,,,,,,,,,,,
,,,,,,,,,,,,,,,,,,,,,,,,,,,,,,,,,,,,,,,,,,,,,,,,,
,,,,,,,,,,,,,,,,,,,,,,,,,,,,,,,,,,,,,,,,,,,,,,,,,
,,,,,,,,,,,,,,,,,,,,,,,,,,,,,,,,,,,,,,,,,,,,,,,,,
,,,,#457 Lumineon,,,,,Lv.39,,,#073 Tentacruel,,,,,Lv.39,,,#099 Kingler,,,,,Lv.39,,,,,,,,,,,,,,,,,,,,,,,,
,,,,,WATER,,,,,,,,WATER,,,POISON,,,,,WATER,,,,,,,,,,,,,,,,,,,,,,,,,,,,
,,FISHERMAN ERICK [293],HP,Atk,Def,SpA,SpD,Spe,Total,,HP,Atk,Def,SpA,SpD,Spe,Total,,HP,Atk,Def,SpA,SpD,Spe,Total,,,,,,,,,,,,,,,,,,,,,,,,
,,Raining,70᠎,40᠋,75᠋,105᠎,90᠎,105᠎,485᠎,,80,70,65,80,120,100,515,,55,130,115,50,50,75,475,,,,,,,,,,,,,,,,,,,,,,,,
,,Fisherman standing on the rightmost platform. He's looking left,,No Item,,,Swift Swim,,,,,No Item,,,Clear Body,,,,,No Item,,,Hyper Cutter,,,,,,,,,,,,,,,,,,,,,,,,,,
,,,Quirky (Neutral),,,,,,24 IV,,"Jolly (+Spe, -SpA)",,,,,,24 IV,,"Bold (+Def, -Atk)",,,,,,24 IV,,,,,,,,,,,,,,,,,,,,,,,,
,,Only fights you when talked to,Safeguard,,,,--,--,25PP,,Barrier,,,,--,--,20PP᠋,,Hammer Arm,,,,100,90%,10PP,,,,,,,,,,,,,,,,,,,,,,,,
,,,Aqua Tail,,,,90,90%,10PP,,Poison Jab,,,,80,100%,20PP,,Knock Off,,,,65᠎,100%,20PP,,,,,,,,,,,,,,,,,,,,,,,,
,,,Silver Wind,,,,60,100%,5PP,,Muddy Water,,,,90᠋,85%,10PP,,Guillotine,,,,--,30%,5PP,,,,,,,,,,,,,,,,,,,,,,,,
,,,Aqua Ring,,,,--,--,20PP,,Sludge Bomb,,,,90,100%,10PP,,Slam,,,,80,75%,20PP,,,,,,,,,,,,,,,,,,,,,,,,
,,,,,,,,,,,,,,,,,,,,,,,,,,,,,,,,,,,,,,,,,,,,,,,,,
,,,,,,,,,,,,,,,,,,,,,,,,,,,,,,,,,,,,,,,,,,,,,,,,,
,,,,,,,,,,,,,,,,,,,,,,,,,,,,,,,,,,,,,,,,,,,,,,,,,
,,,,#080 Slowbro,,,,,Lv.39,,,#423 Gastrodon,,,,,Lv.39,,,#226 Mantine,,,,,Lv.39,,,,,,,,,,,,,,,,,,,,,,,,
,,,,,WATER,,,PSYCHIC,,,,,WATER,,,GROUND,,,,,WATER,,,FLYING,,,,,,,,,,,,,,,,,,,,,,,,,
,,SAILOR SAMSON [483],HP,Atk,Def,SpA,SpD,Spe,Total,,HP,Atk,Def,SpA,SpD,Spe,Total,,HP,Atk,Def,SpA,SpD,Spe,Total,,,,,,,,,,,,,,,,,,,,,,,,
,,Raining,95,75,110,100,80,30,490,,111,83,68,92,82,39,475,,85᠎,40,70,80,140,70,485᠎,,,,,,,,,,,,,,,,,,,,,,,,
,,Sailor looking left standing next to a blue button on the top left platform of the gym,,No Item,,,Oblivious,,,,,No Item,,,Sticky Hold,,,,,No Item,,,Swift Swim,,,,,,,,,,,,,,,,,,,,,,,,,,
,,,"Mild (+SpA, -Def)",,,,,,24 IV,,"Gentle (+SpD, -Def)",,,,,,24 IV,,Docile (Neutral),,,,,,24 IV,,,,,,,,,,,,,,,,,,,,,,,,
,,,Amnesia,,,,--,--,20PP,,Earth Power,,,,90,100%,10PP,,Agility,,,,--,--,30PP,,,,,,,,,,,,,,,,,,,,,,,,
,,,Withdraw,,,,--,--,40PP,,Sludge Bomb,,,,90,100%,10PP,,Air Slash,,,,75,95%,15PP᠋,,,,,,,,,,,,,,,,,,,,,,,,
,,,Psychic,,,,90,100%,10PP,,Muddy Water,,,,90᠋,85%,10PP,,Aqua Ring,,,,--,--,20PP,,,,,,,,,,,,,,,,,,,,,,,,
,,,Rain Dance,,,,--,--,5PP,,Body Slam,,,,85,100%,15PP,,Mirror Coat,,,,--,100%,20PP,,,,,,,,,,,,,,,,,,,,,,,,
,,,,,,,,,,,,,,,,,,,,,,,,,,,,,,,,,,,,,,,,,,,,,,,,,
,,,,,,,,,,,,,,,,,,,,,,,,,,,,,,,,,,,,,,,,,,,,,,,,,
,,,,,,,,,,,,,,,,,,,,,,,,,,,,,,,,,,,,,,,,,,,,,,,,,
,,,,#195 Quagsire,,,,,Lv.43,,,#130 Gyarados,,,,,Lv.43,,,#062 Poliwrath,,,,,Lv.43,,,#272 Ludicolo,,,,,Lv.43,,,#319 Sharpedo,,,,,Lv.43,,,#419 Floatzel,,,,,Lv.44
,,,,,WATER,,,GROUND,,,,,WATER,,,FLYING,,,,,WATER,,,FIGHTING,,,,,WATER,,,GRASS,,,,,WATER,,,DARK,,,,,WATER,,,,
,,GYM LEADER WAKE [316],HP,Atk,Def,SpA,SpD,Spe,Total,,HP,Atk,Def,SpA,SpD,Spe,Total,,HP,Atk,Def,SpA,SpD,Spe,Total,,HP,Atk,Def,SpA,SpD,Spe,Total,,HP,Atk,Def,SpA,SpD,Spe,Total,,HP,Atk,Def,SpA,SpD,Spe,Total
,,Raining,95,95᠎,95᠎,65,65,35,450᠎,,95,125,79,60,100,81,540,,90,95᠎,95,70,90,70,510᠎,,80,70,70,90,100,70,480,,70,120,40,95,40,95,460,,85,105,55,85,50,115,495
,,,,Rindo Berry,,,Water Absorb឵ ឵,,,,,Wacan Berry,,,Intimidate,,,,,Sitrus Berry,,,Water Absorb,,,,,Life Orb,,,Swift Swim,,,,,Focus Sash,,,Speed Boost (!),,,,,Life Orb,,,Swift Swim,,
,,can use : 2 HYPER POTIONS,"Adamant (+Atk, -SpA)",,,,,,30 IV,,"Jolly (+Spe, -SpA)",,,,,,30 IV,,"Careful (+SpD, -SpA)",,,,,,29 IV,,"Modest (+SpA, -Atk)",,,,,,29 IV,,"Naive (+Spe, -SpD)",,,,,,30 IV,,"Naive (+Spe, -SpD)",,,,,,30 IV
,,,Aqua Tail,,,,90,90%,10PP,,Aqua Tail,,,,90,90%,10PP,,Waterfall,,,,80,100%,15PP,,Hydro Pump,,,,110᠋,80%,5PP,,Waterfall,,,,80,100%,15PP,,Aqua Tail,,,,90,90%,10PP
,,,Earthquake,,,,100,100%,10PP,,Ice Fang,,,,65,95%,15PP,,Drain Punch,,,,75᠎,100%,10PP᠎,,Ice Beam,,,,90᠋,100%,10PP,,Crunch,,,,80,100%,15PP,,Crunch,,,,80,100%,15PP
,,,Recover,,,,--,--,10PP,,Crunch,,,,80,100%,15PP,,Ice Punch,,,,75,100%,15PP,,Energy Ball,,,,90᠎,100%,10PP,,Ice Fang,,,,65,95%,15PP,,Ice Punch,,,,75,100%,15PP
,,Gifts HM07 Waterfall when beaten,Ice Punch,,,,75,100%,15PP,,Dragon Dance,,,,--,--,20PP,,Hypnosis,,,,--,60%᠋,20PP,,Fake Out,,,,40,100%,10PP,,Zen Headbutt,,,,80,90%,15PP,,Aqua Jet,,,,40,100%,20PP